ISO-10303-21;
HEADER;
FILE_DESCRIPTION (( 'STEP AP214' ),
    '1' );
FILE_NAME ('XFMR-SMD_L7.5-W6.7-P2.54-LS7.7-BL.STEP',
    '2021-10-17T06:58:12',
    ( '' ),
    ( '' ),
    'SwSTEP 2.0',
    'SolidWorks 2018',
    '' );
FILE_SCHEMA (( 'AUTOMOTIVE_DESIGN' ));
ENDSEC;

DATA;
#1 = ORIENTED_EDGE ( 'NONE', *, *, #679, .F. ) ;
#2 = ORIENTED_EDGE ( 'NONE', *, *, #4923, .F. ) ;
#3 =( LENGTH_UNIT ( ) NAMED_UNIT ( * ) SI_UNIT ( .MILLI., .METRE. ) );
#4 = ORIENTED_EDGE ( 'NONE', *, *, #2731, .T. ) ;
#5 = COLOUR_RGB ( '',0.7960784313725489669, 0.8235294117647058432, 0.9372549019607843146 ) ;
#6 = UNCERTAINTY_MEASURE_WITH_UNIT (LENGTH_MEASURE( 1.000000000000000082E-05 ), #473, 'distance_accuracy_value', 'NONE');
#7 =( NAMED_UNIT ( * ) SI_UNIT ( $, .STERADIAN. ) SOLID_ANGLE_UNIT ( ) );
#8 = DIRECTION ( 'NONE',  ( 0.000000000000000000, -0.000000000000000000, -1.000000000000000000 ) ) ;
#9 =( GEOMETRIC_REPRESENTATION_CONTEXT ( 3 ) GLOBAL_UNCERTAINTY_ASSIGNED_CONTEXT ( ( #1931 ) ) GLOBAL_UNIT_ASSIGNED_CONTEXT ( ( #1902, #4555, #2948 ) ) REPRESENTATION_CONTEXT ( 'NONE', 'WORKASPACE' ) );
#10 = ORIENTED_EDGE ( 'NONE', *, *, #6558, .T. ) ;
#11 = CARTESIAN_POINT ( 'NONE',  ( -0.4316338945117954573, 0.04255571429766092512, 0.7999999999999998224 ) ) ;
#12 = CARTESIAN_POINT ( 'NONE',  ( -1.815384615384615596, 0.000000000000000000, 0.8000000000000000444 ) ) ;
#13 = ADVANCED_FACE ( 'NONE', ( #3809 ), #1370, .T. ) ;
#14 = DIRECTION ( 'NONE',  ( 1.000000000000000000, 0.000000000000000000, 0.000000000000000000 ) ) ;
#15 = ORIENTED_EDGE ( 'NONE', *, *, #4419, .F. ) ;
#16 = ORIENTED_EDGE ( 'NONE', *, *, #34, .F. ) ;
#17 = CARTESIAN_POINT ( 'NONE',  ( -0.3155000920109308216, 0.09059652774436213751, 0.7000000000000002887 ) ) ;
#18 = CARTESIAN_POINT ( 'NONE',  ( -1.268730534309124414, 0.3838134138604806789, 0.7000000000000000666 ) ) ;
#19 = ORIENTED_EDGE ( 'NONE', *, *, #1700, .F. ) ;
#20 = FILL_AREA_STYLE ('',( #38 ) ) ;
#21 = VECTOR ( 'NONE', #4629, 1000.000000000000000 ) ;
#22 = ORIENTED_EDGE ( 'NONE', *, *, #4844, .F. ) ;
#23 = FILL_AREA_STYLE_COLOUR ( '', #5421 ) ;
#24 = DIRECTION ( 'NONE',  ( 0.000000000000000000, -1.000000000000000000, 0.000000000000000000 ) ) ;
#25 = ORIENTED_EDGE ( 'NONE', *, *, #5255, .F. ) ;
#26 = CARTESIAN_POINT ( 'NONE',  ( -0.2410256410256410575, 0.04102564102564103254, 0.8000000000000000444 ) ) ;
#27 = EDGE_CURVE ( 'NONE', #2873, #461, #6550, .T. ) ;
#28 = CARTESIAN_POINT ( 'NONE',  ( 2.690000000000000391, -2.849999999999999645, -0.09999999999999996392 ) ) ;
#29 = CARTESIAN_POINT ( 'NONE',  ( -0.6134146716687778333, 0.01728019699155881883, 0.8000000000000001554 ) ) ;
#30 = UNCERTAINTY_MEASURE_WITH_UNIT (LENGTH_MEASURE( 1.000000000000000082E-05 ), #3918, 'distance_accuracy_value', 'NONE');
#31 = FILL_AREA_STYLE ('',( #3106 ) ) ;
#32 = DIRECTION ( 'NONE',  ( -1.000000000000000000, 0.000000000000000000, 0.000000000000000000 ) ) ;
#33 = EDGE_CURVE ( 'NONE', #5942, #5909, #6384, .T. ) ;
#34 = EDGE_CURVE ( 'NONE', #4158, #3957, #180, .T. ) ;
#35 = CARTESIAN_POINT ( 'NONE',  ( -1.296967984737156021, 0.3191836658906981872, 0.6999999999999999556 ) ) ;
#36 = CARTESIAN_POINT ( 'NONE',  ( -1.372305777316176201, 0.2744275977308017755, 0.7999999999999999334 ) ) ;
#37 = AXIS2_PLACEMENT_3D ( 'NONE', #4808, #5745, #4757 ) ;
#38 = FILL_AREA_STYLE_COLOUR ( '', #3118 ) ;
#39 = ADVANCED_FACE ( 'NONE', ( #2415 ), #1406, .T. ) ;
#40 = PRESENTATION_LAYER_ASSIGNMENT (  '', '', ( #5500 ) ) ;
#41 = CARTESIAN_POINT ( 'NONE',  ( -1.384401851633609182, 0.1802648342272089033, 0.8000000000000002665 ) ) ;
#42 = DIRECTION ( 'NONE',  ( -1.000000000000000000, -1.164243943608595441E-16, 0.000000000000000000 ) ) ;
#43 = SURFACE_STYLE_USAGE ( .BOTH. , #5708 ) ;
#44 =( NAMED_UNIT ( * ) PLANE_ANGLE_UNIT ( ) SI_UNIT ( $, .RADIAN. ) );
#45 =( LENGTH_UNIT ( ) NAMED_UNIT ( * ) SI_UNIT ( .MILLI., .METRE. ) );
#46 = EDGE_CURVE ( 'NONE', #2027, #438, #3067, .T. ) ;
#47 = DIRECTION ( 'NONE',  ( -5.049103251854120913E-32, 4.336808689942017736E-16, -1.000000000000000000 ) ) ;
#48 = STYLED_ITEM ( 'NONE', ( #1861 ), #4788 ) ;
#49 = VERTEX_POINT ( 'NONE', #6598 ) ;
#50 = PRESENTATION_STYLE_ASSIGNMENT (( #3408 ) ) ;
#51 = CARTESIAN_POINT ( 'NONE',  ( -0.3155000920109308216, 0.09059652774436213751, 0.8000000000000002665 ) ) ;
#52 = CARTESIAN_POINT ( 'NONE',  ( -3.024999999999998579, -3.425000000000000266, 2.700000000000000178 ) ) ;
#53 = LINE ( 'NONE', #6491, #1172 ) ;
#54 = LINE ( 'NONE', #105, #5396 ) ;
#55 = CARTESIAN_POINT ( 'NONE',  ( -0.5799745647495774259, 0.3979455622420680072, 0.7000000000000003997 ) ) ;
#56 = ORIENTED_EDGE ( 'NONE', *, *, #586, .T. ) ;
#57 = ADVANCED_FACE ( 'NONE', ( #5340 ), #2735, .T. ) ;
#58 = DIRECTION ( 'NONE',  ( 0.7970624896273539317, 0.6038968352533770068, 0.000000000000000000 ) ) ;
#59 = EDGE_CURVE ( 'NONE', #4585, #977, #3965, .T. ) ;
#60 = CYLINDRICAL_SURFACE ( 'NONE', #5182, 0.2000000000000000944 ) ;
#61 = ORIENTED_EDGE ( 'NONE', *, *, #5593, .F. ) ;
#62 = COLOUR_RGB ( '',0.1803921568627450955, 0.1803921568627450955, 0.1803921568627450955 ) ;
#63 = ORIENTED_EDGE ( 'NONE', *, *, #784, .T. ) ;
#64 = CARTESIAN_POINT ( 'NONE',  ( -1.383129929819975068, 0.1659058747291569103, 0.7000000000000003997 ) ) ;
#65 = LINE ( 'NONE', #3754, #1188 ) ;
#66 = LINE ( 'NONE', #5296, #1755 ) ;
#67 = DIRECTION ( 'NONE',  ( -1.164243943608595441E-16, 1.000000000000000000, 0.000000000000000000 ) ) ;
#68 = B_SPLINE_CURVE_WITH_KNOTS ( 'NONE', 3,
 ( #1095, #126, #3744, #4043, #4535, #3400, #1062, #4941, #2942, #3321, #3432, #4471, #6092, #2426, #5576, #427, #1701, #5842, #3949 ),
 .UNSPECIFIED., .F., .F.,
 ( 4, 1, 1, 1, 1, 1, 1, 1, 1, 1, 1, 1, 1, 1, 1, 1, 4 ),
 ( 0.000000000000000000, 0.06241450026327793887, 0.1233382314733143942, 0.1831245376921933066, 0.2417829946389429829, 0.3005788825509772555, 0.3596800748966264560, 0.4188816408500467547, 0.4795306644577834176, 0.5408505357600388308, 0.6023033958983804448, 0.6644632119464730646, 0.7278057226670121560, 0.7928948147812349134, 0.8596723283028315787, 0.9284644007334889038, 1.000000000000000000 ),
 .UNSPECIFIED. ) ;
#69 = EDGE_CURVE ( 'NONE', #1410, #5592, #4273, .T. ) ;
#70 = CARTESIAN_POINT ( 'NONE',  ( -0.6693518329063288252, 0.06386883100453978612, 0.7000000000000001776 ) ) ;
#71 = VERTEX_POINT ( 'NONE', #2064 ) ;
#72 = ORIENTED_EDGE ( 'NONE', *, *, #3888, .F. ) ;
#73 = ORIENTED_EDGE ( 'NONE', *, *, #5398, .F. ) ;
#74 = ADVANCED_FACE ( 'NONE', ( #6551 ), #5113, .T. ) ;
#75 = CARTESIAN_POINT ( 'NONE',  ( -0.9846153846153847811, 0.04102564102564103254, 0.8000000000000000444 ) ) ;
#76 = PRESENTATION_STYLE_ASSIGNMENT (( #5138 ) ) ;
#77 = FACE_OUTER_BOUND ( 'NONE', #3544, .T. ) ;
#78 = STYLED_ITEM ( 'NONE', ( #4759 ), #591 ) ;
#79 = COLOUR_RGB ( '',0.1803921568627450955, 0.1803921568627450955, 0.1803921568627450955 ) ;
#80 = EDGE_LOOP ( 'NONE', ( #1582, #571, #3132, #5569, #2638, #3137, #565, #16, #6290, #737 ) ) ;
#81 = VECTOR ( 'NONE', #1230, 1000.000000000000000 ) ;
#82 = PLANE ( 'NONE',  #6697 ) ;
#83 = CARTESIAN_POINT ( 'NONE',  ( -0.5987834790697843523, 0.05657415413726004511, 0.6999999999999998446 ) ) ;
#84 = CARTESIAN_POINT ( 'NONE',  ( -0.3707577821908382143, 0.02898661286587423877, 0.8000000000000000444 ) ) ;
#85 = EDGE_CURVE ( 'NONE', #5437, #1328, #6138, .T. ) ;
#86 = FACE_OUTER_BOUND ( 'NONE', #2379, .T. ) ;
#87 = CARTESIAN_POINT ( 'NONE',  ( -0.6346355158810372821, 0.3693543430750872436, 0.8000000000000001554 ) ) ;
#88 = EDGE_LOOP ( 'NONE', ( #568, #257, #3777, #3001, #3972, #5673, #5896, #5517 ) ) ;
#89 = CARTESIAN_POINT ( 'NONE',  ( -1.175754772868079501, 0.04158706727631122924, 0.8000000000000000444 ) ) ;
#90 = ORIENTED_EDGE ( 'NONE', *, *, #544, .F. ) ;
#91 = FACE_OUTER_BOUND ( 'NONE', #4011, .T. ) ;
#92 = VERTEX_POINT ( 'NONE', #3552 ) ;
#93 = CARTESIAN_POINT ( 'NONE',  ( -0.1499999999999995226, -3.149999999999999467, 0.6999999999999999556 ) ) ;
#94 = DIRECTION ( 'NONE',  ( 1.000000000000000000, 1.164243943608595441E-16, -0.000000000000000000 ) ) ;
#95 = AXIS2_PLACEMENT_3D ( 'NONE', #3622, #6274, #2588 ) ;
#96 = AXIS2_PLACEMENT_3D ( 'NONE', #2512, #3549, #469 ) ;
#97 = ORIENTED_EDGE ( 'NONE', *, *, #827, .T. ) ;
#98 = VERTEX_POINT ( 'NONE', #5685 ) ;
#99 = CARTESIAN_POINT ( 'NONE',  ( -0.5426369153956077662, -0.007365042946550651691, 0.6999999999999997335 ) ) ;
#100 = PRESENTATION_STYLE_ASSIGNMENT (( #2203 ) ) ;
#101 = VERTEX_POINT ( 'NONE', #512 ) ;
#102 = CARTESIAN_POINT ( 'NONE',  ( -0.1499999999999996059, -3.149999999999999911, 0.6999999999999998446 ) ) ;
#103 = CARTESIAN_POINT ( 'NONE',  ( -0.1500000000000003275, 3.050000000000000266, -0.2999999999999999334 ) ) ;
#104 = ORIENTED_EDGE ( 'NONE', *, *, #3525, .T. ) ;
#105 = CARTESIAN_POINT ( 'NONE',  ( 2.690000000000000391, -3.149999999999999911, 0.2000000000000003997 ) ) ;
#106 = SURFACE_STYLE_FILL_AREA ( #5111 ) ;
#107 = DIRECTION ( 'NONE',  ( -1.000000000000000000, 0.000000000000000000, 0.000000000000000000 ) ) ;
#108 =( LENGTH_UNIT ( ) NAMED_UNIT ( * ) SI_UNIT ( .MILLI., .METRE. ) );
#109 = CARTESIAN_POINT ( 'NONE',  ( 2.390000000000000568, -3.850000000000000089, -0.2999999999999998224 ) ) ;
#110 = EDGE_CURVE ( 'NONE', #2073, #5744, #4778, .T. ) ;
#111 =( NAMED_UNIT ( * ) SI_UNIT ( $, .STERADIAN. ) SOLID_ANGLE_UNIT ( ) );
#112 = ADVANCED_FACE ( 'NONE', ( #2014 ), #1975, .T. ) ;
#113 = LINE ( 'NONE', #5985, #1302 ) ;
#114 = DIRECTION ( 'NONE',  ( 0.000000000000000000, 5.421010862427523156E-16, -1.000000000000000000 ) ) ;
#115 = DIRECTION ( 'NONE',  ( 0.000000000000000000, -1.000000000000000000, -1.355252715606880789E-16 ) ) ;
#116 = SURFACE_STYLE_USAGE ( .BOTH. , #5707 ) ;
#117 = CARTESIAN_POINT ( 'NONE',  ( -0.3535862268739889402, 0.04323163416576940310, 0.6999999999999999556 ) ) ;
#118 = AXIS2_PLACEMENT_3D ( 'NONE', #2949, #3480, #4556 ) ;
#119 = CARTESIAN_POINT ( 'NONE',  ( -1.092307692307692424, 0.04102564102564103254, 0.6999999999999999556 ) ) ;
#120 = MECHANICAL_DESIGN_GEOMETRIC_PRESENTATION_REPRESENTATION (  '', ( #6480 ), #4742 ) ;
#121 = SURFACE_SIDE_STYLE ('',( #5845 ) ) ;
#122 = EDGE_CURVE ( 'NONE', #4785, #5638, #165, .T. ) ;
#123 = CARTESIAN_POINT ( 'NONE',  ( -0.9846153846153847811, 0.000000000000000000, 0.8000000000000000444 ) ) ;
#124 = CARTESIAN_POINT ( 'NONE',  ( -0.6455128205128205510, 0.09743589743589745056, 0.6999999999999999556 ) ) ;
#125 = DIRECTION ( 'NONE',  ( -1.000000000000000000, -1.164243943608595688E-16, 0.000000000000000000 ) ) ;
#126 = CARTESIAN_POINT ( 'NONE',  ( -1.256215343944339535, 0.05248781544752136735, 0.8000000000000000444 ) ) ;
#127 =( NAMED_UNIT ( * ) PLANE_ANGLE_UNIT ( ) SI_UNIT ( $, .RADIAN. ) );
#128 = CARTESIAN_POINT ( 'NONE',  ( 0.000000000000000000, 0.000000000000000000, 0.8000000000000000444 ) ) ;
#129 = AXIS2_PLACEMENT_3D ( 'NONE', #3229, #5289, #1713 ) ;
#130 = CARTESIAN_POINT ( 'NONE',  ( -1.138221153846153966, 0.04102564102564103254, 0.8000000000000000444 ) ) ;
#131 = COLOUR_RGB ( '',0.7960784313725489669, 0.8235294117647058432, 0.9372549019607843146 ) ;
#132 = ORIENTED_EDGE ( 'NONE', *, *, #5003, .T. ) ;
#133 = LINE ( 'NONE', #3269, #2625 ) ;
#134 = ORIENTED_EDGE ( 'NONE', *, *, #5914, .T. ) ;
#135 = FACE_OUTER_BOUND ( 'NONE', #2317, .T. ) ;
#136 = ADVANCED_FACE ( 'NONE', ( #239 ), #4605, .T. ) ;
#137 = EDGE_CURVE ( 'NONE', #1680, #5002, #1442, .T. ) ;
#138 = FILL_AREA_STYLE_COLOUR ( '', #671 ) ;
#139 = AXIS2_PLACEMENT_3D ( 'NONE', #3963, #4416, #5562 ) ;
#140 = LINE ( 'NONE', #431, #1256 ) ;
#141 = VECTOR ( 'NONE', #5320, 1000.000000000000000 ) ;
#142 = CARTESIAN_POINT ( 'NONE',  ( 2.389999999999999680, 3.850000000000000089, 1.626303258728256651E-16 ) ) ;
#143 = ORIENTED_EDGE ( 'NONE', *, *, #6343, .T. ) ;
#144 = CARTESIAN_POINT ( 'NONE',  ( -0.6154230973908146884, 0.06808248298382128805, 0.7000000000000001776 ) ) ;
#145 = CARTESIAN_POINT ( 'NONE',  ( -0.3893673654198945289, 0.01697096999902510811, 0.7999999999999999334 ) ) ;
#146 = SURFACE_STYLE_FILL_AREA ( #796 ) ;
#147 = CARTESIAN_POINT ( 'NONE',  ( -0.6616716916579301611, 0.3454389909975190687, 0.7000000000000000666 ) ) ;
#148 = ORIENTED_EDGE ( 'NONE', *, *, #5107, .T. ) ;
#149 = SURFACE_STYLE_FILL_AREA ( #2649 ) ;
#150 = ORIENTED_EDGE ( 'NONE', *, *, #1970, .F. ) ;
#151 = LINE ( 'NONE', #650, #1925 ) ;
#152 = CARTESIAN_POINT ( 'NONE',  ( -1.140602181503453272, 0.3589138227996540587, 0.8000000000000001554 ) ) ;
#153 = EDGE_CURVE ( 'NONE', #1447, #5831, #1858, .T. ) ;
#154 = LINE ( 'NONE', #863, #1426 ) ;
#155 = CARTESIAN_POINT ( 'NONE',  ( -2.690000000000000391, 3.849999999999999645, 1.626303258728256651E-16 ) ) ;
#156 = DIRECTION ( 'NONE',  ( 0.000000000000000000, -0.000000000000000000, 1.000000000000000000 ) ) ;
#157 = ORIENTED_EDGE ( 'NONE', *, *, #3309, .F. ) ;
#158 = ORIENTED_EDGE ( 'NONE', *, *, #6034, .T. ) ;
#159 = CARTESIAN_POINT ( 'NONE',  ( -0.3816044040591903830, 0.3274450752042553647, 0.8000000000000001554 ) ) ;
#160 = ORIENTED_EDGE ( 'NONE', *, *, #668, .F. ) ;
#161 = DIRECTION ( 'NONE',  ( 0.000000000000000000, -1.000000000000000000, 0.000000000000000000 ) ) ;
#162 = CARTESIAN_POINT ( 'NONE',  ( -0.5074275702026971313, -0.01020498638635794833, 0.8000000000000000444 ) ) ;
#163 = CARTESIAN_POINT ( 'NONE',  ( -2.390000000000000568, 3.349999999999999645, 0.2000000000000003997 ) ) ;
#164 = ORIENTED_EDGE ( 'NONE', *, *, #5693, .T. ) ;
#165 = LINE ( 'NONE', #6688, #2818 ) ;
#166 = AXIS2_PLACEMENT_3D ( 'NONE', #6457, #4400, #1362 ) ;
#167 =( NAMED_UNIT ( * ) PLANE_ANGLE_UNIT ( ) SI_UNIT ( $, .RADIAN. ) );
#168 =( NAMED_UNIT ( * ) PLANE_ANGLE_UNIT ( ) SI_UNIT ( $, .RADIAN. ) );
#169 = DIRECTION ( 'NONE',  ( 0.4189977888269744155, 0.9079872537420919931, 0.000000000000000000 ) ) ;
#170 = CARTESIAN_POINT ( 'NONE',  ( -0.4652883080053903941, -0.007899615432111430427, 0.7000000000000009548 ) ) ;
#171 = CARTESIAN_POINT ( 'NONE',  ( -0.3619665727957989687, 0.09119549527372365627, 0.7999999999999999334 ) ) ;
#172 = CARTESIAN_POINT ( 'NONE',  ( -0.1500000000000003553, 3.350000000000000089, 0.2000000000000003997 ) ) ;
#173 = ORIENTED_EDGE ( 'NONE', *, *, #137, .T. ) ;
#174 = FACE_OUTER_BOUND ( 'NONE', #3199, .T. ) ;
#175 = VERTEX_POINT ( 'NONE', #5283 ) ;
#176 = ADVANCED_FACE ( 'NONE', ( #5504 ), #6377, .T. ) ;
#177 = CARTESIAN_POINT ( 'NONE',  ( -0.4100458013956266301, 0.3466804915544969279, 0.7000000000000006217 ) ) ;
#178 = ORIENTED_EDGE ( 'NONE', *, *, #246, .T. ) ;
#179 = CARTESIAN_POINT ( 'NONE',  ( -1.230159136397883213, 0.002850995974456670568, 0.7000000000000003997 ) ) ;
#180 = LINE ( 'NONE', #4995, #3810 ) ;
#181 = CARTESIAN_POINT ( 'NONE',  ( -1.252564102564102777, 0.05120192307692308237, 0.8000000000000000444 ) ) ;
#182 = VERTEX_POINT ( 'NONE', #6232 ) ;
#183 =( GEOMETRIC_REPRESENTATION_CONTEXT ( 3 ) GLOBAL_UNCERTAINTY_ASSIGNED_CONTEXT ( ( #5767 ) ) GLOBAL_UNIT_ASSIGNED_CONTEXT ( ( #1057, #4695, #2582 ) ) REPRESENTATION_CONTEXT ( 'NONE', 'WORKASPACE' ) );
#184 = DIRECTION ( 'NONE',  ( -1.000000000000000000, -1.164243943608595441E-16, 0.000000000000000000 ) ) ;
#185 = STYLED_ITEM ( 'NONE', ( #744 ), #4223 ) ;
#186 = DIRECTION ( 'NONE',  ( -1.000000000000000000, 0.000000000000000000, 0.000000000000000000 ) ) ;
#187 = PRESENTATION_STYLE_ASSIGNMENT (( #1945 ) ) ;
#188 = FILL_AREA_STYLE ('',( #3623 ) ) ;
#189 = DIRECTION ( 'NONE',  ( -0.000000000000000000, -0.000000000000000000, -1.000000000000000000 ) ) ;
#190 = CARTESIAN_POINT ( 'NONE',  ( -2.389999999999999680, -3.150000000000000355, 0.2000000000000003997 ) ) ;
#191 = DIRECTION ( 'NONE',  ( 0.000000000000000000, -1.000000000000000000, 0.000000000000000000 ) ) ;
#192 = FACE_OUTER_BOUND ( 'NONE', #5777, .T. ) ;
#193 = CARTESIAN_POINT ( 'NONE',  ( -1.193507753120449877, 0.3563120778360293062, 0.7000000000000001776 ) ) ;
#194 = EDGE_CURVE ( 'NONE', #101, #227, #3060, .T. ) ;
#195 = UNCERTAINTY_MEASURE_WITH_UNIT (LENGTH_MEASURE( 1.000000000000000082E-05 ), #4668, 'distance_accuracy_value', 'NONE');
#196 = ADVANCED_FACE ( 'NONE', ( #5007 ), #3727, .T. ) ;
#197 = CARTESIAN_POINT ( 'NONE',  ( -1.120432692307692601, 0.3589743589743589758, 0.8000000000000000444 ) ) ;
#198 = CARTESIAN_POINT ( 'NONE',  ( -1.092307692307692424, 0.3589743589743589758, 0.8000000000000000444 ) ) ;
#199 = UNCERTAINTY_MEASURE_WITH_UNIT (LENGTH_MEASURE( 1.000000000000000082E-05 ), #613, 'distance_accuracy_value', 'NONE');
#200 = EDGE_CURVE ( 'NONE', #5701, #2488, #6131, .T. ) ;
#201 = CARTESIAN_POINT ( 'NONE',  ( -1.186273248311657591, 4.919957536582759457E-05, 0.7999999999999999334 ) ) ;
#202 = CARTESIAN_POINT ( 'NONE',  ( 0.1500000000000004385, -3.850000000000000089, 1.626303258728256651E-16 ) ) ;
#203 = CARTESIAN_POINT ( 'NONE',  ( 0.1500000000000003275, -3.050000000000000266, -0.09999999999999993616 ) ) ;
#204 = CARTESIAN_POINT ( 'NONE',  ( -3.024999999999999023, -3.521837929416000385E-16, 2.700000000000000178 ) ) ;
#205 =( GEOMETRIC_REPRESENTATION_CONTEXT ( 3 ) GLOBAL_UNCERTAINTY_ASSIGNED_CONTEXT ( ( #6 ) ) GLOBAL_UNIT_ASSIGNED_CONTEXT ( ( #473, #444, #6110 ) ) REPRESENTATION_CONTEXT ( 'NONE', 'WORKASPACE' ) );
#206 = ADVANCED_FACE ( 'NONE', ( #1678 ), #5259, .F. ) ;
#207 = EDGE_CURVE ( 'NONE', #98, #604, #4106, .T. ) ;
#208 = CARTESIAN_POINT ( 'NONE',  ( -1.776362179487179782, 0.000000000000000000, 0.8000000000000000444 ) ) ;
#209 = CARTESIAN_POINT ( 'NONE',  ( -0.1499999999999996059, -3.149999999999999911, 0.2000000000000003997 ) ) ;
#210 = CARTESIAN_POINT ( 'NONE',  ( -0.3732543912439684752, 0.3200563773325066919, 0.6999999999999999556 ) ) ;
#211 = SURFACE_STYLE_FILL_AREA ( #2983 ) ;
#212 = EDGE_LOOP ( 'NONE', ( #2594, #3528, #4359, #3311 ) ) ;
#213 = LINE ( 'NONE', #4505, #5548 ) ;
#214 = CARTESIAN_POINT ( 'NONE',  ( -0.3403315994926306987, 0.2759752716439228259, 0.7999999999999999334 ) ) ;
#215 = MECHANICAL_DESIGN_GEOMETRIC_PRESENTATION_REPRESENTATION (  '', ( #3237 ), #1151 ) ;
#216 = PRESENTATION_LAYER_ASSIGNMENT (  '', '', ( #6264 ) ) ;
#217 = VECTOR ( 'NONE', #2941, 1000.000000000000000 ) ;
#218 = CARTESIAN_POINT ( 'NONE',  ( 3.025000000000001243, 3.725000000000000089, 3.000000000000000000 ) ) ;
#219 = VERTEX_POINT ( 'NONE', #5731 ) ;
#220 = CARTESIAN_POINT ( 'NONE',  ( -1.382776819126121826, 0.2283995529464314944, 0.8000000000000003775 ) ) ;
#221 = CARTESIAN_POINT ( 'NONE',  ( -0.9846153846153847811, 0.000000000000000000, 0.8000000000000000444 ) ) ;
#222 = DIRECTION ( 'NONE',  ( -1.000000000000000000, -1.164243943608595441E-16, 0.000000000000000000 ) ) ;
#223 = EDGE_LOOP ( 'NONE', ( #2977, #2664, #6107, #4998 ) ) ;
#224 = COLOUR_RGB ( '',0.7960784313725489669, 0.8235294117647058432, 0.9372549019607843146 ) ;
#225 = SURFACE_STYLE_FILL_AREA ( #5991 ) ;
#226 = CARTESIAN_POINT ( 'NONE',  ( 3.025000000000002132, 1.043175853018396326, 0.2999999999999999889 ) ) ;
#227 = VERTEX_POINT ( 'NONE', #3147 ) ;
#228 = DIRECTION ( 'NONE',  ( -0.000000000000000000, -0.000000000000000000, -1.000000000000000000 ) ) ;
#229 = LINE ( 'NONE', #2910, #628 ) ;
#230 = DIRECTION ( 'NONE',  ( 0.000000000000000000, 1.000000000000000000, 0.000000000000000000 ) ) ;
#231 = EDGE_LOOP ( 'NONE', ( #2659, #702, #1579, #1779 ) ) ;
#232 = LINE ( 'NONE', #5260, #548 ) ;
#233 = SURFACE_SIDE_STYLE ('',( #1895 ) ) ;
#234 = CARTESIAN_POINT ( 'NONE',  ( -0.5026442307692308153, 0.03076923076923077441, 0.8000000000000000444 ) ) ;
#235 = ORIENTED_EDGE ( 'NONE', *, *, #3692, .F. ) ;
#236 = VECTOR ( 'NONE', #989, 1000.000000000000000 ) ;
#237 = DIRECTION ( 'NONE',  ( -0.000000000000000000, -0.000000000000000000, -1.000000000000000000 ) ) ;
#238 = ORIENTED_EDGE ( 'NONE', *, *, #6578, .F. ) ;
#239 = FACE_OUTER_BOUND ( 'NONE', #1453, .T. ) ;
#240 = CARTESIAN_POINT ( 'NONE',  ( -0.3582876187707474402, 0.3038270856679790577, 0.7999999999999999334 ) ) ;
#241 = CARTESIAN_POINT ( 'NONE',  ( -1.344978804620147406, 0.2353542239063887986, 0.7000000000000000666 ) ) ;
#242 = CIRCLE ( 'NONE', #3620, 0.2999999999999999334 ) ;
#243 = DIRECTION ( 'NONE',  ( 1.000000000000000000, 0.000000000000000000, 0.000000000000000000 ) ) ;
#244 = ORIENTED_EDGE ( 'NONE', *, *, #740, .F. ) ;
#245 = CARTESIAN_POINT ( 'NONE',  ( 3.025000000000002132, -3.425000000000000266, 0.7000000000000000666 ) ) ;
#246 = EDGE_CURVE ( 'NONE', #5173, #2703, #4932, .T. ) ;
#247 = VERTEX_POINT ( 'NONE', #1651 ) ;
#248 = CARTESIAN_POINT ( 'NONE',  ( 3.325000000000002398, -1.343175853018395260, 0.7000000000000002887 ) ) ;
#249 = CARTESIAN_POINT ( 'NONE',  ( -0.9846153846153847811, 0.3589743589743589758, 0.8000000000000000444 ) ) ;
#250 = ORIENTED_EDGE ( 'NONE', *, *, #266, .F. ) ;
#251 = ORIENTED_EDGE ( 'NONE', *, *, #4319, .F. ) ;
#252 = DIRECTION ( 'NONE',  ( 1.000000000000000000, 1.164243943608595441E-16, -0.000000000000000000 ) ) ;
#253 = ORIENTED_EDGE ( 'NONE', *, *, #4319, .T. ) ;
#254 = LINE ( 'NONE', #1533, #6568 ) ;
#255 = MECHANICAL_DESIGN_GEOMETRIC_PRESENTATION_REPRESENTATION (  '', ( #285 ), #5865 ) ;
#256 = CARTESIAN_POINT ( 'NONE',  ( -0.5024038461538462563, 0.4102564102564102977, 0.7000000000000000666 ) ) ;
#257 = ORIENTED_EDGE ( 'NONE', *, *, #2190, .T. ) ;
#258 = CARTESIAN_POINT ( 'NONE',  ( -1.232862531928289762, 0.3506563165919445724, 0.7000000000000000666 ) ) ;
#259 = MECHANICAL_DESIGN_GEOMETRIC_PRESENTATION_REPRESENTATION (  '', ( #809 ), #5199 ) ;
#260 = CARTESIAN_POINT ( 'NONE',  ( -2.690000000000000391, 3.849999999999999645, 1.626303258728256651E-16 ) ) ;
#261 = ORIENTED_EDGE ( 'NONE', *, *, #4728, .T. ) ;
#262 = CARTESIAN_POINT ( 'NONE',  ( -0.2410256410256410575, 0.000000000000000000, 0.6999999999999999556 ) ) ;
#263 = CARTESIAN_POINT ( 'NONE',  ( 2.389999999999999680, 3.350000000000000089, 0.2000000000000003997 ) ) ;
#264 =( NAMED_UNIT ( * ) PLANE_ANGLE_UNIT ( ) SI_UNIT ( $, .RADIAN. ) );
#265 = DIRECTION ( 'NONE',  ( -1.000000000000000000, -1.164243943608595688E-16, -0.000000000000000000 ) ) ;
#266 = EDGE_CURVE ( 'NONE', #4614, #3019, #5496, .T. ) ;
#267 = VECTOR ( 'NONE', #3981, 1000.000000000000000 ) ;
#268 = PLANE ( 'NONE',  #3774 ) ;
#269 = CARTESIAN_POINT ( 'NONE',  ( -1.342478005895350490, 0.1450182044544264526, 0.7000000000000002887 ) ) ;
#270 = CARTESIAN_POINT ( 'NONE',  ( -0.1500000000000003553, 3.149999999999999911, 0.6999999999999998446 ) ) ;
#271 = CARTESIAN_POINT ( 'NONE',  ( -1.717227564102564275, 0.1282051282051282215, 0.8000000000000000444 ) ) ;
#272 = CARTESIAN_POINT ( 'NONE',  ( -1.120432692307692601, 0.3589743589743589758, 0.8000000000000000444 ) ) ;
#273 = CARTESIAN_POINT ( 'NONE',  ( -0.6744733228757271437, 0.3298345615042309054, 0.6999999999999999556 ) ) ;
#274 = FILL_AREA_STYLE ('',( #5418 ) ) ;
#275 = CARTESIAN_POINT ( 'NONE',  ( -0.4961507364856381219, 0.3691846020867876055, 0.6999999999999999556 ) ) ;
#276 = EDGE_CURVE ( 'NONE', #1677, #5432, #5247, .T. ) ;
#277 = VERTEX_POINT ( 'NONE', #6299 ) ;
#278 = VERTEX_POINT ( 'NONE', #578 ) ;
#279 = DIRECTION ( 'NONE',  ( 0.000000000000000000, -0.000000000000000000, -1.000000000000000000 ) ) ;
#280 = CARTESIAN_POINT ( 'NONE',  ( -0.6154230973908146884, 0.06808248298382128805, 0.7000000000000001776 ) ) ;
#281 = CARTESIAN_POINT ( 'NONE',  ( -1.180368589743589824, 0.000000000000000000, 0.6999999999999999556 ) ) ;
#282 = VECTOR ( 'NONE', #2316, 1000.000000000000000 ) ;
#283 = DIRECTION ( 'NONE',  ( -1.000000000000000000, 0.000000000000000000, 0.000000000000000000 ) ) ;
#284 = ORIENTED_EDGE ( 'NONE', *, *, #2443, .F. ) ;
#285 = STYLED_ITEM ( 'NONE', ( #3456 ), #6681 ) ;
#286 = CARTESIAN_POINT ( 'NONE',  ( -1.334348848843054602, 0.1230620937260164804, 0.8000000000000002665 ) ) ;
#287 = VECTOR ( 'NONE', #1944, 1000.000000000000000 ) ;
#288 = DIRECTION ( 'NONE',  ( -1.355252715606879803E-16, 1.000000000000000000, 0.000000000000000000 ) ) ;
#289 = CARTESIAN_POINT ( 'NONE',  ( -0.7589743589743590535, 0.4000000000000000222, 0.8000000000000000444 ) ) ;
#290 = VERTEX_POINT ( 'NONE', #1135 ) ;
#291 = CARTESIAN_POINT ( 'NONE',  ( -1.384401851633609182, 0.1802648342272089033, 0.7000000000000001776 ) ) ;
#292 = EDGE_CURVE ( 'NONE', #6315, #5196, #5213, .T. ) ;
#293 = VECTOR ( 'NONE', #5271, 1000.000000000000000 ) ;
#294 = AXIS2_PLACEMENT_3D ( 'NONE', #2201, #5884, #3768 ) ;
#295 = ORIENTED_EDGE ( 'NONE', *, *, #3181, .T. ) ;
#296 = DIRECTION ( 'NONE',  ( -1.000000000000000000, 0.000000000000000000, 0.000000000000000000 ) ) ;
#297 = VECTOR ( 'NONE', #5297, 1000.000000000000000 ) ;
#298 = DIRECTION ( 'NONE',  ( 0.000000000000000000, 0.000000000000000000, -1.000000000000000000 ) ) ;
#299 = VERTEX_POINT ( 'NONE', #1679 ) ;
#300 = VECTOR ( 'NONE', #6079, 1000.000000000000000 ) ;
#301 = ORIENTED_EDGE ( 'NONE', *, *, #2834, .F. ) ;
#302 = CARTESIAN_POINT ( 'NONE',  ( -0.2410256410256410575, 0.04102564102564103254, 0.8000000000000000444 ) ) ;
#303 = STYLED_ITEM ( 'NONE', ( #1091 ), #1996 ) ;
#304 = STYLED_ITEM ( 'NONE', ( #6492 ), #4070 ) ;
#305 = CARTESIAN_POINT ( 'NONE',  ( -0.5812595195035172857, 0.04708097837694762838, 0.6999999999999998446 ) ) ;
#306 = SURFACE_SIDE_STYLE ('',( #2324 ) ) ;
#307 = VECTOR ( 'NONE', #1472, 1000.000000000000000 ) ;
#308 = ORIENTED_EDGE ( 'NONE', *, *, #3135, .T. ) ;
#309 = VERTEX_POINT ( 'NONE', #202 ) ;
#310 = CARTESIAN_POINT ( 'NONE',  ( -2.390000000000000568, 3.049999999999999822, -0.2999999999999999334 ) ) ;
#311 = LINE ( 'NONE', #6511, #1434 ) ;
#312 = FACE_OUTER_BOUND ( 'NONE', #5915, .T. ) ;
#313 = CARTESIAN_POINT ( 'NONE',  ( -1.348717948717949033, 0.1950320512820512830, 0.8000000000000000444 ) ) ;
#314 = LINE ( 'NONE', #3463, #5331 ) ;
#315 = EDGE_LOOP ( 'NONE', ( #5145, #3573, #3477, #5646, #421, #4405, #1006, #341 ) ) ;
#316 = CARTESIAN_POINT ( 'NONE',  ( 0.1500000000000003553, -3.350000000000000089, 3.794707603699265519E-16 ) ) ;
#317 = ORIENTED_EDGE ( 'NONE', *, *, #5572, .T. ) ;
#318 = CARTESIAN_POINT ( 'NONE',  ( -1.293585491601767057, 0.02151901644690180568, 0.7999999999999998224 ) ) ;
#319 = EDGE_CURVE ( 'NONE', #1109, #4585, #1522, .T. ) ;
#320 = COLOUR_RGB ( '',0.1803921568627450955, 0.1803921568627450955, 0.1803921568627450955 ) ;
#321 = CARTESIAN_POINT ( 'NONE',  ( 2.690000000000000391, -3.850000000000000089, 1.626303258728256651E-16 ) ) ;
#322 = FACE_OUTER_BOUND ( 'NONE', #928, .T. ) ;
#323 = CARTESIAN_POINT ( 'NONE',  ( -1.227298005409125148, 0.3945791966091301006, 0.6999999999999999556 ) ) ;
#324 = CARTESIAN_POINT ( 'NONE',  ( -0.6406748519897106364, 0.09212493567157035990, 0.8000000000000000444 ) ) ;
#325 = CARTESIAN_POINT ( 'NONE',  ( -0.5787696205331563926, 0.3538427498574875929, 0.6999999999999999556 ) ) ;
#326 = EDGE_LOOP ( 'NONE', ( #2655, #3786, #2082, #2163, #5190, #5166, #4294, #6038, #5089, #6398, #4571, #3652 ) ) ;
#327 = PRESENTATION_STYLE_ASSIGNMENT (( #5152 ) ) ;
#328 = VECTOR ( 'NONE', #5379, 1000.000000000000000 ) ;
#329 = EDGE_LOOP ( 'NONE', ( #3891, #1431, #1089, #5171, #2721, #892, #5738, #3824 ) ) ;
#330 = CARTESIAN_POINT ( 'NONE',  ( -0.3261420267984690979, 0.2340469173420355598, 0.8000000000000000444 ) ) ;
#331 = CARTESIAN_POINT ( 'NONE',  ( -0.5233719333879169877, 0.03134211103099672491, 0.6999999999999997335 ) ) ;
#332 = CARTESIAN_POINT ( 'NONE',  ( 0.1499999999999996059, 3.149999999999999911, 0.6999999999999998446 ) ) ;
#333 =( GEOMETRIC_REPRESENTATION_CONTEXT ( 3 ) GLOBAL_UNCERTAINTY_ASSIGNED_CONTEXT ( ( #2093 ) ) GLOBAL_UNIT_ASSIGNED_CONTEXT ( ( #4427, #1863, #4979 ) ) REPRESENTATION_CONTEXT ( 'NONE', 'WORKASPACE' ) );
#334 = MECHANICAL_DESIGN_GEOMETRIC_PRESENTATION_REPRESENTATION (  '', ( #4961 ), #5308 ) ;
#335 = PRESENTATION_STYLE_ASSIGNMENT (( #2606 ) ) ;
#336 = PLANE ( 'NONE',  #5018 ) ;
#337 = EDGE_LOOP ( 'NONE', ( #3081, #2633, #1099, #2727 ) ) ;
#338 =( NAMED_UNIT ( * ) PLANE_ANGLE_UNIT ( ) SI_UNIT ( $, .RADIAN. ) );
#339 = CARTESIAN_POINT ( 'NONE',  ( -1.186273248311657591, 4.919957536582759457E-05, 0.7000000000000002887 ) ) ;
#340 = EDGE_CURVE ( 'NONE', #6710, #5942, #5097, .T. ) ;
#341 = ORIENTED_EDGE ( 'NONE', *, *, #3516, .F. ) ;
#342 = CARTESIAN_POINT ( 'NONE',  ( 3.325000000000001066, 3.725000000000000089, 3.000000000000000000 ) ) ;
#343 = CARTESIAN_POINT ( 'NONE',  ( -0.5296802897849561820, -0.008990148643094029307, 0.8000000000000001554 ) ) ;
#344 = ORIENTED_EDGE ( 'NONE', *, *, #2556, .T. ) ;
#345 = FACE_OUTER_BOUND ( 'NONE', #3295, .T. ) ;
#346 = DIRECTION ( 'NONE',  ( 1.000000000000000000, 0.000000000000000000, 0.000000000000000000 ) ) ;
#347 = EDGE_LOOP ( 'NONE', ( #2880, #6458, #5582, #3156 ) ) ;
#348 = DIRECTION ( 'NONE',  ( 0.000000000000000000, -0.000000000000000000, -1.000000000000000000 ) ) ;
#349 = CARTESIAN_POINT ( 'NONE',  ( -0.5074380336228493382, 0.3690467959667322329, 0.8000000000000001554 ) ) ;
#350 = SURFACE_STYLE_USAGE ( .BOTH. , #3561 ) ;
#351 = CARTESIAN_POINT ( 'NONE',  ( -0.3298532269254325633, 0.1487890516493685644, 0.7000000000000000666 ) ) ;
#352 =( NAMED_UNIT ( * ) PLANE_ANGLE_UNIT ( ) SI_UNIT ( $, .RADIAN. ) );
#353 = LINE ( 'NONE', #5556, #3161 ) ;
#354 = AXIS2_PLACEMENT_3D ( 'NONE', #6328, #3231, #2209 ) ;
#355 = CARTESIAN_POINT ( 'NONE',  ( -0.3991803724333711223, 0.01173764898175506943, 0.8000000000000001554 ) ) ;
#356 = VECTOR ( 'NONE', #2656, 1000.000000000000000 ) ;
#357 = CARTESIAN_POINT ( 'NONE',  ( -1.277565476314040716, 0.3331040074392040418, 0.6999999999999998446 ) ) ;
#358 = CARTESIAN_POINT ( 'NONE',  ( -1.535897435897435992, 0.1282051282051282215, 0.6999999999999999556 ) ) ;
#359 = FILL_AREA_STYLE_COLOUR ( '', #1270 ) ;
#360 = DIRECTION ( 'NONE',  ( 1.000000000000000000, 0.000000000000000000, -0.000000000000000000 ) ) ;
#361 = CARTESIAN_POINT ( 'NONE',  ( -0.6769230769230770717, 0.07363782051282051488, 0.8000000000000000444 ) ) ;
#362 = CARTESIAN_POINT ( 'NONE',  ( 2.389999999999999680, 3.850000000000000089, -0.2999999999999998224 ) ) ;
#363 = CARTESIAN_POINT ( 'NONE',  ( -0.6082336866494912897, 0.3373853982001850382, 0.7999999999999999334 ) ) ;
#364 = FACE_OUTER_BOUND ( 'NONE', #1689, .T. ) ;
#365 = CARTESIAN_POINT ( 'NONE',  ( -0.9846153846153847811, 0.000000000000000000, 0.6999999999999999556 ) ) ;
#366 = CARTESIAN_POINT ( 'NONE',  ( -0.3988299090377885880, 0.3870678988900004835, 0.7000000000000000666 ) ) ;
#367 = SURFACE_STYLE_USAGE ( .BOTH. , #4390 ) ;
#368 = ADVANCED_FACE ( 'NONE', ( #1354 ), #3284, .T. ) ;
#369 = STYLED_ITEM ( 'NONE', ( #2245 ), #5722 ) ;
#370 = VECTOR ( 'NONE', #169, 1000.000000000000114 ) ;
#371 = DIRECTION ( 'NONE',  ( 0.000000000000000000, 0.000000000000000000, 1.000000000000000000 ) ) ;
#372 = PLANE ( 'NONE',  #118 ) ;
#373 = ORIENTED_EDGE ( 'NONE', *, *, #292, .F. ) ;
#374 = EDGE_CURVE ( 'NONE', #4289, #1977, #1193, .T. ) ;
#375 = FACE_OUTER_BOUND ( 'NONE', #5117, .T. ) ;
#376 =( NAMED_UNIT ( * ) PLANE_ANGLE_UNIT ( ) SI_UNIT ( $, .RADIAN. ) );
#377 = CIRCLE ( 'NONE', #510, 0.2999999999999999334 ) ;
#378 = CARTESIAN_POINT ( 'NONE',  ( -1.352911193550911051, 0.07818880144970048740, 0.8000000000000001554 ) ) ;
#379 = ORIENTED_EDGE ( 'NONE', *, *, #6074, .T. ) ;
#380 = EDGE_CURVE ( 'NONE', #6147, #625, #632, .T. ) ;
#381 = CARTESIAN_POINT ( 'NONE',  ( -0.4800214309976627014, 0.4097091478659776187, 0.7000000000000000666 ) ) ;
#382 = CARTESIAN_POINT ( 'NONE',  ( -2.390000000000000568, 3.149999999999999467, 0.6999999999999998446 ) ) ;
#383 = LINE ( 'NONE', #6326, #2231 ) ;
#384 = ORIENTED_EDGE ( 'NONE', *, *, #200, .T. ) ;
#385 = DIRECTION ( 'NONE',  ( 0.000000000000000000, -0.000000000000000000, -1.000000000000000000 ) ) ;
#386 = CARTESIAN_POINT ( 'NONE',  ( -0.6241969141583996183, 0.3249672673014806779, 0.6999999999999999556 ) ) ;
#387 = STYLED_ITEM ( 'NONE', ( #2877 ), #2628 ) ;
#388 = ORIENTED_EDGE ( 'NONE', *, *, #6310, .F. ) ;
#389 = ORIENTED_EDGE ( 'NONE', *, *, #5640, .F. ) ;
#390 =( NAMED_UNIT ( * ) PLANE_ANGLE_UNIT ( ) SI_UNIT ( $, .RADIAN. ) );
#391 = DIRECTION ( 'NONE',  ( -0.4283511191562785481, 0.9036123719369736351, 0.000000000000000000 ) ) ;
#392 = VECTOR ( 'NONE', #665, 1000.000000000000000 ) ;
#393 = DIRECTION ( 'NONE',  ( -1.000000000000000000, -1.164243943608595688E-16, -0.000000000000000000 ) ) ;
#394 = ORIENTED_EDGE ( 'NONE', *, *, #5183, .F. ) ;
#395 = PRESENTATION_STYLE_ASSIGNMENT (( #43 ) ) ;
#396 = ORIENTED_EDGE ( 'NONE', *, *, #5533, .F. ) ;
#397 = ORIENTED_EDGE ( 'NONE', *, *, #2861, .T. ) ;
#398 = AXIS2_PLACEMENT_3D ( 'NONE', #1805, #5924, #5972 ) ;
#399 = CARTESIAN_POINT ( 'NONE',  ( -1.348717948717949033, 0.1950320512820512830, 0.6999999999999999556 ) ) ;
#400 = DIRECTION ( 'NONE',  ( -0.000000000000000000, -0.000000000000000000, -1.000000000000000000 ) ) ;
#401 = SURFACE_STYLE_FILL_AREA ( #4234 ) ;
#402 = ORIENTED_EDGE ( 'NONE', *, *, #6303, .T. ) ;
#403 = DIRECTION ( 'NONE',  ( 0.000000000000000000, -1.000000000000000000, 0.000000000000000000 ) ) ;
#404 = CARTESIAN_POINT ( 'NONE',  ( -0.2906778569237533083, 0.2444483272507210758, 0.7000000000000001776 ) ) ;
#405 = UNCERTAINTY_MEASURE_WITH_UNIT (LENGTH_MEASURE( 1.000000000000000082E-05 ), #5222, 'distance_accuracy_value', 'NONE');
#406 = CARTESIAN_POINT ( 'NONE',  ( -3.024999999999998579, -1.343175853018395705, 0.2999999999999999889 ) ) ;
#407 = LINE ( 'NONE', #382, #2819 ) ;
#408 = DIRECTION ( 'NONE',  ( 1.000000000000000000, 0.000000000000000000, 0.000000000000000000 ) ) ;
#409 = DIRECTION ( 'NONE',  ( -0.000000000000000000, -1.000000000000000000, -0.000000000000000000 ) ) ;
#410 = CARTESIAN_POINT ( 'NONE',  ( -2.390000000000000568, 3.049999999999999822, -0.09999999999999993616 ) ) ;
#411 = EDGE_CURVE ( 'NONE', #1447, #1677, #2250, .T. ) ;
#412 = ORIENTED_EDGE ( 'NONE', *, *, #4698, .F. ) ;
#413 = SURFACE_SIDE_STYLE ('',( #3861 ) ) ;
#414 = ORIENTED_EDGE ( 'NONE', *, *, #3181, .F. ) ;
#415 = CARTESIAN_POINT ( 'NONE',  ( -0.3869585997044107106, 0.06761187549697660060, 0.8000000000000000444 ) ) ;
#416 =( NAMED_UNIT ( * ) SI_UNIT ( $, .STERADIAN. ) SOLID_ANGLE_UNIT ( ) );
#417 = FILL_AREA_STYLE ('',( #2034 ) ) ;
#418 = EDGE_LOOP ( 'NONE', ( #244, #5227, #2233, #786 ) ) ;
#419 = EDGE_CURVE ( 'NONE', #5412, #278, #620, .T. ) ;
#420 = ORIENTED_EDGE ( 'NONE', *, *, #3446, .F. ) ;
#421 = ORIENTED_EDGE ( 'NONE', *, *, #5871, .F. ) ;
#422 = CARTESIAN_POINT ( 'NONE',  ( 3.325000000000002842, -3.425000000000000266, 0.6999999999999999556 ) ) ;
#423 =( GEOMETRIC_REPRESENTATION_CONTEXT ( 3 ) GLOBAL_UNCERTAINTY_ASSIGNED_CONTEXT ( ( #1800 ) ) GLOBAL_UNIT_ASSIGNED_CONTEXT ( ( #747, #6469, #2847 ) ) REPRESENTATION_CONTEXT ( 'NONE', 'WORKASPACE' ) );
#424 = ORIENTED_EDGE ( 'NONE', *, *, #5410, .T. ) ;
#425 = PRESENTATION_STYLE_ASSIGNMENT (( #3025 ) ) ;
#426 = DIRECTION ( 'NONE',  ( 1.000000000000000000, 1.164243943608595441E-16, -0.000000000000000000 ) ) ;
#427 = CARTESIAN_POINT ( 'NONE',  ( -1.347264322710567397, 0.1690965212175804255, 0.8000000000000001554 ) ) ;
#428 = EDGE_CURVE ( 'NONE', #3478, #6600, #3716, .T. ) ;
#429 =( NAMED_UNIT ( * ) SI_UNIT ( $, .STERADIAN. ) SOLID_ANGLE_UNIT ( ) );
#430 = CARTESIAN_POINT ( 'NONE',  ( -1.555368589743590046, 0.1692307692307692679, 0.8000000000000000444 ) ) ;
#431 = CARTESIAN_POINT ( 'NONE',  ( 3.325000000000001954, 3.725000000000000977, 0.6999999999999999556 ) ) ;
#432 = CARTESIAN_POINT ( 'NONE',  ( -0.3232211309653693632, 0.1936872081260485323, 0.8000000000000000444 ) ) ;
#433 = AXIS2_PLACEMENT_3D ( 'NONE', #5955, #743, #3416 ) ;
#434 = STYLED_ITEM ( 'NONE', ( #6498 ), #3695 ) ;
#435 = CARTESIAN_POINT ( 'NONE',  ( -1.255382692088441221, 0.3438128728587397931, 0.8000000000000000444 ) ) ;
#436 =( NAMED_UNIT ( * ) SI_UNIT ( $, .STERADIAN. ) SOLID_ANGLE_UNIT ( ) );
#437 = ORIENTED_EDGE ( 'NONE', *, *, #1436, .T. ) ;
#438 = VERTEX_POINT ( 'NONE', #1885 ) ;
#439 = CARTESIAN_POINT ( 'NONE',  ( -1.056410256410256654, 0.000000000000000000, 0.8000000000000000444 ) ) ;
#440 = EDGE_CURVE ( 'NONE', #1197, #838, #6543, .T. ) ;
#441 = DIRECTION ( 'NONE',  ( 1.000000000000000000, 1.164243943608595441E-16, -0.000000000000000000 ) ) ;
#442 = VECTOR ( 'NONE', #1785, 1000.000000000000000 ) ;
#443 = DIRECTION ( 'NONE',  ( -0.000000000000000000, -0.000000000000000000, -1.000000000000000000 ) ) ;
#444 =( NAMED_UNIT ( * ) PLANE_ANGLE_UNIT ( ) SI_UNIT ( $, .RADIAN. ) );
#445 = DIRECTION ( 'NONE',  ( 1.164243943608595195E-16, -1.000000000000000000, -1.355252715606880789E-16 ) ) ;
#446 = EDGE_LOOP ( 'NONE', ( #6298, #4674, #3729, #2207 ) ) ;
#447 = CARTESIAN_POINT ( 'NONE',  ( 2.390000000000000124, -3.150000000000000355, 0.6999999999999999556 ) ) ;
#448 = CARTESIAN_POINT ( 'NONE',  ( -0.1499999999999995226, -3.850000000000000089, 1.626303258728256651E-16 ) ) ;
#449 = ORIENTED_EDGE ( 'NONE', *, *, #2282, .T. ) ;
#450 = CARTESIAN_POINT ( 'NONE',  ( -0.1500000000000002998, 2.849999999999999645, -0.09999999999999996392 ) ) ;
#451 = SURFACE_SIDE_STYLE ('',( #4327 ) ) ;
#452 = VECTOR ( 'NONE', #230, 1000.000000000000000 ) ;
#453 = ORIENTED_EDGE ( 'NONE', *, *, #5410, .F. ) ;
#454 = AXIS2_PLACEMENT_3D ( 'NONE', #1479, #491, #951 ) ;
#455 = CARTESIAN_POINT ( 'NONE',  ( 3.025000000000002132, 3.725000000000000089, 0.000000000000000000 ) ) ;
#456 = CARTESIAN_POINT ( 'NONE',  ( -1.341917811930005699, 0.2478088748085149895, 0.8000000000000000444 ) ) ;
#457 = FILL_AREA_STYLE ('',( #2905 ) ) ;
#458 = LINE ( 'NONE', #209, #6606 ) ;
#459 = CARTESIAN_POINT ( 'NONE',  ( -0.2906778569237533083, 0.2444483272507210758, 0.8000000000000002665 ) ) ;
#460 = EDGE_CURVE ( 'NONE', #3882, #6242, #5424, .T. ) ;
#461 = VERTEX_POINT ( 'NONE', #2855 ) ;
#462 = VECTOR ( 'NONE', #2299, 999.9999999999998863 ) ;
#463 = CARTESIAN_POINT ( 'NONE',  ( -0.5554119525116941736, 0.4048424330747723010, 0.7000000000000000666 ) ) ;
#464 = ORIENTED_EDGE ( 'NONE', *, *, #2097, .T. ) ;
#465 = CARTESIAN_POINT ( 'NONE',  ( -0.5909698187783485324, 0.3478469800156653302, 0.8000000000000001554 ) ) ;
#466 = SURFACE_STYLE_USAGE ( .BOTH. , #488 ) ;
#467 = ORIENTED_EDGE ( 'NONE', *, *, #601, .F. ) ;
#468 = VECTOR ( 'NONE', #1795, 1000.000000000000000 ) ;
#469 = DIRECTION ( 'NONE',  ( 1.000000000000000000, 1.164243943608595441E-16, 0.000000000000000000 ) ) ;
#470 = ORIENTED_EDGE ( 'NONE', *, *, #1446, .T. ) ;
#471 = CIRCLE ( 'NONE', #3474, 0.2999999999999999334 ) ;
#472 = ORIENTED_EDGE ( 'NONE', *, *, #3888, .T. ) ;
#473 =( LENGTH_UNIT ( ) NAMED_UNIT ( * ) SI_UNIT ( .MILLI., .METRE. ) );
#474 = MECHANICAL_DESIGN_GEOMETRIC_PRESENTATION_REPRESENTATION (  '', ( #4484 ), #4388 ) ;
#475 = CIRCLE ( 'NONE', #6390, 0.3107604898198177423 ) ;
#476 = MECHANICAL_DESIGN_GEOMETRIC_PRESENTATION_REPRESENTATION (  '', ( #1976 ), #1376 ) ;
#477 = DIRECTION ( 'NONE',  ( -0.000000000000000000, 0.000000000000000000, 1.000000000000000000 ) ) ;
#478 = ORIENTED_EDGE ( 'NONE', *, *, #1158, .F. ) ;
#479 = ORIENTED_EDGE ( 'NONE', *, *, #4676, .F. ) ;
#480 = ADVANCED_FACE ( 'NONE', ( #2405 ), #754, .F. ) ;
#481 = LINE ( 'NONE', #6667, #1771 ) ;
#482 = VECTOR ( 'NONE', #5140, 1000.000000000000000 ) ;
#483 = VERTEX_POINT ( 'NONE', #2367 ) ;
#484 = CARTESIAN_POINT ( 'NONE',  ( -1.255382692088441221, 0.3438128728587397931, 0.6999999999999999556 ) ) ;
#485 = CARTESIAN_POINT ( 'NONE',  ( -1.352839627527731459, 0.3149309541847812866, 0.7000000000000002887 ) ) ;
#486 = UNCERTAINTY_MEASURE_WITH_UNIT (LENGTH_MEASURE( 1.000000000000000082E-05 ), #2167, 'distance_accuracy_value', 'NONE');
#487 = CIRCLE ( 'NONE', #1775, 0.2000000000000000944 ) ;
#488 = SURFACE_SIDE_STYLE ('',( #6354 ) ) ;
#489 = ORIENTED_EDGE ( 'NONE', *, *, #993, .F. ) ;
#490 = UNCERTAINTY_MEASURE_WITH_UNIT (LENGTH_MEASURE( 1.000000000000000082E-05 ), #6313, 'distance_accuracy_value', 'NONE');
#491 = DIRECTION ( 'NONE',  ( -0.000000000000000000, -0.000000000000000000, -1.000000000000000000 ) ) ;
#492 = EDGE_CURVE ( 'NONE', #4926, #247, #3052, .T. ) ;
#493 = CARTESIAN_POINT ( 'NONE',  ( -2.689999999999999503, -3.050000000000000711, -0.3000000000000002109 ) ) ;
#494 = VERTEX_POINT ( 'NONE', #3944 ) ;
#495 = MECHANICAL_DESIGN_GEOMETRIC_PRESENTATION_REPRESENTATION (  '', ( #4301 ), #956 ) ;
#496 = EDGE_LOOP ( 'NONE', ( #5177, #849, #3557, #5402 ) ) ;
#497 = CARTESIAN_POINT ( 'NONE',  ( -0.3230769230769230949, 0.1995993589743589869, 0.8000000000000000444 ) ) ;
#498 = ORIENTED_EDGE ( 'NONE', *, *, #4378, .T. ) ;
#499 = SURFACE_SIDE_STYLE ('',( #552 ) ) ;
#500 = DIRECTION ( 'NONE',  ( 1.000000000000000000, 1.164243943608595441E-16, -0.000000000000000000 ) ) ;
#501 = FACE_OUTER_BOUND ( 'NONE', #5589, .T. ) ;
#502 = CARTESIAN_POINT ( 'NONE',  ( -0.5026442307692308153, 0.03076923076923077441, 0.8000000000000000444 ) ) ;
#503 = DIRECTION ( 'NONE',  ( 0.000000000000000000, 0.000000000000000000, 1.000000000000000000 ) ) ;
#504 = CARTESIAN_POINT ( 'NONE',  ( 3.025000000000002132, 1.343175853018396149, 0.000000000000000000 ) ) ;
#505 = AXIS2_PLACEMENT_3D ( 'NONE', #3890, #814, #1272 ) ;
#506 = CARTESIAN_POINT ( 'NONE',  ( -3.024999999999999467, 3.425000000000000266, 2.700000000000000178 ) ) ;
#507 = ADVANCED_FACE ( 'NONE', ( #3707 ), #2305, .T. ) ;
#508 = SURFACE_STYLE_FILL_AREA ( #2036 ) ;
#509 = DIRECTION ( 'NONE',  ( -0.000000000000000000, -0.000000000000000000, -1.000000000000000000 ) ) ;
#510 = AXIS2_PLACEMENT_3D ( 'NONE', #2831, #6517, #4978 ) ;
#511 = FILL_AREA_STYLE ('',( #2577 ) ) ;
#512 = CARTESIAN_POINT ( 'NONE',  ( -0.1499999999999995226, -3.850000000000000089, -0.2999999999999998224 ) ) ;
#513 =( LENGTH_UNIT ( ) NAMED_UNIT ( * ) SI_UNIT ( .MILLI., .METRE. ) );
#514 = DIRECTION ( 'NONE',  ( -6.018531076210113136E-32, 5.421010862427523156E-16, 1.000000000000000000 ) ) ;
#515 = PRESENTATION_LAYER_ASSIGNMENT (  '', '', ( #3991 ) ) ;
#516 = CARTESIAN_POINT ( 'NONE',  ( -1.243349358974359165, 0.3477564102564102977, 0.8000000000000000444 ) ) ;
#517 = PRESENTATION_LAYER_ASSIGNMENT (  '', '', ( #1588 ) ) ;
#518 = CARTESIAN_POINT ( 'NONE',  ( -0.2995545518980799460, 0.1248694577619789275, 0.8000000000000001554 ) ) ;
#519 = CARTESIAN_POINT ( 'NONE',  ( -1.372305777316176201, 0.2744275977308017755, 0.6999999999999999556 ) ) ;
#520 =( NAMED_UNIT ( * ) SI_UNIT ( $, .STERADIAN. ) SOLID_ANGLE_UNIT ( ) );
#521 = CARTESIAN_POINT ( 'NONE',  ( -1.338424514854325675, 0.05826300145765993255, 0.7999999999999999334 ) ) ;
#522 = DIRECTION ( 'NONE',  ( -1.820792981479296430E-16, 1.000000000000000000, 1.365594736109472323E-16 ) ) ;
#523 = EDGE_CURVE ( 'NONE', #2907, #290, #6454, .T. ) ;
#524 = LINE ( 'NONE', #493, #1904 ) ;
#525 = DIRECTION ( 'NONE',  ( 0.000000000000000000, 5.421010862427523156E-16, 1.000000000000000000 ) ) ;
#526 = ORIENTED_EDGE ( 'NONE', *, *, #2125, .T. ) ;
#527 = SURFACE_STYLE_FILL_AREA ( #3085 ) ;
#528 = LINE ( 'NONE', #6561, #5480 ) ;
#529 = EDGE_LOOP ( 'NONE', ( #5219, #4394, #1608, #6470 ) ) ;
#530 = EDGE_CURVE ( 'NONE', #494, #4100, #5413, .T. ) ;
#531 = CARTESIAN_POINT ( 'NONE',  ( -0.6611852023935999023, 0.05469492132179037264, 0.6999999999999999556 ) ) ;
#532 = VECTOR ( 'NONE', #4522, 1000.000000000000000 ) ;
#533 = ADVANCED_FACE ( 'NONE', ( #2162 ), #799, .F. ) ;
#534 = CARTESIAN_POINT ( 'NONE',  ( -1.555368589743590046, 0.1692307692307692679, 0.8000000000000000444 ) ) ;
#535 = COLOUR_RGB ( '',0.7960784313725489669, 0.8235294117647058432, 0.9372549019607843146 ) ;
#536 =( GEOMETRIC_REPRESENTATION_CONTEXT ( 3 ) GLOBAL_UNCERTAINTY_ASSIGNED_CONTEXT ( ( #6416 ) ) GLOBAL_UNIT_ASSIGNED_CONTEXT ( ( #108, #1665, #5249 ) ) REPRESENTATION_CONTEXT ( 'NONE', 'WORKASPACE' ) );
#537 = ORIENTED_EDGE ( 'NONE', *, *, #4211, .F. ) ;
#538 = AXIS2_PLACEMENT_3D ( 'NONE', #1527, #1498, #3086 ) ;
#539 = ORIENTED_EDGE ( 'NONE', *, *, #4965, .F. ) ;
#540 = CARTESIAN_POINT ( 'NONE',  ( -2.390000000000000568, 3.149999999999999467, 0.6999999999999999556 ) ) ;
#541 = CARTESIAN_POINT ( 'NONE',  ( -0.2939816681089791883, 0.1431583020180322019, 0.7000000000000000666 ) ) ;
#542 = CARTESIAN_POINT ( 'NONE',  ( -1.268730534309124414, 0.3838134138604806789, 0.8000000000000000444 ) ) ;
#543 = VECTOR ( 'NONE', #3215, 1000.000000000000000 ) ;
#544 = EDGE_CURVE ( 'NONE', #4101, #3189, #3302, .T. ) ;
#545 = CARTESIAN_POINT ( 'NONE',  ( -0.5426564117077689042, 0.4072556981962708877, 0.7000000000000007327 ) ) ;
#546 = EDGE_LOOP ( 'NONE', ( #2749, #2717, #6565, #384 ) ) ;
#547 = PRESENTATION_STYLE_ASSIGNMENT (( #2422 ) ) ;
#548 = VECTOR ( 'NONE', #2116, 1000.000000000000000 ) ;
#549 = CARTESIAN_POINT ( 'NONE',  ( -1.321946417784788830, 0.04137223683696550358, 0.8000000000000002665 ) ) ;
#550 = ORIENTED_EDGE ( 'NONE', *, *, #6212, .T. ) ;
#551 = EDGE_LOOP ( 'NONE', ( #4647, #1841, #642, #3145 ) ) ;
#552 = SURFACE_STYLE_FILL_AREA ( #2072 ) ;
#553 =( NAMED_UNIT ( * ) SI_UNIT ( $, .STERADIAN. ) SOLID_ANGLE_UNIT ( ) );
#554 = CARTESIAN_POINT ( 'NONE',  ( -1.249663158617887015, 0.05035951795270832837, 0.6999999999999999556 ) ) ;
#555 = CARTESIAN_POINT ( 'NONE',  ( -1.370491394664091755, 0.1129139051728350746, 0.7000000000000002887 ) ) ;
#556 = EDGE_LOOP ( 'NONE', ( #5643, #72, #6235, #2696 ) ) ;
#557 = DIRECTION ( 'NONE',  ( -0.000000000000000000, -0.000000000000000000, -1.000000000000000000 ) ) ;
#558 = AXIS2_PLACEMENT_3D ( 'NONE', #5987, #2410, #5558 ) ;
#559 = CARTESIAN_POINT ( 'NONE',  ( -2.354330708661414917, -2.731627296587916032, 2.900000000000000355 ) ) ;
#560 = PRESENTATION_LAYER_ASSIGNMENT (  '', '', ( #5116 ) ) ;
#561 = CARTESIAN_POINT ( 'NONE',  ( -0.6134146716687778333, 0.01728019699155881883, 0.6999999999999999556 ) ) ;
#562 = ADVANCED_FACE ( 'NONE', ( #5644 ), #336, .T. ) ;
#563 = FILL_AREA_STYLE ('',( #3673 ) ) ;
#564 = ORIENTED_EDGE ( 'NONE', *, *, #4464, .T. ) ;
#565 = ORIENTED_EDGE ( 'NONE', *, *, #2520, .T. ) ;
#566 = CARTESIAN_POINT ( 'NONE',  ( -1.247404098278138473, 0.3464276000314572279, 0.8000000000000000444 ) ) ;
#567 = CARTESIAN_POINT ( 'NONE',  ( -1.360352274322384147, 0.3020952910741361297, 0.7000000000000000666 ) ) ;
#568 = ORIENTED_EDGE ( 'NONE', *, *, #3206, .T. ) ;
#569 = CARTESIAN_POINT ( 'NONE',  ( -0.6744733228757271437, 0.3298345615042309054, 0.7000000000000003997 ) ) ;
#570 = ORIENTED_EDGE ( 'NONE', *, *, #492, .F. ) ;
#571 = ORIENTED_EDGE ( 'NONE', *, *, #2923, .T. ) ;
#572 = ADVANCED_FACE ( 'NONE', ( #1930 ), #4765, .T. ) ;
#573 = CARTESIAN_POINT ( 'NONE',  ( 3.025000000000001243, 3.725000000000000089, 3.000000000000000000 ) ) ;
#574 =( LENGTH_UNIT ( ) NAMED_UNIT ( * ) SI_UNIT ( .MILLI., .METRE. ) );
#575 = ORIENTED_EDGE ( 'NONE', *, *, #1794, .T. ) ;
#576 = CARTESIAN_POINT ( 'NONE',  ( -1.378419013490426837, 0.1385322437134763884, 0.8000000000000000444 ) ) ;
#577 = FACE_OUTER_BOUND ( 'NONE', #5971, .T. ) ;
#578 = CARTESIAN_POINT ( 'NONE',  ( -0.3230769230769230949, 0.1995993589743589869, 0.8000000000000000444 ) ) ;
#579 = FILL_AREA_STYLE_COLOUR ( '', #1839 ) ;
#580 = B_SPLINE_CURVE_WITH_KNOTS ( 'NONE', 3,
 ( #4933, #4907, #291, #4217, #3601, #781, #6488, #589, #3149, #1443, #6054, #4452, #3357, #5928, #1812, #3430, #1883, #2391, #4397, #3919, #4922, #5511, #5996, #1326, #2871, #6500, #281 ),
 .UNSPECIFIED., .F., .F.,
 ( 4, 1, 1, 1, 1, 1, 1, 1, 1, 1, 1, 1, 1, 1, 1, 1, 1, 1, 1, 1, 1, 1, 1, 1, 4 ),
 ( 0.000000000000000000, 0.04608068338724800178, 0.09080679960761624259, 0.1342952705290696991, 0.1770243856662441773, 0.2188227336826556457, 0.2602441163273735980, 0.3010798671134451432, 0.3416138942851569271, 0.3815834185517459898, 0.4201195913296165152, 0.4580746185423134609, 0.4947384876076563742, 0.5311946228937135528, 0.5669336984503784427, 0.6027126507379957365, 0.6383266061284351700, 0.6748532488548240060, 0.7134673707840597512, 0.7544418038483806654, 0.7978153607124988111, 0.8439894562081102780, 0.8930715698796480861, 0.9449633461781439259, 1.000000000000000000 ),
 .UNSPECIFIED. ) ;
#581 = AXIS2_PLACEMENT_3D ( 'NONE', #3887, #1358, #1969 ) ;
#582 = SURFACE_SIDE_STYLE ('',( #2339 ) ) ;
#583 =( LENGTH_UNIT ( ) NAMED_UNIT ( * ) SI_UNIT ( .MILLI., .METRE. ) );
#584 = LINE ( 'NONE', #2312, #3589 ) ;
#585 = CARTESIAN_POINT ( 'NONE',  ( -2.690000000000000391, 2.849999999999999645, 0.6999999999999999556 ) ) ;
#586 = EDGE_CURVE ( 'NONE', #2482, #4085, #3548, .T. ) ;
#587 = CARTESIAN_POINT ( 'NONE',  ( -0.4985824820065922203, -0.01022646825003434290, 0.7000000000000010658 ) ) ;
#588 = CARTESIAN_POINT ( 'NONE',  ( -3.324999999999998401, -3.725000000000000089, 3.000000000000000000 ) ) ;
#589 = CARTESIAN_POINT ( 'NONE',  ( -1.370491394664091755, 0.1129139051728350746, 0.6999999999999998446 ) ) ;
#590 = CARTESIAN_POINT ( 'NONE',  ( -0.6531046655396223199, 0.3539187162516532204, 0.7000000000000007327 ) ) ;
#591 = ADVANCED_FACE ( 'NONE', ( #2718 ), #3971, .T. ) ;
#592 = CARTESIAN_POINT ( 'NONE',  ( -1.239994942246168685, 0.3486840020131321549, 0.8000000000000000444 ) ) ;
#593 = AXIS2_PLACEMENT_3D ( 'NONE', #585, #1534, #1041 ) ;
#594 = CARTESIAN_POINT ( 'NONE',  ( -1.348717948717949033, 0.1950320512820512830, 0.6999999999999999556 ) ) ;
#595 = VERTEX_POINT ( 'NONE', #4059 ) ;
#596 = DIRECTION ( 'NONE',  ( 0.000000000000000000, -0.000000000000000000, -1.000000000000000000 ) ) ;
#597 = CARTESIAN_POINT ( 'NONE',  ( 2.389999999999999680, 3.850000000000000089, 1.626303258728256651E-16 ) ) ;
#598 = UNCERTAINTY_MEASURE_WITH_UNIT (LENGTH_MEASURE( 1.000000000000000082E-05 ), #6089, 'distance_accuracy_value', 'NONE');
#599 = CARTESIAN_POINT ( 'NONE',  ( -0.5296802897849561820, -0.008990148643094029307, 0.6999999999999999556 ) ) ;
#600 = ADVANCED_FACE ( 'NONE', ( #4586 ), #1383, .F. ) ;
#601 = EDGE_CURVE ( 'NONE', #595, #4101, #6279, .T. ) ;
#602 = DIRECTION ( 'NONE',  ( 1.000000000000000000, 1.164243943608595441E-16, -0.000000000000000000 ) ) ;
#603 = PRESENTATION_LAYER_ASSIGNMENT (  '', '', ( #1634 ) ) ;
#604 = VERTEX_POINT ( 'NONE', #5170 ) ;
#605 = PRESENTATION_STYLE_ASSIGNMENT (( #1558 ) ) ;
#606 = CARTESIAN_POINT ( 'NONE',  ( -1.627804487179487447, 0.3220352564102564319, 0.8000000000000000444 ) ) ;
#607 = FILL_AREA_STYLE_COLOUR ( '', #3136 ) ;
#608 = DIRECTION ( 'NONE',  ( 1.000000000000000000, 0.000000000000000000, -0.000000000000000000 ) ) ;
#609 = CARTESIAN_POINT ( 'NONE',  ( -0.3620037726279788926, 0.03584116165106802226, 0.7000000000000010658 ) ) ;
#610 = CARTESIAN_POINT ( 'NONE',  ( -0.3232211309653693632, 0.1936872081260485323, 0.8000000000000000444 ) ) ;
#611 = CARTESIAN_POINT ( 'NONE',  ( -0.6246395320287330133, 0.3762452922755938900, 0.7999999999999997113 ) ) ;
#612 = ORIENTED_EDGE ( 'NONE', *, *, #523, .T. ) ;
#613 =( LENGTH_UNIT ( ) NAMED_UNIT ( * ) SI_UNIT ( .MILLI., .METRE. ) );
#614 = EDGE_CURVE ( 'NONE', #604, #1328, #2393, .T. ) ;
#615 = VERTEX_POINT ( 'NONE', #4117 ) ;
#616 = ORIENTED_EDGE ( 'NONE', *, *, #1366, .T. ) ;
#617 = AXIS2_PLACEMENT_3D ( 'NONE', #5762, #647, #6267 ) ;
#618 = VECTOR ( 'NONE', #514, 1000.000000000000000 ) ;
#619 = DIRECTION ( 'NONE',  ( -0.000000000000000000, -0.000000000000000000, -1.000000000000000000 ) ) ;
#620 = B_SPLINE_CURVE_WITH_KNOTS ( 'NONE', 3,
 ( #1745, #1155, #1249, #5862, #1704, #5889, #4887, #2290, #3243, #2219, #670, #5911, #159, #2808, #6365, #3773, #5335, #6430, #5843, #2742, #3261, #1207, #1722, #3454, #6482, #3410, #4946 ),
 .UNSPECIFIED., .F., .F.,
 ( 4, 1, 1, 1, 1, 1, 1, 1, 1, 1, 1, 1, 1, 1, 1, 1, 1, 1, 1, 1, 1, 1, 1, 1, 4 ),
 ( 0.000000000000000000, 0.04395490890619430102, 0.08750187479760462850, 0.1304626267314902832, 0.1727520205665172559, 0.2154030673796033246, 0.2576498297432394669, 0.3001527489572938245, 0.3431214895020865963, 0.3859251632064335524, 0.4276857274028016409, 0.4688179504865898073, 0.5094918001549957332, 0.5498830310733487936, 0.5899800229668862306, 0.6304052300068399006, 0.6708686260826384196, 0.7113839438381757141, 0.7516272580635842138, 0.7917755768651915105, 0.8324589188037424536, 0.8733190450172881869, 0.9145429556263491300, 0.9569235582098846171, 1.000000000000000000 ),
 .UNSPECIFIED. ) ;
#621 = CIRCLE ( 'NONE', #6252, 0.2999999999999999334 ) ;
#622 = FILL_AREA_STYLE_COLOUR ( '', #646 ) ;
#623 = EDGE_LOOP ( 'NONE', ( #5658, #2407, #881, #97 ) ) ;
#624 = ADVANCED_FACE ( 'NONE', ( #5322 ), #2524, .F. ) ;
#625 = VERTEX_POINT ( 'NONE', #987 ) ;
#626 = SURFACE_STYLE_USAGE ( .BOTH. , #121 ) ;
#627 = ORIENTED_EDGE ( 'NONE', *, *, #4564, .F. ) ;
#628 = VECTOR ( 'NONE', #4814, 1000.000000000000000 ) ;
#629 = AXIS2_PLACEMENT_3D ( 'NONE', #4914, #5347, #4315 ) ;
#630 = PLANE ( 'NONE',  #129 ) ;
#631 = VERTEX_POINT ( 'NONE', #1555 ) ;
#632 = LINE ( 'NONE', #4838, #5334 ) ;
#633 =( NAMED_UNIT ( * ) SI_UNIT ( $, .STERADIAN. ) SOLID_ANGLE_UNIT ( ) );
#634 =( NAMED_UNIT ( * ) PLANE_ANGLE_UNIT ( ) SI_UNIT ( $, .RADIAN. ) );
#635 = CARTESIAN_POINT ( 'NONE',  ( -0.5028846153846155964, -0.01025641025641025987, 0.7000000000000010658 ) ) ;
#636 = DIRECTION ( 'NONE',  ( 1.000000000000000000, 1.164243943608595441E-16, -0.000000000000000000 ) ) ;
#637 = EDGE_CURVE ( 'NONE', #2396, #4289, #5403, .T. ) ;
#638 = PRESENTATION_LAYER_ASSIGNMENT (  '', '', ( #5620 ) ) ;
#639 = CARTESIAN_POINT ( 'NONE',  ( -0.1500000000000003553, 3.350000000000000089, 3.523657060577889411E-16 ) ) ;
#640 = COLOUR_RGB ( '',0.7960784313725489669, 0.8235294117647058432, 0.9372549019607843146 ) ;
#641 = ADVANCED_FACE ( 'NONE', ( #926 ), #1994, .T. ) ;
#642 = ORIENTED_EDGE ( 'NONE', *, *, #530, .F. ) ;
#643 = VECTOR ( 'NONE', #94, 1000.000000000000000 ) ;
#644 = CARTESIAN_POINT ( 'NONE',  ( -1.243349358974359165, 0.3477564102564102977, 0.6999999999999999556 ) ) ;
#645 = CARTESIAN_POINT ( 'NONE',  ( -1.249663158617887015, 0.05035951795270832837, 0.8000000000000000444 ) ) ;
#646 = COLOUR_RGB ( '',0.7960784313725489669, 0.8235294117647058432, 0.9372549019607843146 ) ;
#647 = DIRECTION ( 'NONE',  ( -1.000000000000000000, -1.164243943608595441E-16, 0.000000000000000000 ) ) ;
#648 = CARTESIAN_POINT ( 'NONE',  ( -1.192426703893319395, 0.04236900299097510342, 0.8000000000000001554 ) ) ;
#649 = MECHANICAL_DESIGN_GEOMETRIC_PRESENTATION_REPRESENTATION (  '', ( #303 ), #1809 ) ;
#650 = CARTESIAN_POINT ( 'NONE',  ( -2.690000000000000391, 3.049999999999999822, -0.2999999999999999334 ) ) ;
#651 = MECHANICAL_DESIGN_GEOMETRIC_PRESENTATION_REPRESENTATION (  '', ( #1114 ), #6097 ) ;
#652 = CARTESIAN_POINT ( 'NONE',  ( -1.717227564102564275, 0.1282051282051282215, 0.8000000000000000444 ) ) ;
#653 = PLANE ( 'NONE',  #1112 ) ;
#654 = EDGE_LOOP ( 'NONE', ( #718, #3929, #537, #73, #5242, #19, #1177, #4046 ) ) ;
#655 = B_SPLINE_SURFACE_WITH_KNOTS ( 'NONE', 3, 1, ( 
 ( #2485, #4168 ),
 ( #3654, #4616 ),
 ( #2037, #3112 ),
 ( #51, #17 ),
 ( #5660, #2016 ),
 ( #518, #1066 ),
 ( #4709, #541 ),
 ( #3629, #5718 ),
 ( #2544, #1025 ),
 ( #5633, #5141 ),
 ( #4132, #2521 ) ),
 .UNSPECIFIED., .F., .F., .F.,
 ( 4, 1, 1, 1, 1, 1, 1, 1, 4 ),
 ( 2, 2 ),
 ( 0.000000000000000000, 0.1243285095938499729, 0.2471560163611867256, 0.3687797492913394981, 0.4907338624016480133, 0.6136137718478437142, 0.7389575757222155428, 0.8673105751912625339, 1.000000000000000000 ),
 ( 0.000000000000000000, 1.000000000000000000 ),
 .UNSPECIFIED. ) ;
#656 = DIRECTION ( 'NONE',  ( 1.000000000000000000, 1.164243943608595441E-16, 0.000000000000000000 ) ) ;
#657 = VERTEX_POINT ( 'NONE', #6245 ) ;
#658 = DIRECTION ( 'NONE',  ( 1.000000000000000000, 1.164243943608595688E-16, -0.000000000000000000 ) ) ;
#659 = CARTESIAN_POINT ( 'NONE',  ( -0.3535862268739889402, 0.04323163416576940310, 0.7000000000000009548 ) ) ;
#660 = CARTESIAN_POINT ( 'NONE',  ( -0.3738836493056407195, 0.07887058695961618460, 0.8000000000000001554 ) ) ;
#661 = EDGE_CURVE ( 'NONE', #1919, #1523, #3380, .T. ) ;
#662 = CARTESIAN_POINT ( 'NONE',  ( -0.6141188099131608125, 0.3825785063951715470, 0.7000000000000005107 ) ) ;
#663 = ADVANCED_FACE ( 'NONE', ( #2632 ), #4969, .T. ) ;
#664 = LINE ( 'NONE', #1819, #267 ) ;
#665 = DIRECTION ( 'NONE',  ( -0.000000000000000000, -0.000000000000000000, -1.000000000000000000 ) ) ;
#666 = UNCERTAINTY_MEASURE_WITH_UNIT (LENGTH_MEASURE( 1.000000000000000082E-05 ), #3143, 'distance_accuracy_value', 'NONE');
#667 = FILL_AREA_STYLE ('',( #6427 ) ) ;
#668 = EDGE_CURVE ( 'NONE', #5654, #5474, #3943, .T. ) ;
#669 = CARTESIAN_POINT ( 'NONE',  ( -1.312995065719942955, 0.03400172079729321672, 0.7999999999999998224 ) ) ;
#670 = CARTESIAN_POINT ( 'NONE',  ( -0.4000138915675912621, 0.3407802121552616637, 0.8000000000000002665 ) ) ;
#671 = COLOUR_RGB ( '',0.7960784313725489669, 0.8235294117647058432, 0.9372549019607843146 ) ;
#672 = CARTESIAN_POINT ( 'NONE',  ( -0.5028846153846154854, -0.01025641025641025814, 0.6999999999999999556 ) ) ;
#673 = AXIS2_PLACEMENT_3D ( 'NONE', #5680, #5779, #2682 ) ;
#674 = CARTESIAN_POINT ( 'NONE',  ( -2.689999999999999503, -2.850000000000000533, 0.6999999999999999556 ) ) ;
#675 = MECHANICAL_DESIGN_GEOMETRIC_PRESENTATION_REPRESENTATION (  '', ( #1000 ), #3093 ) ;
#676 = CARTESIAN_POINT ( 'NONE',  ( -1.056410256410256654, 0.000000000000000000, 0.8000000000000000444 ) ) ;
#677 = ADVANCED_FACE ( 'NONE', ( #6112 ), #6333, .F. ) ;
#678 = CARTESIAN_POINT ( 'NONE',  ( -3.024999999999998579, -3.425000000000000266, 3.000000000000000000 ) ) ;
#679 = EDGE_CURVE ( 'NONE', #5336, #4596, #6204, .T. ) ;
#680 = FILL_AREA_STYLE ('',( #1160 ) ) ;
#681 = SURFACE_STYLE_USAGE ( .BOTH. , #1729 ) ;
#682 = CARTESIAN_POINT ( 'NONE',  ( -0.6406748519897106364, 0.09212493567157035990, 0.6999999999999999556 ) ) ;
#683 = CARTESIAN_POINT ( 'NONE',  ( -0.5026442307692308153, 0.03076923076923077441, 0.8000000000000000444 ) ) ;
#684 = CARTESIAN_POINT ( 'NONE',  ( -1.698317307692307709, 0.1692307692307692679, 0.6999999999999999556 ) ) ;
#685 = UNCERTAINTY_MEASURE_WITH_UNIT (LENGTH_MEASURE( 1.000000000000000082E-05 ), #3017, 'distance_accuracy_value', 'NONE');
#686 = CARTESIAN_POINT ( 'NONE',  ( -0.4000138915675912621, 0.3407802121552616637, 0.8000000000000002665 ) ) ;
#687 = AXIS2_PLACEMENT_3D ( 'NONE', #3936, #828, #1377 ) ;
#688 = AXIS2_PLACEMENT_3D ( 'NONE', #5595, #6661, #6100 ) ;
#689 = UNCERTAINTY_MEASURE_WITH_UNIT (LENGTH_MEASURE( 1.000000000000000082E-05 ), #6556, 'distance_accuracy_value', 'NONE');
#690 = CARTESIAN_POINT ( 'NONE',  ( -1.360352274322384147, 0.3020952910741361297, 0.8000000000000000444 ) ) ;
#691 = ORIENTED_EDGE ( 'NONE', *, *, #4378, .F. ) ;
#692 = DIRECTION ( 'NONE',  ( -1.000000000000000000, -1.164243943608595441E-16, 0.000000000000000000 ) ) ;
#693 = CARTESIAN_POINT ( 'NONE',  ( -0.4418710964724574253, -0.003604247304356313682, 0.6999999999999996225 ) ) ;
#694 = FACE_OUTER_BOUND ( 'NONE', #6634, .T. ) ;
#695 = ORIENTED_EDGE ( 'NONE', *, *, #1004, .F. ) ;
#696 =( NAMED_UNIT ( * ) PLANE_ANGLE_UNIT ( ) SI_UNIT ( $, .RADIAN. ) );
#697 = CARTESIAN_POINT ( 'NONE',  ( -0.3338508531970925675, 0.06467164869675562366, 0.8000000000000001554 ) ) ;
#698 = VECTOR ( 'NONE', #1792, 1000.000000000000000 ) ;
#699 = ORIENTED_EDGE ( 'NONE', *, *, #1061, .F. ) ;
#700 = UNCERTAINTY_MEASURE_WITH_UNIT (LENGTH_MEASURE( 1.000000000000000082E-05 ), #2961, 'distance_accuracy_value', 'NONE');
#701 = CARTESIAN_POINT ( 'NONE',  ( 0.1500000000000003275, -3.050000000000000266, -0.3000000000000002109 ) ) ;
#702 = ORIENTED_EDGE ( 'NONE', *, *, #4712, .T. ) ;
#703 = CARTESIAN_POINT ( 'NONE',  ( -0.05128205128205128721, 0.4000000000000000222, 0.6999999999999999556 ) ) ;
#704 = FILL_AREA_STYLE_COLOUR ( '', #535 ) ;
#705 = CARTESIAN_POINT ( 'NONE',  ( -1.197745164339180990, 0.0001447873880530645976, 0.8000000000000001554 ) ) ;
#706 = ORIENTED_EDGE ( 'NONE', *, *, #2747, .T. ) ;
#707 = FACE_OUTER_BOUND ( 'NONE', #5910, .T. ) ;
#708 = COLOUR_RGB ( '',0.7960784313725489669, 0.8235294117647058432, 0.9372549019607843146 ) ;
#709 = EDGE_LOOP ( 'NONE', ( #5441, #5939, #6486, #1130 ) ) ;
#710 = ADVANCED_FACE ( 'NONE', ( #707 ), #1005, .T. ) ;
#711 = CARTESIAN_POINT ( 'NONE',  ( -0.3582876187707474402, 0.3038270856679790577, 0.7000000000000006217 ) ) ;
#712 = LINE ( 'NONE', #3508, #4503 ) ;
#713 = PLANE ( 'NONE',  #5278 ) ;
#714 = AXIS2_PLACEMENT_3D ( 'NONE', #2208, #5835, #4856 ) ;
#715 = CARTESIAN_POINT ( 'NONE',  ( -1.338424514854325675, 0.05826300145765993255, 0.7999999999999999334 ) ) ;
#716 = ORIENTED_EDGE ( 'NONE', *, *, #5618, .F. ) ;
#717 = CARTESIAN_POINT ( 'NONE',  ( -0.7948717948717949344, 0.3589743589743589758, 0.8000000000000000444 ) ) ;
#718 = ORIENTED_EDGE ( 'NONE', *, *, #46, .F. ) ;
#719 = EDGE_CURVE ( 'NONE', #71, #5445, #5636, .T. ) ;
#720 =( LENGTH_UNIT ( ) NAMED_UNIT ( * ) SI_UNIT ( .MILLI., .METRE. ) );
#721 = ORIENTED_EDGE ( 'NONE', *, *, #2605, .F. ) ;
#722 = CARTESIAN_POINT ( 'NONE',  ( -0.9846153846153847811, 0.2358974358974359198, 0.6999999999999999556 ) ) ;
#723 = EDGE_CURVE ( 'NONE', #1748, #2060, #1335, .T. ) ;
#724 = VECTOR ( 'NONE', #3509, 1000.000000000000000 ) ;
#725 = CARTESIAN_POINT ( 'NONE',  ( 2.690000000000000391, -2.850000000000000089, 0.6999999999999999556 ) ) ;
#726 = CARTESIAN_POINT ( 'NONE',  ( -0.1499999999999996059, -3.149999999999999911, 0.2000000000000003997 ) ) ;
#727 = DIRECTION ( 'NONE',  ( 0.000000000000000000, 0.000000000000000000, 1.000000000000000000 ) ) ;
#728 = CARTESIAN_POINT ( 'NONE',  ( -0.7589743589743590535, 0.4000000000000000222, 0.6999999999999999556 ) ) ;
#729 = PRESENTATION_LAYER_ASSIGNMENT (  '', '', ( #6312 ) ) ;
#730 = CARTESIAN_POINT ( 'NONE',  ( -1.249663158617887015, 0.05035951795270832837, 0.6999999999999999556 ) ) ;
#731 = SURFACE_STYLE_FILL_AREA ( #5735 ) ;
#732 = ORIENTED_EDGE ( 'NONE', *, *, #411, .F. ) ;
#733 = CARTESIAN_POINT ( 'NONE',  ( -1.140602181503453272, 0.3589138227996540587, 0.7000000000000000666 ) ) ;
#734 = CARTESIAN_POINT ( 'NONE',  ( 2.389999999999999680, 3.850000000000000089, -0.2999999999999998224 ) ) ;
#735 = ORIENTED_EDGE ( 'NONE', *, *, #2845, .F. ) ;
#736 = CARTESIAN_POINT ( 'NONE',  ( -1.330404442521851083, 0.04943687436769871740, 0.7000000000000003997 ) ) ;
#737 = ORIENTED_EDGE ( 'NONE', *, *, #69, .T. ) ;
#738 = PRESENTATION_STYLE_ASSIGNMENT (( #1924 ) ) ;
#739 = VERTEX_POINT ( 'NONE', #1127 ) ;
#740 = EDGE_CURVE ( 'NONE', #299, #1192, #3043, .T. ) ;
#741 = CARTESIAN_POINT ( 'NONE',  ( 2.389999999999999680, 3.050000000000000266, -0.2999999999999999334 ) ) ;
#742 = ORIENTED_EDGE ( 'NONE', *, *, #3362, .F. ) ;
#743 = DIRECTION ( 'NONE',  ( -1.000000000000000000, -1.164243943608595441E-16, 0.000000000000000000 ) ) ;
#744 = PRESENTATION_STYLE_ASSIGNMENT (( #949 ) ) ;
#745 = CARTESIAN_POINT ( 'NONE',  ( -1.630769230769230971, 0.4000000000000000222, 0.8000000000000000444 ) ) ;
#746 = CARTESIAN_POINT ( 'NONE',  ( -1.212157295467698237, 0.3965395433087104959, 0.6999999999999997335 ) ) ;
#747 =( LENGTH_UNIT ( ) NAMED_UNIT ( * ) SI_UNIT ( .MILLI., .METRE. ) );
#748 = LINE ( 'NONE', #5438, #1962 ) ;
#749 = EDGE_CURVE ( 'NONE', #5654, #788, #2708, .T. ) ;
#750 = CARTESIAN_POINT ( 'NONE',  ( -1.157508144606478995, 0.04110852977536626207, 0.7000000000000001776 ) ) ;
#751 = CARTESIAN_POINT ( 'NONE',  ( -0.4763233689346232924, 0.3678802248214749770, 0.7000000000000006217 ) ) ;
#752 = CARTESIAN_POINT ( 'NONE',  ( -1.305679074854715571, 0.3110700315732637389, 0.7000000000000000666 ) ) ;
#753 = EDGE_CURVE ( 'NONE', #2507, #1748, #4834, .T. ) ;
#754 = PLANE ( 'NONE',  #505 ) ;
#755 = CARTESIAN_POINT ( 'NONE',  ( -1.347264322710567397, 0.1690965212175804255, 0.7000000000000000666 ) ) ;
#756 = AXIS2_PLACEMENT_3D ( 'NONE', #5937, #1732, #1239 ) ;
#757 = AXIS2_PLACEMENT_3D ( 'NONE', #1224, #1734, #3839 ) ;
#758 = CARTESIAN_POINT ( 'NONE',  ( -0.1500000000000004385, 3.850000000000000089, 1.626303258728256651E-16 ) ) ;
#759 = VERTEX_POINT ( 'NONE', #4296 ) ;
#760 = CARTESIAN_POINT ( 'NONE',  ( -0.5026442307692308153, 0.03076923076923077441, 0.6999999999999999556 ) ) ;
#761 = EDGE_CURVE ( 'NONE', #1262, #860, #1660, .T. ) ;
#762 = CARTESIAN_POINT ( 'NONE',  ( -0.2410256410256410575, 0.04102564102564103254, 0.6999999999999999556 ) ) ;
#763 = LINE ( 'NONE', #2570, #370 ) ;
#764 = CARTESIAN_POINT ( 'NONE',  ( -0.6769230769230770717, 0.3266025641025641635, 0.6999999999999999556 ) ) ;
#765 = CARTESIAN_POINT ( 'NONE',  ( -1.140602181503453272, 0.3589138227996540587, 0.7000000000000000666 ) ) ;
#766 = PLANE ( 'NONE',  #629 ) ;
#767 = ORIENTED_EDGE ( 'NONE', *, *, #1416, .T. ) ;
#768 = ORIENTED_EDGE ( 'NONE', *, *, #914, .T. ) ;
#769 = CARTESIAN_POINT ( 'NONE',  ( -0.4985824820065922203, -0.01022646825003434290, 0.8000000000000001554 ) ) ;
#770 =( GEOMETRIC_REPRESENTATION_CONTEXT ( 3 ) GLOBAL_UNCERTAINTY_ASSIGNED_CONTEXT ( ( #4363 ) ) GLOBAL_UNIT_ASSIGNED_CONTEXT ( ( #5950, #4963, #4344 ) ) REPRESENTATION_CONTEXT ( 'NONE', 'WORKASPACE' ) );
#771 = CARTESIAN_POINT ( 'NONE',  ( -2.389999999999999680, -3.150000000000000355, 0.6999999999999998446 ) ) ;
#772 = PRESENTATION_STYLE_ASSIGNMENT (( #1946 ) ) ;
#773 = ORIENTED_EDGE ( 'NONE', *, *, #4188, .F. ) ;
#774 = SURFACE_STYLE_USAGE ( .BOTH. , #1865 ) ;
#775 = SURFACE_SIDE_STYLE ('',( #5409 ) ) ;
#776 = VECTOR ( 'NONE', #5756, 1000.000000000000000 ) ;
#777 = CARTESIAN_POINT ( 'NONE',  ( -1.345279786943733180, 0.1568043825591096396, 0.8000000000000000444 ) ) ;
#778 = ORIENTED_EDGE ( 'NONE', *, *, #110, .T. ) ;
#779 = DIRECTION ( 'NONE',  ( 0.000000000000000000, 0.000000000000000000, -1.000000000000000000 ) ) ;
#780 = ORIENTED_EDGE ( 'NONE', *, *, #1928, .F. ) ;
#781 = CARTESIAN_POINT ( 'NONE',  ( -1.378419013490426837, 0.1385322437134763884, 0.6999999999999999556 ) ) ;
#782 = VECTOR ( 'NONE', #5265, 1000.000000000000000 ) ;
#783 = DIRECTION ( 'NONE',  ( 1.000000000000000000, 0.000000000000000000, 0.000000000000000000 ) ) ;
#784 = EDGE_CURVE ( 'NONE', #6462, #3066, #4576, .T. ) ;
#785 = CARTESIAN_POINT ( 'NONE',  ( 3.025000000000002132, 3.725000000000000089, 0.000000000000000000 ) ) ;
#786 = ORIENTED_EDGE ( 'NONE', *, *, #5012, .T. ) ;
#787 = COLOUR_RGB ( '',0.7960784313725489669, 0.8235294117647058432, 0.9372549019607843146 ) ;
#788 = VERTEX_POINT ( 'NONE', #260 ) ;
#789 = ORIENTED_EDGE ( 'NONE', *, *, #5801, .T. ) ;
#790 = DIRECTION ( 'NONE',  ( 1.000000000000000000, 1.164243943608595441E-16, -0.000000000000000000 ) ) ;
#791 = CARTESIAN_POINT ( 'NONE',  ( -0.4000138915675912621, 0.3407802121552616637, 0.7000000000000001776 ) ) ;
#792 = PRESENTATION_STYLE_ASSIGNMENT (( #5254 ) ) ;
#793 = VECTOR ( 'NONE', #1427, 1000.000000000000000 ) ;
#794 = ORIENTED_EDGE ( 'NONE', *, *, #5914, .F. ) ;
#795 = CARTESIAN_POINT ( 'NONE',  ( -0.6406748519897106364, 0.09212493567157035990, 0.6999999999999999556 ) ) ;
#796 = FILL_AREA_STYLE ('',( #5945 ) ) ;
#797 = STYLED_ITEM ( 'NONE', ( #4429 ), #5895 ) ;
#798 = EDGE_CURVE ( 'NONE', #4955, #1521, #6360, .T. ) ;
#799 = PLANE ( 'NONE',  #166 ) ;
#800 = CARTESIAN_POINT ( 'NONE',  ( 3.325000000000002398, 1.343175853018396149, 0.000000000000000000 ) ) ;
#801 = EDGE_CURVE ( 'NONE', #2274, #4947, #1503, .T. ) ;
#802 = CARTESIAN_POINT ( 'NONE',  ( -0.08717948717948718895, 0.4000000000000000222, 0.8000000000000000444 ) ) ;
#803 =( NAMED_UNIT ( * ) SI_UNIT ( $, .STERADIAN. ) SOLID_ANGLE_UNIT ( ) );
#804 = EDGE_LOOP ( 'NONE', ( #1264, #5761, #6408, #1873, #134, #3715 ) ) ;
#805 = ORIENTED_EDGE ( 'NONE', *, *, #1880, .T. ) ;
#806 = CARTESIAN_POINT ( 'NONE',  ( -0.5026442307692308153, 0.03076923076923077441, 0.8000000000000000444 ) ) ;
#807 = ORIENTED_EDGE ( 'NONE', *, *, #2479, .T. ) ;
#808 = MECHANICAL_DESIGN_GEOMETRIC_PRESENTATION_REPRESENTATION (  '', ( #5327 ), #5198 ) ;
#809 = STYLED_ITEM ( 'NONE', ( #5570 ), #3637 ) ;
#810 = ORIENTED_EDGE ( 'NONE', *, *, #2523, .T. ) ;
#811 = FACE_OUTER_BOUND ( 'NONE', #5783, .T. ) ;
#812 = CARTESIAN_POINT ( 'NONE',  ( -0.6455128205128205510, 0.09743589743589745056, 0.6999999999999999556 ) ) ;
#813 = SURFACE_STYLE_USAGE ( .BOTH. , #4944 ) ;
#814 = DIRECTION ( 'NONE',  ( 1.164243943608595441E-16, -1.000000000000000000, 0.000000000000000000 ) ) ;
#815 = EDGE_CURVE ( 'NONE', #6205, #6073, #1034, .T. ) ;
#816 = LINE ( 'NONE', #3418, #975 ) ;
#817 = CARTESIAN_POINT ( 'NONE',  ( -1.309087632523835643, 0.08579677190348354576, 0.6999999999999996225 ) ) ;
#818 = AXIS2_PLACEMENT_3D ( 'NONE', #2133, #5753, #2586 ) ;
#819 = EDGE_LOOP ( 'NONE', ( #2349, #1735, #3216, #5192 ) ) ;
#820 = CARTESIAN_POINT ( 'NONE',  ( -1.348717948717949033, 0.1950320512820512830, 0.7000000000000002887 ) ) ;
#821 = CARTESIAN_POINT ( 'NONE',  ( -0.1500000000000003553, 3.149999999999999911, 0.6999999999999998446 ) ) ;
#822 = DIRECTION ( 'NONE',  ( -1.000000000000000000, -1.164243943608595441E-16, 0.000000000000000000 ) ) ;
#823 = DIRECTION ( 'NONE',  ( 1.000000000000000000, 0.000000000000000000, 0.000000000000000000 ) ) ;
#824 = CARTESIAN_POINT ( 'NONE',  ( 2.689999999999999503, 3.350000000000000089, 3.523657060577889411E-16 ) ) ;
#825 = CARTESIAN_POINT ( 'NONE',  ( 2.389999999999999680, 3.149999999999999911, 0.6999999999999998446 ) ) ;
#826 = DIRECTION ( 'NONE',  ( -6.018531076210113136E-32, 5.421010862427523156E-16, -1.000000000000000000 ) ) ;
#827 = EDGE_CURVE ( 'NONE', #4289, #4985, #5792, .T. ) ;
#828 = DIRECTION ( 'NONE',  ( -1.000000000000000000, -1.164243943608595688E-16, 0.000000000000000000 ) ) ;
#829 = ADVANCED_FACE ( 'NONE', ( #3617 ), #766, .T. ) ;
#830 = AXIS2_PLACEMENT_3D ( 'NONE', #3722, #5760, #5230 ) ;
#831 = ORIENTED_EDGE ( 'NONE', *, *, #46, .T. ) ;
#832 = VECTOR ( 'NONE', #6406, 1000.000000000000000 ) ;
#833 = CARTESIAN_POINT ( 'NONE',  ( -0.2410256410256410575, 0.04102564102564103254, 0.8000000000000000444 ) ) ;
#834 = PLANE ( 'NONE',  #2851 ) ;
#835 = CARTESIAN_POINT ( 'NONE',  ( -1.214451826017967306, 0.001236551124432138217, 0.8000000000000001554 ) ) ;
#836 = AXIS2_PLACEMENT_3D ( 'NONE', #4636, #1050, #1520 ) ;
#837 = LINE ( 'NONE', #1990, #6181 ) ;
#838 = VERTEX_POINT ( 'NONE', #684 ) ;
#839 = CARTESIAN_POINT ( 'NONE',  ( -1.344507250838571366, 0.3270538099544382238, 0.6999999999999997335 ) ) ;
#840 = CARTESIAN_POINT ( 'NONE',  ( -1.282879648264774852, 0.01632811867338580455, 0.8000000000000004885 ) ) ;
#841 = VECTOR ( 'NONE', #1371, 1000.000000000000000 ) ;
#842 = CARTESIAN_POINT ( 'NONE',  ( -0.5001602564102564097, 0.3692307692307692513, 0.6999999999999998446 ) ) ;
#843 = AXIS2_PLACEMENT_3D ( 'NONE', #734, #1770, #3279 ) ;
#844 = ORIENTED_EDGE ( 'NONE', *, *, #4464, .F. ) ;
#845 = VECTOR ( 'NONE', #1872, 1000.000000000000000 ) ;
#846 = CARTESIAN_POINT ( 'NONE',  ( -1.056410256410256654, 0.000000000000000000, 0.8000000000000000444 ) ) ;
#847 = CARTESIAN_POINT ( 'NONE',  ( -0.5074380336228493382, 0.3690467959667322329, 0.7000000000000000666 ) ) ;
#848 = LINE ( 'NONE', #6650, #4092 ) ;
#849 = ORIENTED_EDGE ( 'NONE', *, *, #2676, .F. ) ;
#850 = PRESENTATION_STYLE_ASSIGNMENT (( #4143 ) ) ;
#851 = DIRECTION ( 'NONE',  ( 1.000000000000000000, 0.000000000000000000, 0.000000000000000000 ) ) ;
#852 = EDGE_CURVE ( 'NONE', #5432, #936, #2547, .T. ) ;
#853 = PRESENTATION_LAYER_ASSIGNMENT (  '', '', ( #2159 ) ) ;
#854 = CARTESIAN_POINT ( 'NONE',  ( -2.389999999999999680, -2.849999999999999201, 0.6999999999999999556 ) ) ;
#855 =( LENGTH_UNIT ( ) NAMED_UNIT ( * ) SI_UNIT ( .MILLI., .METRE. ) );
#856 = COLOUR_RGB ( '',0.7960784313725489669, 0.8235294117647058432, 0.9372549019607843146 ) ;
#857 = ORIENTED_EDGE ( 'NONE', *, *, #6666, .T. ) ;
#858 = SURFACE_STYLE_FILL_AREA ( #1098 ) ;
#859 =( LENGTH_UNIT ( ) NAMED_UNIT ( * ) SI_UNIT ( .MILLI., .METRE. ) );
#860 = VERTEX_POINT ( 'NONE', #1806 ) ;
#861 = FILL_AREA_STYLE_COLOUR ( '', #6703 ) ;
#862 = LINE ( 'NONE', #3192, #3875 ) ;
#863 = CARTESIAN_POINT ( 'NONE',  ( -3.324999999999998401, -3.425000000000000266, 3.000000000000000000 ) ) ;
#864 = CARTESIAN_POINT ( 'NONE',  ( 3.325000000000001066, 3.725000000000000089, 2.700000000000000178 ) ) ;
#865 = CARTESIAN_POINT ( 'NONE',  ( 3.025000000000001243, 3.425000000000000266, 2.700000000000000178 ) ) ;
#866 = ORIENTED_EDGE ( 'NONE', *, *, #4777, .T. ) ;
#867 = VECTOR ( 'NONE', #5211, 1000.000000000000000 ) ;
#868 = CARTESIAN_POINT ( 'NONE',  ( -2.689999999999999503, -3.150000000000000355, 0.2000000000000003997 ) ) ;
#869 = ORIENTED_EDGE ( 'NONE', *, *, #3913, .T. ) ;
#870 = ORIENTED_EDGE ( 'NONE', *, *, #1315, .T. ) ;
#871 = EDGE_CURVE ( 'NONE', #6197, #483, #3225, .T. ) ;
#872 = CARTESIAN_POINT ( 'NONE',  ( -1.180368589743589824, 0.000000000000000000, 0.8000000000000000444 ) ) ;
#873 = CARTESIAN_POINT ( 'NONE',  ( -0.3260240736353015589, 0.1650771286528283088, 0.7000000000000000666 ) ) ;
#874 = CARTESIAN_POINT ( 'NONE',  ( -0.5024038461538462563, 0.4102564102564102977, 0.6999999999999999556 ) ) ;
#875 = ORIENTED_EDGE ( 'NONE', *, *, #5351, .T. ) ;
#876 = CARTESIAN_POINT ( 'NONE',  ( -0.3258001701310614950, 0.07456384417196772196, 0.6999999999999998446 ) ) ;
#877 = EDGE_CURVE ( 'NONE', #3386, #631, #2884, .T. ) ;
#878 = CARTESIAN_POINT ( 'NONE',  ( -1.348717948717949033, 0.1950320512820512830, 0.8000000000000000444 ) ) ;
#879 = SURFACE_SIDE_STYLE ('',( #4252 ) ) ;
#880 = EDGE_CURVE ( 'NONE', #5710, #5150, #927, .T. ) ;
#881 = ORIENTED_EDGE ( 'NONE', *, *, #637, .T. ) ;
#882 =( LENGTH_UNIT ( ) NAMED_UNIT ( * ) SI_UNIT ( .MILLI., .METRE. ) );
#883 = UNCERTAINTY_MEASURE_WITH_UNIT (LENGTH_MEASURE( 1.000000000000000082E-05 ), #2177, 'distance_accuracy_value', 'NONE');
#884 = EDGE_CURVE ( 'NONE', #4100, #3460, #1184, .T. ) ;
#885 = EDGE_LOOP ( 'NONE', ( #3815, #925, #4703, #3829, #238, #4358, #3636, #4981 ) ) ;
#886 = CARTESIAN_POINT ( 'NONE',  ( 2.689999999999999503, 3.850000000000000089, 1.626303258728256651E-16 ) ) ;
#887 = ORIENTED_EDGE ( 'NONE', *, *, #5037, .T. ) ;
#888 = SURFACE_SIDE_STYLE ('',( #5124 ) ) ;
#889 = ORIENTED_EDGE ( 'NONE', *, *, #2215, .F. ) ;
#890 = DIRECTION ( 'NONE',  ( -0.4188422247446084157, -0.9080590238365493505, 0.000000000000000000 ) ) ;
#891 = CARTESIAN_POINT ( 'NONE',  ( -0.5997924525162439124, 0.3429020956793767394, 0.8000000000000000444 ) ) ;
#892 = ORIENTED_EDGE ( 'NONE', *, *, #6225, .T. ) ;
#893 = DIRECTION ( 'NONE',  ( 1.000000000000000000, 1.164243943608595441E-16, -0.000000000000000000 ) ) ;
#894 = CARTESIAN_POINT ( 'NONE',  ( -1.056410256410256654, 0.000000000000000000, 0.6999999999999999556 ) ) ;
#895 = AXIS2_PLACEMENT_3D ( 'NONE', #1021, #47, #2629 ) ;
#896 = CARTESIAN_POINT ( 'NONE',  ( -1.348544046439784649, 0.2089003558151941164, 0.8000000000000002665 ) ) ;
#897 = ADVANCED_FACE ( 'NONE', ( #2241 ), #3699, .T. ) ;
#898 =( LENGTH_UNIT ( ) NAMED_UNIT ( * ) SI_UNIT ( .MILLI., .METRE. ) );
#899 = CARTESIAN_POINT ( 'NONE',  ( 3.325000000000002398, -1.343175853018395260, 0.2999999999999999889 ) ) ;
#900 = DIRECTION ( 'NONE',  ( -1.000000000000000000, -1.164243943608595688E-16, 0.000000000000000000 ) ) ;
#901 = CARTESIAN_POINT ( 'NONE',  ( 2.689999999999999503, 2.849999999999999645, -0.09999999999999996392 ) ) ;
#902 = FILL_AREA_STYLE ('',( #4991 ) ) ;
#903 = CARTESIAN_POINT ( 'NONE',  ( 0.000000000000000000, 0.000000000000000000, 3.000000000000000000 ) ) ;
#904 = ORIENTED_EDGE ( 'NONE', *, *, #5398, .T. ) ;
#905 = CARTESIAN_POINT ( 'NONE',  ( -0.5026442307692308153, 0.03076923076923077441, 0.8000000000000000444 ) ) ;
#906 = CARTESIAN_POINT ( 'NONE',  ( -0.1499999999999996614, -2.849999999999999645, -0.09999999999999996392 ) ) ;
#907 = CARTESIAN_POINT ( 'NONE',  ( -1.327587281659164953, 0.2821531869507271639, 0.8000000000000002665 ) ) ;
#908 = STYLED_ITEM ( 'NONE', ( #4339 ), #6199 ) ;
#909 = COLOUR_RGB ( '',0.1803921568627450955, 0.1803921568627450955, 0.1803921568627450955 ) ;
#910 =( LENGTH_UNIT ( ) NAMED_UNIT ( * ) SI_UNIT ( .MILLI., .METRE. ) );
#911 = DIRECTION ( 'NONE',  ( -0.4189977888269744155, -0.9079872537420919931, 0.000000000000000000 ) ) ;
#912 = PRESENTATION_STYLE_ASSIGNMENT (( #2026 ) ) ;
#913 = ORIENTED_EDGE ( 'NONE', *, *, #3799, .F. ) ;
#914 = EDGE_CURVE ( 'NONE', #2484, #92, #3119, .T. ) ;
#915 = CARTESIAN_POINT ( 'NONE',  ( -1.177389681576034075, 0.3992321138210237486, 0.6999999999999999556 ) ) ;
#916 = CYLINDRICAL_SURFACE ( 'NONE', #6009, 0.2000000000000000944 ) ;
#917 = CARTESIAN_POINT ( 'NONE',  ( -0.08717948717948718895, 0.4000000000000000222, 0.6999999999999999556 ) ) ;
#918 = ORIENTED_EDGE ( 'NONE', *, *, #1794, .F. ) ;
#919 = SURFACE_SIDE_STYLE ('',( #1648 ) ) ;
#920 = VERTEX_POINT ( 'NONE', #1351 ) ;
#921 = DIRECTION ( 'NONE',  ( -0.4285960263555440020, 0.9034962347415942396, 0.000000000000000000 ) ) ;
#922 = STYLED_ITEM ( 'NONE', ( #3200 ), #1214 ) ;
#923 = FILL_AREA_STYLE ('',( #1437 ) ) ;
#924 = STYLED_ITEM ( 'NONE', ( #76 ), #3672 ) ;
#925 = ORIENTED_EDGE ( 'NONE', *, *, #1208, .F. ) ;
#926 = FACE_OUTER_BOUND ( 'NONE', #2620, .T. ) ;
#927 = LINE ( 'NONE', #6382, #3872 ) ;
#928 = EDGE_LOOP ( 'NONE', ( #5821, #4127, #2311, #389, #2423, #5439 ) ) ;
#929 = CARTESIAN_POINT ( 'NONE',  ( -1.435897435897435903, 0.000000000000000000, 0.6999999999999999556 ) ) ;
#930 = CARTESIAN_POINT ( 'NONE',  ( -0.4838525129783744494, 0.03111993924618347909, 0.8000000000000000444 ) ) ;
#931 = CIRCLE ( 'NONE', #3191, 0.2000000000000000944 ) ;
#932 = CARTESIAN_POINT ( 'NONE',  ( -1.384615384615384803, 0.1949519230769231060, 0.8000000000000000444 ) ) ;
#933 =( LENGTH_UNIT ( ) NAMED_UNIT ( * ) SI_UNIT ( .MILLI., .METRE. ) );
#934 = CARTESIAN_POINT ( 'NONE',  ( -1.243349358974359165, 0.3477564102564102977, 0.8000000000000000444 ) ) ;
#935 = PRESENTATION_STYLE_ASSIGNMENT (( #1538 ) ) ;
#936 = VERTEX_POINT ( 'NONE', #3916 ) ;
#937 = VERTEX_POINT ( 'NONE', #4956 ) ;
#938 = EDGE_CURVE ( 'NONE', #5437, #2631, #2799, .T. ) ;
#939 =( GEOMETRIC_REPRESENTATION_CONTEXT ( 3 ) GLOBAL_UNCERTAINTY_ASSIGNED_CONTEXT ( ( #6193 ) ) GLOBAL_UNIT_ASSIGNED_CONTEXT ( ( #5689, #3127, #3196 ) ) REPRESENTATION_CONTEXT ( 'NONE', 'WORKASPACE' ) );
#940 = SURFACE_STYLE_USAGE ( .BOTH. , #2441 ) ;
#941 = SURFACE_SIDE_STYLE ('',( #6619 ) ) ;
#942 = COLOUR_RGB ( '',0.1803921568627450955, 0.1803921568627450955, 0.1803921568627450955 ) ;
#943 = VECTOR ( 'NONE', #2832, 1000.000000000000000 ) ;
#944 = CARTESIAN_POINT ( 'NONE',  ( -1.253082091239442031, 0.3892205023543813258, 0.8000000000000000444 ) ) ;
#945 = ORIENTED_EDGE ( 'NONE', *, *, #3587, .T. ) ;
#946 = CARTESIAN_POINT ( 'NONE',  ( -0.2410256410256410575, 0.04102564102564103254, 0.6999999999999999556 ) ) ;
#947 = CIRCLE ( 'NONE', #6277, 0.2000000000000000944 ) ;
#948 = PLANE ( 'NONE',  #4807 ) ;
#949 = SURFACE_STYLE_USAGE ( .BOTH. , #4528 ) ;
#950 = EDGE_LOOP ( 'NONE', ( #3281, #2667, #998, #6065 ) ) ;
#951 = DIRECTION ( 'NONE',  ( 1.000000000000000000, 0.000000000000000000, 0.000000000000000000 ) ) ;
#952 = EDGE_CURVE ( 'NONE', #1850, #4733, #5323, .T. ) ;
#953 = CARTESIAN_POINT ( 'NONE',  ( -0.6769230769230770717, 0.07363782051282051488, 0.6999999999999999556 ) ) ;
#954 = VECTOR ( 'NONE', #3621, 1000.000000000000000 ) ;
#956 =( GEOMETRIC_REPRESENTATION_CONTEXT ( 3 ) GLOBAL_UNCERTAINTY_ASSIGNED_CONTEXT ( ( #4800 ) ) GLOBAL_UNIT_ASSIGNED_CONTEXT ( ( #4202, #3661, #2109 ) ) REPRESENTATION_CONTEXT ( 'NONE', 'WORKASPACE' ) );
#955 = PRODUCT_CONTEXT ( 'NONE', #4549, 'mechanical' ) ;
#957 = CARTESIAN_POINT ( 'NONE',  ( -0.3298532269254325633, 0.1487890516493685644, 0.6999999999999999556 ) ) ;
#958 = PLANE ( 'NONE',  #5669 ) ;
#959 = ORIENTED_EDGE ( 'NONE', *, *, #5986, .T. ) ;
#960 = ORIENTED_EDGE ( 'NONE', *, *, #6059, .F. ) ;
#961 = DIRECTION ( 'NONE',  ( 1.000000000000000000, 0.000000000000000000, 0.000000000000000000 ) ) ;
#962 = FILL_AREA_STYLE_COLOUR ( '', #3608 ) ;
#963 = CARTESIAN_POINT ( 'NONE',  ( -1.314744571188083411, 0.3579577841626070955, 0.7000000000000000666 ) ) ;
#964 = CARTESIAN_POINT ( 'NONE',  ( -0.3340166903126438047, 0.3351732904708904504, 0.8000000000000000444 ) ) ;
#965 = ORIENTED_EDGE ( 'NONE', *, *, #4118, .F. ) ;
#966 = PRESENTATION_LAYER_ASSIGNMENT (  '', '', ( #6308 ) ) ;
#967 = SURFACE_STYLE_USAGE ( .BOTH. , #4095 ) ;
#968 = VECTOR ( 'NONE', #3205, 1000.000000000000000 ) ;
#969 = ADVANCED_FACE ( 'NONE', ( #1581 ), #1421, .T. ) ;
#970 = EDGE_CURVE ( 'NONE', #4752, #1243, #2553, .T. ) ;
#971 = CARTESIAN_POINT ( 'NONE',  ( -0.5074380336228493382, 0.3690467959667322329, 0.8000000000000001554 ) ) ;
#972 = MECHANICAL_DESIGN_GEOMETRIC_PRESENTATION_REPRESENTATION (  '', ( #5620 ), #6530 ) ;
#973 = DIRECTION ( 'NONE',  ( -0.000000000000000000, -0.000000000000000000, -1.000000000000000000 ) ) ;
#974 = CARTESIAN_POINT ( 'NONE',  ( 2.389999999999999680, 3.149999999999999911, 0.2000000000000003997 ) ) ;
#975 = VECTOR ( 'NONE', #5497, 1000.000000000000000 ) ;
#976 = UNCERTAINTY_MEASURE_WITH_UNIT (LENGTH_MEASURE( 1.000000000000000082E-05 ), #5092, 'distance_accuracy_value', 'NONE');
#977 = VERTEX_POINT ( 'NONE', #4463 ) ;
#978 = PLANE ( 'NONE',  #4764 ) ;
#979 = DIRECTION ( 'NONE',  ( -0.000000000000000000, -0.000000000000000000, -1.000000000000000000 ) ) ;
#980 = LINE ( 'NONE', #5408, #4958 ) ;
#981 = DIRECTION ( 'NONE',  ( 0.000000000000000000, 1.000000000000000000, 0.000000000000000000 ) ) ;
#982 = AXIS2_PLACEMENT_3D ( 'NONE', #6157, #3065, #921 ) ;
#983 = CARTESIAN_POINT ( 'NONE',  ( -0.1500000000000002998, 2.850000000000000089, 0.6999999999999999556 ) ) ;
#984 = CARTESIAN_POINT ( 'NONE',  ( 2.390000000000000568, -2.850000000000000089, 0.6999999999999999556 ) ) ;
#985 = DIRECTION ( 'NONE',  ( -0.000000000000000000, -0.000000000000000000, 1.000000000000000000 ) ) ;
#986 = CARTESIAN_POINT ( 'NONE',  ( -1.360352274322384147, 0.3020952910741361297, 0.8000000000000000444 ) ) ;
#987 = CARTESIAN_POINT ( 'NONE',  ( -1.776362179487179782, 0.000000000000000000, 0.6999999999999999556 ) ) ;
#988 = ORIENTED_EDGE ( 'NONE', *, *, #374, .F. ) ;
#989 = DIRECTION ( 'NONE',  ( -0.000000000000000000, -0.000000000000000000, -1.000000000000000000 ) ) ;
#990 = EDGE_CURVE ( 'NONE', #2191, #2488, #5765, .T. ) ;
#991 = COLOUR_RGB ( '',0.7529411764705882248, 0.7529411764705882248, 0.7529411764705882248 ) ;
#992 = SURFACE_SIDE_STYLE ('',( #2908 ) ) ;
#993 = EDGE_CURVE ( 'NONE', #3019, #3547, #3467, .T. ) ;
#994 = CARTESIAN_POINT ( 'NONE',  ( -0.3235042640261070468, 0.1820794841432559208, 0.8000000000000000444 ) ) ;
#995 = CARTESIAN_POINT ( 'NONE',  ( -0.6769230769230770717, 0.3266025641025641635, 0.8000000000000000444 ) ) ;
#996 = ADVANCED_FACE ( 'NONE', ( #2075 ), #2866, .T. ) ;
#997 = LINE ( 'NONE', #1217, #4980 ) ;
#998 = ORIENTED_EDGE ( 'NONE', *, *, #1694, .T. ) ;
#999 = PRESENTATION_LAYER_ASSIGNMENT (  '', '', ( #4253 ) ) ;
#1000 = STYLED_ITEM ( 'NONE', ( #2987 ), #112 ) ;
#1001 = CIRCLE ( 'NONE', #5978, 0.2999999999999999889 ) ;
#1002 = CARTESIAN_POINT ( 'NONE',  ( -1.296967984737156021, 0.3191836658906981872, 0.8000000000000000444 ) ) ;
#1003 = CARTESIAN_POINT ( 'NONE',  ( -2.689999999999999503, -2.850000000000000977, 0.6999999999999999556 ) ) ;
#1004 = EDGE_CURVE ( 'NONE', #3275, #1379, #2155, .T. ) ;
#1005 = CYLINDRICAL_SURFACE ( 'NONE', #37, 0.2000000000000000944 ) ;
#1006 = ORIENTED_EDGE ( 'NONE', *, *, #1845, .F. ) ;
#1007 = FACE_BOUND ( 'NONE', #804, .T. ) ;
#1008 = PLANE ( 'NONE',  #5688 ) ;
#1009 = VERTEX_POINT ( 'NONE', #6607 ) ;
#1010 = ORIENTED_EDGE ( 'NONE', *, *, #4844, .T. ) ;
#1011 = ORIENTED_EDGE ( 'NONE', *, *, #3457, .T. ) ;
#1012 =( LENGTH_UNIT ( ) NAMED_UNIT ( * ) SI_UNIT ( .MILLI., .METRE. ) );
#1013 = AXIS2_PLACEMENT_3D ( 'NONE', #3405, #1321, #3445 ) ;
#1014 = CARTESIAN_POINT ( 'NONE',  ( -2.665091198481232659, -2.731627296587916032, 2.900000000000000355 ) ) ;
#1015 = PRESENTATION_LAYER_ASSIGNMENT (  '', '', ( #2322 ) ) ;
#1016 = LINE ( 'NONE', #2930, #6541 ) ;
#1017 = CARTESIAN_POINT ( 'NONE',  ( -0.6525820826912340777, 0.04606588869331802727, 0.8000000000000000444 ) ) ;
#1018 = EDGE_LOOP ( 'NONE', ( #4645, #6446, #1020, #5559 ) ) ;
#1019 = EDGE_LOOP ( 'NONE', ( #4412, #5864, #807, #2239 ) ) ;
#1020 = ORIENTED_EDGE ( 'NONE', *, *, #6001, .T. ) ;
#1021 = CARTESIAN_POINT ( 'NONE',  ( 2.390000000000000568, -3.850000000000000089, 1.626303258728256651E-16 ) ) ;
#1022 = PRESENTATION_STYLE_ASSIGNMENT (( #4175 ) ) ;
#1023 = ORIENTED_EDGE ( 'NONE', *, *, #1436, .F. ) ;
#1024 = DIRECTION ( 'NONE',  ( -0.000000000000000000, -0.000000000000000000, -1.000000000000000000 ) ) ;
#1025 = CARTESIAN_POINT ( 'NONE',  ( -0.2876122053024021130, 0.1820112684880759724, 0.7000000000000001776 ) ) ;
#1026 = CARTESIAN_POINT ( 'NONE',  ( -1.303176668916880887, 0.3662955970417894336, 0.6999999999999999556 ) ) ;
#1027 = CARTESIAN_POINT ( 'NONE',  ( -0.5024038461538462563, 0.4102564102564102977, 0.8000000000000000444 ) ) ;
#1028 = ADVANCED_FACE ( 'NONE', ( #1921 ), #958, .F. ) ;
#1029 = SURFACE_SIDE_STYLE ('',( #6601 ) ) ;
#1030 = VECTOR ( 'NONE', #4462, 1000.000000000000000 ) ;
#1031 = ORIENTED_EDGE ( 'NONE', *, *, #661, .F. ) ;
#1032 = DIRECTION ( 'NONE',  ( -1.000000000000000000, 0.000000000000000000, -0.000000000000000000 ) ) ;
#1033 = FILL_AREA_STYLE ('',( #2091 ) ) ;
#1034 = B_SPLINE_CURVE_WITH_KNOTS ( 'NONE', 3,
 ( #4374, #5875, #750, #3255, #2287, #1285, #5856, #6411, #1241, #730, #2760 ),
 .UNSPECIFIED., .F., .F.,
 ( 4, 1, 1, 1, 1, 1, 1, 1, 4 ),
 ( 0.000000000000000000, 0.1719006646132689997, 0.3306279320958805945, 0.4755488358809185634, 0.6067461903123634315, 0.7250238034674904020, 0.8297423869584565903, 0.9213228203439755015, 0.9999999999999998890 ),
 .UNSPECIFIED. ) ;
#1035 = ORIENTED_EDGE ( 'NONE', *, *, #3097, .T. ) ;
#1036 = PRESENTATION_LAYER_ASSIGNMENT (  '', '', ( #369 ) ) ;
#1037 = ORIENTED_EDGE ( 'NONE', *, *, #2786, .F. ) ;
#1038 = SURFACE_STYLE_USAGE ( .BOTH. , #582 ) ;
#1039 = VECTOR ( 'NONE', #2286, 1000.000000000000000 ) ;
#1040 = ORIENTED_EDGE ( 'NONE', *, *, #85, .T. ) ;
#1041 = DIRECTION ( 'NONE',  ( 0.000000000000000000, 5.421010862427523156E-16, 1.000000000000000000 ) ) ;
#1042 = EDGE_CURVE ( 'NONE', #1758, #5800, #5482, .T. ) ;
#1043 = VERTEX_POINT ( 'NONE', #1984 ) ;
#1044 = PRESENTATION_STYLE_ASSIGNMENT (( #3000 ) ) ;
#1045 = PLANE ( 'NONE',  #2519 ) ;
#1046 = EDGE_CURVE ( 'NONE', #5150, #6412, #6691, .T. ) ;
#1047 = CARTESIAN_POINT ( 'NONE',  ( -1.305679074854715571, 0.3110700315732637389, 0.8000000000000001554 ) ) ;
#1048 = PLANE ( 'NONE',  #673 ) ;
#1049 = B_SPLINE_SURFACE_WITH_KNOTS ( 'NONE', 3, 1, ( 
 ( #3742, #635 ),
 ( #5292, #587 ),
 ( #2662, #4754 ),
 ( #1067, #2196 ),
 ( #1600, #170 ),
 ( #2729, #6347 ),
 ( #5809, #5223 ),
 ( #6283, #2121 ),
 ( #3180, #5742 ),
 ( #6329, #3719 ),
 ( #2635, #3232 ),
 ( #145, #2142 ),
 ( #6259, #3159 ),
 ( #84, #3762 ),
 ( #4804, #609 ),
 ( #1093, #659 ),
 ( #4726, #1623 ),
 ( #4219, #1640 ),
 ( #1123, #5275 ) ),
 .UNSPECIFIED., .F., .F., .F.,
 ( 4, 1, 1, 1, 1, 1, 1, 1, 1, 1, 1, 1, 1, 1, 1, 1, 4 ),
 ( 2, 2 ),
 ( 0.000000000000000000, 0.06966280089907736506, 0.1377495622582728674, 0.2039167435177827170, 0.2687798623293365941, 0.3324137064772236805, 0.3947535404471393394, 0.4561800316591686499, 0.5169956491967194756, 0.5773959379659517888, 0.6371983435092752890, 0.6969991842614546851, 0.7567561942255596197, 0.8165539052726076275, 0.8769479965978700386, 0.9381317879205950394, 0.9999999999999998890 ),
 ( 0.000000000000000000, 1.000000000000000000 ),
 .UNSPECIFIED. ) ;
#1050 = DIRECTION ( 'NONE',  ( 0.000000000000000000, -1.000000000000000000, 0.000000000000000000 ) ) ;
#1051 = CARTESIAN_POINT ( 'NONE',  ( -1.312995065719942955, 0.03400172079729321672, 0.7999999999999998224 ) ) ;
#1052 = DIRECTION ( 'NONE',  ( 0.000000000000000000, -0.000000000000000000, 1.000000000000000000 ) ) ;
#1053 = STYLED_ITEM ( 'NONE', ( #3780 ), #2692 ) ;
#1054 = FILL_AREA_STYLE_COLOUR ( '', #1497 ) ;
#1055 = CARTESIAN_POINT ( 'NONE',  ( -1.365390195101121362, 0.1007603269633943477, 0.8000000000000001554 ) ) ;
#1056 = DIRECTION ( 'NONE',  ( 1.000000000000000000, 1.164243943608595441E-16, -0.000000000000000000 ) ) ;
#1057 =( LENGTH_UNIT ( ) NAMED_UNIT ( * ) SI_UNIT ( .MILLI., .METRE. ) );
#1058 = CARTESIAN_POINT ( 'NONE',  ( -0.6025170169367060069, 0.01149426276160554934, 0.7999999999999999334 ) ) ;
#1059 =( NAMED_UNIT ( * ) SI_UNIT ( $, .STERADIAN. ) SOLID_ANGLE_UNIT ( ) );
#1060 = ADVANCED_FACE ( 'NONE', ( #2386 ), #3280, .F. ) ;
#1061 = EDGE_CURVE ( 'NONE', #1831, #175, #2067, .T. ) ;
#1062 = CARTESIAN_POINT ( 'NONE',  ( -1.301153447802997354, 0.07818865889731614616, 0.8000000000000002665 ) ) ;
#1063 = AXIS2_PLACEMENT_3D ( 'NONE', #2279, #2222, #1157 ) ;
#1064 = VECTOR ( 'NONE', #5608, 1000.000000000000000 ) ;
#1065 = ORIENTED_EDGE ( 'NONE', *, *, #3349, .F. ) ;
#1066 = CARTESIAN_POINT ( 'NONE',  ( -0.2995545518980799460, 0.1248694577619789275, 0.7000000000000001776 ) ) ;
#1067 = CARTESIAN_POINT ( 'NONE',  ( -0.4775156886684360780, -0.009208156793253022623, 0.8000000000000002665 ) ) ;
#1068 = CARTESIAN_POINT ( 'NONE',  ( -0.6531046655396223199, 0.3539187162516532204, 0.8000000000000003775 ) ) ;
#1069 = DIRECTION ( 'NONE',  ( -1.164243943608595441E-16, 1.000000000000000000, -0.000000000000000000 ) ) ;
#1070 = EDGE_CURVE ( 'NONE', #1009, #6686, #1911, .T. ) ;
#1071 = VECTOR ( 'NONE', #4045, 1000.000000000000000 ) ;
#1072 =( NAMED_UNIT ( * ) SI_UNIT ( $, .STERADIAN. ) SOLID_ANGLE_UNIT ( ) );
#1073 = EDGE_LOOP ( 'NONE', ( #5034, #150, #844, #4088 ) ) ;
#1074 = PRESENTATION_STYLE_ASSIGNMENT (( #2528 ) ) ;
#1075 =( GEOMETRIC_REPRESENTATION_CONTEXT ( 3 ) GLOBAL_UNCERTAINTY_ASSIGNED_CONTEXT ( ( #598 ) ) GLOBAL_UNIT_ASSIGNED_CONTEXT ( ( #6089, #5084, #6618 ) ) REPRESENTATION_CONTEXT ( 'NONE', 'WORKASPACE' ) );
#1076 = CARTESIAN_POINT ( 'NONE',  ( -1.370491394664091755, 0.1129139051728350746, 0.7999999999999999334 ) ) ;
#1077 = VECTOR ( 'NONE', #5927, 1000.000000000000000 ) ;
#1078 = CARTESIAN_POINT ( 'NONE',  ( 0.000000000000000000, -3.425000000000000266, 2.700000000000000178 ) ) ;
#1079 = SURFACE_STYLE_USAGE ( .BOTH. , #3166 ) ;
#1080 = UNCERTAINTY_MEASURE_WITH_UNIT (LENGTH_MEASURE( 1.000000000000000082E-05 ), #1982, 'distance_accuracy_value', 'NONE');
#1081 = LINE ( 'NONE', #6696, #293 ) ;
#1082 = ORIENTED_EDGE ( 'NONE', *, *, #761, .F. ) ;
#1083 = EDGE_CURVE ( 'NONE', #2404, #920, #1654, .T. ) ;
#1084 = CARTESIAN_POINT ( 'NONE',  ( -0.5552901447472550212, -0.004934061932441139060, 0.7999999999999999334 ) ) ;
#1085 = CARTESIAN_POINT ( 'NONE',  ( -0.1499999999999996059, -3.350000000000000089, 0.2000000000000003997 ) ) ;
#1086 = PRESENTATION_STYLE_ASSIGNMENT (( #3788 ) ) ;
#1087 = ORIENTED_EDGE ( 'NONE', *, *, #2190, .F. ) ;
#1088 = MECHANICAL_DESIGN_GEOMETRIC_PRESENTATION_REPRESENTATION (  '', ( #6308 ), #1798 ) ;
#1089 = ORIENTED_EDGE ( 'NONE', *, *, #5189, .T. ) ;
#1090 = CARTESIAN_POINT ( 'NONE',  ( -0.1500000000000004385, 3.850000000000000089, -0.2999999999999998224 ) ) ;
#1091 = PRESENTATION_STYLE_ASSIGNMENT (( #1250 ) ) ;
#1092 = DIRECTION ( 'NONE',  ( 0.000000000000000000, 0.000000000000000000, -1.000000000000000000 ) ) ;
#1093 = CARTESIAN_POINT ( 'NONE',  ( -0.3535862268739889402, 0.04323163416576940310, 0.8000000000000000444 ) ) ;
#1094 = DIRECTION ( 'NONE',  ( 0.000000000000000000, -0.000000000000000000, -1.000000000000000000 ) ) ;
#1095 = CARTESIAN_POINT ( 'NONE',  ( -1.252564102564102777, 0.05120192307692308237, 0.8000000000000000444 ) ) ;
#1096 = EDGE_CURVE ( 'NONE', #2404, #2709, #4990, .T. ) ;
#1097 = CIRCLE ( 'NONE', #6479, 0.2999999999999999334 ) ;
#1098 = FILL_AREA_STYLE ('',( #5782 ) ) ;
#1099 = ORIENTED_EDGE ( 'NONE', *, *, #5526, .T. ) ;
#1100 = VECTOR ( 'NONE', #1547, 1000.000000000000000 ) ;
#1101 = ORIENTED_EDGE ( 'NONE', *, *, #440, .F. ) ;
#1102 = VERTEX_POINT ( 'NONE', #5159 ) ;
#1103 = ORIENTED_EDGE ( 'NONE', *, *, #2005, .F. ) ;
#1104 = ADVANCED_FACE ( 'NONE', ( #4246 ), #1176, .T. ) ;
#1105 = SURFACE_STYLE_FILL_AREA ( #563 ) ;
#1106 = CARTESIAN_POINT ( 'NONE',  ( -1.239994942246168685, 0.3486840020131321549, 0.6999999999999999556 ) ) ;
#1107 = CARTESIAN_POINT ( 'NONE',  ( -1.144818681930727333, 0.04105399489696306969, 0.7000000000000000666 ) ) ;
#1108 = DIRECTION ( 'NONE',  ( -0.000000000000000000, -0.000000000000000000, -1.000000000000000000 ) ) ;
#1109 = VERTEX_POINT ( 'NONE', #2192 ) ;
#1110 = VECTOR ( 'NONE', #4771, 1000.000000000000000 ) ;
#1111 =( NAMED_UNIT ( * ) PLANE_ANGLE_UNIT ( ) SI_UNIT ( $, .RADIAN. ) );
#1112 = AXIS2_PLACEMENT_3D ( 'NONE', #676, #4282, #6305 ) ;
#1113 = DIRECTION ( 'NONE',  ( 0.000000000000000000, 1.000000000000000000, -4.336808689942017736E-16 ) ) ;
#1114 = STYLED_ITEM ( 'NONE', ( #1226 ), #4128 ) ;
#1115 = COLOUR_RGB ( '',0.7960784313725489669, 0.8235294117647058432, 0.9372549019607843146 ) ;
#1116 = CARTESIAN_POINT ( 'NONE',  ( -0.5675943171372067608, -0.001819554878283214955, 0.8000000000000003775 ) ) ;
#1117 = ORIENTED_EDGE ( 'NONE', *, *, #5530, .F. ) ;
#1118 = CARTESIAN_POINT ( 'NONE',  ( -0.5426369153956077662, -0.007365042946550651691, 0.6999999999999998446 ) ) ;
#1119 = DIRECTION ( 'NONE',  ( 1.164243943608595195E-16, -1.000000000000000000, -1.355252715606880789E-16 ) ) ;
#1120 = COLOUR_RGB ( '',0.1803921568627450955, 0.1803921568627450955, 0.1803921568627450955 ) ;
#1121 = DIRECTION ( 'NONE',  ( -1.000000000000000000, -1.164243943608595688E-16, 0.000000000000000000 ) ) ;
#1122 = SURFACE_STYLE_USAGE ( .BOTH. , #4725 ) ;
#1123 = CARTESIAN_POINT ( 'NONE',  ( -0.3379006410256411019, 0.05969551282051283048, 0.8000000000000001554 ) ) ;
#1124 = CARTESIAN_POINT ( 'NONE',  ( -0.3869585997044107106, 0.06761187549697660060, 0.8000000000000000444 ) ) ;
#1125 = ORIENTED_EDGE ( 'NONE', *, *, #877, .T. ) ;
#1126 = EDGE_CURVE ( 'NONE', #4955, #4924, #383, .T. ) ;
#1127 = CARTESIAN_POINT ( 'NONE',  ( 3.025000000000002132, -3.425000000000000266, 3.000000000000000000 ) ) ;
#1128 = ORIENTED_EDGE ( 'NONE', *, *, #1096, .F. ) ;
#1129 = VECTOR ( 'NONE', #1490, 1000.000000000000227 ) ;
#1130 = ORIENTED_EDGE ( 'NONE', *, *, #4712, .F. ) ;
#1131 = CARTESIAN_POINT ( 'NONE',  ( -1.243349358974359165, 0.3477564102564102977, 0.8000000000000000444 ) ) ;
#1132 =( NAMED_UNIT ( * ) PLANE_ANGLE_UNIT ( ) SI_UNIT ( $, .RADIAN. ) );
#1133 = ORIENTED_EDGE ( 'NONE', *, *, #4747, .F. ) ;
#1134 = CARTESIAN_POINT ( 'NONE',  ( -1.435897435897435903, 0.000000000000000000, 0.8000000000000000444 ) ) ;
#1135 = CARTESIAN_POINT ( 'NONE',  ( -0.5028846153846154854, -0.01025641025641025814, 0.6999999999999999556 ) ) ;
#1136 = DIRECTION ( 'NONE',  ( 0.7941277684358859501, -0.6077508431907271413, 0.000000000000000000 ) ) ;
#1137 = B_SPLINE_CURVE_WITH_KNOTS ( 'NONE', 3,
 ( #5375, #5395, #5907, #3823, #241, #1698, #2737, #3862, #3258, #3798, #4300, #752, #5819, #1720, #357, #5510, #1357, #3969, #3449 ),
 .UNSPECIFIED., .F., .F.,
 ( 4, 1, 1, 1, 1, 1, 1, 1, 1, 1, 1, 1, 1, 1, 1, 1, 4 ),
 ( 0.000000000000000000, 0.07015117599727851982, 0.1378126061901916999, 0.2032262471813942317, 0.2671740552944735780, 0.3300240034081790008, 0.3917942717866856328, 0.4530843989971408137, 0.5143339076458770531, 0.5749999928182688569, 0.6348654826222127623, 0.6941163151896418970, 0.7534416217804383864, 0.8131258003036114790, 0.8740796856370746104, 0.9360070132744072735, 1.000000000000000000 ),
 .UNSPECIFIED. ) ;
#1138 = PRESENTATION_LAYER_ASSIGNMENT (  '', '', ( #797 ) ) ;
#1139 = DIRECTION ( 'NONE',  ( -1.164243943608595441E-16, 1.000000000000000000, 0.000000000000000000 ) ) ;
#1140 = PRESENTATION_LAYER_ASSIGNMENT (  '', '', ( #1000 ) ) ;
#1141 = ADVANCED_FACE ( 'NONE', ( #5793 ), #3175, .T. ) ;
#1142 = CARTESIAN_POINT ( 'NONE',  ( -3.024999999999998579, -3.425000000000000266, 2.700000000000000178 ) ) ;
#1143 = EDGE_CURVE ( 'NONE', #4947, #6362, #5313, .T. ) ;
#1144 = CARTESIAN_POINT ( 'NONE',  ( -0.08717948717948718895, 0.4000000000000000222, 0.8000000000000000444 ) ) ;
#1145 = CARTESIAN_POINT ( 'NONE',  ( -0.1499999999999996614, -2.849999999999999645, -0.09999999999999996392 ) ) ;
#1146 = CARTESIAN_POINT ( 'NONE',  ( -0.5628237953273550476, 0.03977835868332680463, 0.6999999999999999556 ) ) ;
#1147 = CARTESIAN_POINT ( 'NONE',  ( 0.1500000000000004385, -3.850000000000000089, 1.626303258728256651E-16 ) ) ;
#1148 = LINE ( 'NONE', #2227, #356 ) ;
#1149 = CARTESIAN_POINT ( 'NONE',  ( -0.4656271420926503257, 0.03354761702236834509, 0.7999999999999999334 ) ) ;
#1150 = DIRECTION ( 'NONE',  ( 1.000000000000000000, 1.164243943608595441E-16, -0.000000000000000000 ) ) ;
#1151 =( GEOMETRIC_REPRESENTATION_CONTEXT ( 3 ) GLOBAL_UNCERTAINTY_ASSIGNED_CONTEXT ( ( #4501 ) ) GLOBAL_UNIT_ASSIGNED_CONTEXT ( ( #4583, #3514, #1413 ) ) REPRESENTATION_CONTEXT ( 'NONE', 'WORKASPACE' ) );
#1152 = PRESENTATION_LAYER_ASSIGNMENT (  '', '', ( #809 ) ) ;
#1153 = ORIENTED_EDGE ( 'NONE', *, *, #6485, .F. ) ;
#1154 = CARTESIAN_POINT ( 'NONE',  ( -1.293585491601767057, 0.02151901644690180568, 0.7000000000000001776 ) ) ;
#1155 = CARTESIAN_POINT ( 'NONE',  ( -0.4961507364856381219, 0.3691846020867876055, 0.8000000000000000444 ) ) ;
#1156 = CARTESIAN_POINT ( 'NONE',  ( -3.024999999999999467, 3.425000000000000266, 3.000000000000000000 ) ) ;
#1157 = DIRECTION ( 'NONE',  ( 0.000000000000000000, 1.000000000000000000, 0.000000000000000000 ) ) ;
#1158 = EDGE_CURVE ( 'NONE', #4596, #3291, #2791, .T. ) ;
#1159 =( GEOMETRIC_REPRESENTATION_CONTEXT ( 3 ) GLOBAL_UNCERTAINTY_ASSIGNED_CONTEXT ( ( #5288 ) ) GLOBAL_UNIT_ASSIGNED_CONTEXT ( ( #2689, #6420, #5338 ) ) REPRESENTATION_CONTEXT ( 'NONE', 'WORKASPACE' ) );
#1160 = FILL_AREA_STYLE_COLOUR ( '', #4750 ) ;
#1161 = FACE_OUTER_BOUND ( 'NONE', #2798, .T. ) ;
#1162 = DIRECTION ( 'NONE',  ( 0.000000000000000000, 0.000000000000000000, 1.000000000000000000 ) ) ;
#1163 = CARTESIAN_POINT ( 'NONE',  ( 3.025000000000002132, -3.425000000000000266, 3.000000000000000000 ) ) ;
#1164 = SURFACE_SIDE_STYLE ('',( #3465 ) ) ;
#1165 = DIRECTION ( 'NONE',  ( 0.000000000000000000, -0.000000000000000000, 1.000000000000000000 ) ) ;
#1166 = CARTESIAN_POINT ( 'NONE',  ( -0.5678831086491694657, 0.4018473106211064572, 0.8000000000000003775 ) ) ;
#1167 = ORIENTED_EDGE ( 'NONE', *, *, #614, .F. ) ;
#1168 = UNCERTAINTY_MEASURE_WITH_UNIT (LENGTH_MEASURE( 1.000000000000000082E-05 ), #1480, 'distance_accuracy_value', 'NONE');
#1169 = LINE ( 'NONE', #5456, #5151 ) ;
#1170 = ADVANCED_FACE ( 'NONE', ( #5553 ), #630, .T. ) ;
#1171 = EDGE_CURVE ( 'NONE', #2873, #2525, #6524, .T. ) ;
#1172 = VECTOR ( 'NONE', #3422, 1000.000000000000000 ) ;
#1173 = CARTESIAN_POINT ( 'NONE',  ( 3.325000000000001954, 3.425000000000000266, 0.6999999999999999556 ) ) ;
#1174 = UNCERTAINTY_MEASURE_WITH_UNIT (LENGTH_MEASURE( 1.000000000000000082E-05 ), #1956, 'distance_accuracy_value', 'NONE');
#1175 = VECTOR ( 'NONE', #3745, 1000.000000000000000 ) ;
#1176 = CYLINDRICAL_SURFACE ( 'NONE', #6587, 0.2999999999999999334 ) ;
#1177 = ORIENTED_EDGE ( 'NONE', *, *, #4913, .F. ) ;
#1178 = CARTESIAN_POINT ( 'NONE',  ( -1.258517700359157221, 0.008296504367708101499, 0.7000000000000001776 ) ) ;
#1179 = FILL_AREA_STYLE_COLOUR ( '', #6214 ) ;
#1180 = FACE_OUTER_BOUND ( 'NONE', #3986, .T. ) ;
#1181 = CARTESIAN_POINT ( 'NONE',  ( 2.390000000000000568, -3.350000000000000089, 0.2000000000000003997 ) ) ;
#1182 = ORIENTED_EDGE ( 'NONE', *, *, #4648, .F. ) ;
#1183 = PRESENTATION_STYLE_ASSIGNMENT (( #1695 ) ) ;
#1184 = LINE ( 'NONE', #2265, #2309 ) ;
#1185 = CARTESIAN_POINT ( 'NONE',  ( -2.389999999999999680, -3.050000000000000711, -0.3000000000000002109 ) ) ;
#1186 = ORIENTED_EDGE ( 'NONE', *, *, #4951, .F. ) ;
#1187 = DIRECTION ( 'NONE',  ( 1.000000000000000000, 0.000000000000000000, 0.000000000000000000 ) ) ;
#1188 = VECTOR ( 'NONE', #619, 1000.000000000000000 ) ;
#1189 = LINE ( 'NONE', #6335, #4102 ) ;
#1190 = MECHANICAL_DESIGN_GEOMETRIC_PRESENTATION_REPRESENTATION (  '', ( #5270 ), #1541 ) ;
#1191 = CARTESIAN_POINT ( 'NONE',  ( 3.325000000000002398, 1.043175853018396326, 0.2999999999999999889 ) ) ;
#1192 = VERTEX_POINT ( 'NONE', #2232 ) ;
#1193 = LINE ( 'NONE', #717, #1848 ) ;
#1194 = FILL_AREA_STYLE ('',( #1237 ) ) ;
#1195 = DIRECTION ( 'NONE',  ( -1.000000000000000000, 0.000000000000000000, 0.000000000000000000 ) ) ;
#1196 = CARTESIAN_POINT ( 'NONE',  ( 3.025000000000002132, -3.425000000000000266, 2.700000000000000178 ) ) ;
#1197 = VERTEX_POINT ( 'NONE', #3713 ) ;
#1198 = CARTESIAN_POINT ( 'NONE',  ( -0.3230769230769230949, 0.1995993589743589869, 0.8000000000000000444 ) ) ;
#1199 = STYLED_ITEM ( 'NONE', ( #50 ), #2975 ) ;
#1200 = CARTESIAN_POINT ( 'NONE',  ( -0.7948717948717949344, 0.3589743589743589758, 0.8000000000000000444 ) ) ;
#1201 = EDGE_LOOP ( 'NONE', ( #1023, #1612, #5716, #4446, #3436, #1954 ) ) ;
#1202 = COLOUR_RGB ( '',0.7960784313725489669, 0.8235294117647058432, 0.9372549019607843146 ) ;
#1203 = CARTESIAN_POINT ( 'NONE',  ( -0.4763233689346232924, 0.3678802248214749770, 0.7999999999999999334 ) ) ;
#1204 =( NAMED_UNIT ( * ) SI_UNIT ( $, .STERADIAN. ) SOLID_ANGLE_UNIT ( ) );
#1205 = FACE_OUTER_BOUND ( 'NONE', #1847, .T. ) ;
#1206 = CARTESIAN_POINT ( 'NONE',  ( -1.258517700359157221, 0.008296504367708101499, 0.7999999999999998224 ) ) ;
#1207 = CARTESIAN_POINT ( 'NONE',  ( -0.3286476858649096666, 0.2449660905812630352, 0.7999999999999999334 ) ) ;
#1208 = EDGE_CURVE ( 'NONE', #5638, #3576, #54, .T. ) ;
#1209 =( GEOMETRIC_REPRESENTATION_CONTEXT ( 3 ) GLOBAL_UNCERTAINTY_ASSIGNED_CONTEXT ( ( #3889 ) ) GLOBAL_UNIT_ASSIGNED_CONTEXT ( ( #45, #3671, #1059 ) ) REPRESENTATION_CONTEXT ( 'NONE', 'WORKASPACE' ) );
#1210 = AXIS2_PLACEMENT_3D ( 'NONE', #588, #4220, #1165 ) ;
#1211 = FILL_AREA_STYLE_COLOUR ( '', #1120 ) ;
#1212 = LINE ( 'NONE', #1320, #2266 ) ;
#1213 = ORIENTED_EDGE ( 'NONE', *, *, #5725, .T. ) ;
#1214 = ADVANCED_FACE ( 'NONE', ( #4157 ), #4288, .F. ) ;
#1215 = CARTESIAN_POINT ( 'NONE',  ( 3.025000000000001243, 3.425000000000000266, 2.700000000000000178 ) ) ;
#1216 = ORIENTED_EDGE ( 'NONE', *, *, #761, .T. ) ;
#1217 = CARTESIAN_POINT ( 'NONE',  ( -1.092307692307692424, 0.3589743589743589758, 0.8000000000000000444 ) ) ;
#1218 = PRESENTATION_STYLE_ASSIGNMENT (( #1509 ) ) ;
#1219 = CARTESIAN_POINT ( 'NONE',  ( -0.7589743589743590535, 0.000000000000000000, 0.8000000000000000444 ) ) ;
#1220 = CARTESIAN_POINT ( 'NONE',  ( -0.3988299090377885880, 0.3870678988900004835, 0.8000000000000001554 ) ) ;
#1221 = VERTEX_POINT ( 'NONE', #1144 ) ;
#1222 = CARTESIAN_POINT ( 'NONE',  ( -0.4311690971683505014, 0.3566305601049936658, 0.6999999999999998446 ) ) ;
#1223 = EDGE_CURVE ( 'NONE', #247, #5349, #6187, .T. ) ;
#1224 = CARTESIAN_POINT ( 'NONE',  ( -3.024999999999999023, 1.043175853018395660, 0.2999999999999999889 ) ) ;
#1225 = EDGE_LOOP ( 'NONE', ( #5233, #5423, #887, #5560 ) ) ;
#1226 = PRESENTATION_STYLE_ASSIGNMENT (( #4408 ) ) ;
#1227 = CARTESIAN_POINT ( 'NONE',  ( -0.3517521433118474539, 0.2949296944088641292, 0.8000000000000000444 ) ) ;
#1228 = EDGE_CURVE ( 'NONE', #2147, #4491, #1081, .T. ) ;
#1229 = CARTESIAN_POINT ( 'NONE',  ( -1.345902994328130209, 0.06783731252180567883, 0.7000000000000003997 ) ) ;
#1230 = DIRECTION ( 'NONE',  ( 1.000000000000000000, 1.164243943608595441E-16, -0.000000000000000000 ) ) ;
#1231 = CIRCLE ( 'NONE', #4627, 0.3107604898198177423 ) ;
#1232 = CARTESIAN_POINT ( 'NONE',  ( -2.690000000000000391, 3.149999999999999467, 0.6999999999999998446 ) ) ;
#1233 = FILL_AREA_STYLE ('',( #1211 ) ) ;
#1234 = PRESENTATION_LAYER_ASSIGNMENT (  '', '', ( #6480 ) ) ;
#1235 = CARTESIAN_POINT ( 'NONE',  ( -1.195536397286891983, 0.3981360605812377940, 0.8000000000000000444 ) ) ;
#1236 = EDGE_CURVE ( 'NONE', #219, #6456, #6269, .T. ) ;
#1237 = FILL_AREA_STYLE_COLOUR ( '', #3057 ) ;
#1238 = CARTESIAN_POINT ( 'NONE',  ( -1.177389681576034075, 0.3992321138210237486, 0.7000000000000000666 ) ) ;
#1239 = DIRECTION ( 'NONE',  ( 1.000000000000000000, 1.164243943608595441E-16, 0.000000000000000000 ) ) ;
#1240 = CARTESIAN_POINT ( 'NONE',  ( -0.3582876187707474402, 0.3038270856679790577, 0.6999999999999998446 ) ) ;
#1241 = CARTESIAN_POINT ( 'NONE',  ( -1.243385508681660978, 0.04853655116246716195, 0.6999999999999998446 ) ) ;
#1242 = COLOUR_RGB ( '',0.7960784313725489669, 0.8235294117647058432, 0.9372549019607843146 ) ;
#1243 = VERTEX_POINT ( 'NONE', #6375 ) ;
#1244 = CARTESIAN_POINT ( 'NONE',  ( -1.177389072080943899, 0.3574649145608261858, 0.7999999999999999334 ) ) ;
#1245 = MECHANICAL_DESIGN_GEOMETRIC_PRESENTATION_REPRESENTATION (  '', ( #2669 ), #1586 ) ;
#1246 = PRESENTATION_LAYER_ASSIGNMENT (  '', '', ( #304 ) ) ;
#1247 = CARTESIAN_POINT ( 'NONE',  ( -0.9846153846153847811, 0.1948717948717949011, 0.6999999999999999556 ) ) ;
#1248 = FACE_OUTER_BOUND ( 'NONE', #1073, .T. ) ;
#1249 = CARTESIAN_POINT ( 'NONE',  ( -0.4881689087632510859, 0.3690926962734671357, 0.8000000000000000444 ) ) ;
#1250 = SURFACE_STYLE_USAGE ( .BOTH. , #775 ) ;
#1251 = FACE_OUTER_BOUND ( 'NONE', #5989, .T. ) ;
#1252 = ORIENTED_EDGE ( 'NONE', *, *, #3404, .T. ) ;
#1253 = CARTESIAN_POINT ( 'NONE',  ( -0.2871794871794872139, 0.2023237179487179793, 0.6999999999999999556 ) ) ;
#1254 = LINE ( 'NONE', #218, #1077 ) ;
#1255 = DIRECTION ( 'NONE',  ( -0.000000000000000000, -0.000000000000000000, -1.000000000000000000 ) ) ;
#1256 = VECTOR ( 'NONE', #1465, 1000.000000000000000 ) ;
#1257 = ORIENTED_EDGE ( 'NONE', *, *, #3924, .T. ) ;
#1258 = CARTESIAN_POINT ( 'NONE',  ( 2.390000000000000568, -3.850000000000000089, -0.2999999999999998224 ) ) ;
#1259 = CARTESIAN_POINT ( 'NONE',  ( -0.5024038461538462563, 0.4102564102564102977, 0.8000000000000000444 ) ) ;
#1260 = CARTESIAN_POINT ( 'NONE',  ( -0.3318133135958852287, 0.2556119375331149524, 0.6999999999999999556 ) ) ;
#1261 = CARTESIAN_POINT ( 'NONE',  ( -2.690000000000000391, 2.849999999999999645, 0.6999999999999999556 ) ) ;
#1262 = VERTEX_POINT ( 'NONE', #4216 ) ;
#1263 = VECTOR ( 'NONE', #1150, 1000.000000000000000 ) ;
#1264 = ORIENTED_EDGE ( 'NONE', *, *, #2963, .T. ) ;
#1265 = CARTESIAN_POINT ( 'NONE',  ( -0.3457273404474578982, 0.2856367335450530343, 0.8000000000000000444 ) ) ;
#1266 = CARTESIAN_POINT ( 'NONE',  ( -0.1500000000000004385, 3.850000000000000089, -0.2999999999999998224 ) ) ;
#1267 = FILL_AREA_STYLE_COLOUR ( '', #6044 ) ;
#1268 = PRESENTATION_LAYER_ASSIGNMENT (  '', '', ( #6610 ) ) ;
#1269 = EDGE_LOOP ( 'NONE', ( #5668, #4173, #420, #5112 ) ) ;
#1270 = COLOUR_RGB ( '',0.7960784313725489669, 0.8235294117647058432, 0.9372549019607843146 ) ;
#1271 = VECTOR ( 'NONE', #3124, 1000.000000000000000 ) ;
#1272 = DIRECTION ( 'NONE',  ( 1.000000000000000000, 1.164243943608595441E-16, 0.000000000000000000 ) ) ;
#1273 = ORIENTED_EDGE ( 'NONE', *, *, #122, .F. ) ;
#1274 = EDGE_LOOP ( 'NONE', ( #104, #4031, #2554, #3218 ) ) ;
#1275 = CARTESIAN_POINT ( 'NONE',  ( -1.348644456698963712, 0.1905954247745671182, 0.6999999999999998446 ) ) ;
#1276 = EDGE_CURVE ( 'NONE', #5877, #3547, #133, .T. ) ;
#1277 = CARTESIAN_POINT ( 'NONE',  ( -1.309087632523835643, 0.08579677190348354576, 0.7999999999999997113 ) ) ;
#1278 = PRESENTATION_STYLE_ASSIGNMENT (( #5384 ) ) ;
#1279 = ORIENTED_EDGE ( 'NONE', *, *, #4851, .F. ) ;
#1280 = CARTESIAN_POINT ( 'NONE',  ( 2.389999999999999680, 2.850000000000000089, 0.6999999999999999556 ) ) ;
#1281 = PLANE ( 'NONE',  #4705 ) ;
#1282 = ORIENTED_EDGE ( 'NONE', *, *, #4888, .T. ) ;
#1283 = MECHANICAL_DESIGN_GEOMETRIC_PRESENTATION_REPRESENTATION (  '', ( #922 ), #6356 ) ;
#1284 = AXIS2_PLACEMENT_3D ( 'NONE', #2795, #3879, #1731 ) ;
#1285 = CARTESIAN_POINT ( 'NONE',  ( -1.207526304966826114, 0.04346329759767841167, 0.6999999999999999556 ) ) ;
#1286 = ORIENTED_EDGE ( 'NONE', *, *, #5871, .T. ) ;
#1287 = CARTESIAN_POINT ( 'NONE',  ( -0.4418710964724574253, -0.003604247304356313682, 0.7999999999999997113 ) ) ;
#1288 = DIRECTION ( 'NONE',  ( -0.000000000000000000, -0.000000000000000000, -1.000000000000000000 ) ) ;
#1289 = ORIENTED_EDGE ( 'NONE', *, *, #3924, .F. ) ;
#1290 = VERTEX_POINT ( 'NONE', #3299 ) ;
#1291 =( LENGTH_UNIT ( ) NAMED_UNIT ( * ) SI_UNIT ( .MILLI., .METRE. ) );
#1292 = ORIENTED_EDGE ( 'NONE', *, *, #5351, .F. ) ;
#1293 = EDGE_CURVE ( 'NONE', #5355, #3074, #6608, .T. ) ;
#1294 = FILL_AREA_STYLE_COLOUR ( '', #6206 ) ;
#1295 = PRESENTATION_LAYER_ASSIGNMENT (  '', '', ( #2332 ) ) ;
#1296 = ORIENTED_EDGE ( 'NONE', *, *, #6648, .T. ) ;
#1297 = CARTESIAN_POINT ( 'NONE',  ( -1.342478005895350490, 0.1450182044544264526, 0.8000000000000000444 ) ) ;
#1298 = CARTESIAN_POINT ( 'NONE',  ( -0.9846153846153847811, 0.3589743589743589758, 0.8000000000000000444 ) ) ;
#1299 = DIRECTION ( 'NONE',  ( -0.000000000000000000, -0.000000000000000000, -1.000000000000000000 ) ) ;
#1300 = CARTESIAN_POINT ( 'NONE',  ( -0.6455128205128205510, 0.09743589743589745056, 0.6999999999999999556 ) ) ;
#1301 =( NAMED_UNIT ( * ) PLANE_ANGLE_UNIT ( ) SI_UNIT ( $, .RADIAN. ) );
#1302 = VECTOR ( 'NONE', #409, 1000.000000000000000 ) ;
#1303 = DIRECTION ( 'NONE',  ( 1.164243943608595195E-16, -1.000000000000000000, 1.355252715606880789E-16 ) ) ;
#1304 = EDGE_CURVE ( 'NONE', #438, #631, #6518, .T. ) ;
#1305 = AXIS2_PLACEMENT_3D ( 'NONE', #2641, #6263, #58 ) ;
#1306 = CARTESIAN_POINT ( 'NONE',  ( -2.390000000000000568, 3.849999999999999645, 1.626303258728256651E-16 ) ) ;
#1307 = CARTESIAN_POINT ( 'NONE',  ( -1.180368589743589824, 0.000000000000000000, 0.6999999999999999556 ) ) ;
#1308 = DIRECTION ( 'NONE',  ( -1.164243943608595441E-16, 1.000000000000000000, 0.000000000000000000 ) ) ;
#1309 = DIRECTION ( 'NONE',  ( -1.000000000000000000, 0.000000000000000000, 0.000000000000000000 ) ) ;
#1310 = AXIS2_PLACEMENT_3D ( 'NONE', #2893, #2412, #4386 ) ;
#1311 = CARTESIAN_POINT ( 'NONE',  ( -1.348644456698963712, 0.1905954247745671182, 0.7999999999999999334 ) ) ;
#1312 = STYLED_ITEM ( 'NONE', ( #4997 ), #969 ) ;
#1313 = VERTEX_POINT ( 'NONE', #701 ) ;
#1314 =( NAMED_UNIT ( * ) PLANE_ANGLE_UNIT ( ) SI_UNIT ( $, .RADIAN. ) );
#1315 = EDGE_CURVE ( 'NONE', #4758, #4926, #4908, .T. ) ;
#1316 = DIRECTION ( 'NONE',  ( 1.000000000000000000, 1.164243943608595441E-16, -0.000000000000000000 ) ) ;
#1317 = AXIS2_PLACEMENT_3D ( 'NONE', #1368, #1890, #5519 ) ;
#1318 = SURFACE_STYLE_USAGE ( .BOTH. , #2919 ) ;
#1319 = CARTESIAN_POINT ( 'NONE',  ( -0.3619665727957989687, 0.09119549527372365627, 0.6999999999999998446 ) ) ;
#1320 = CARTESIAN_POINT ( 'NONE',  ( -0.1499999999999996614, -2.850000000000000089, 0.6999999999999999556 ) ) ;
#1321 = DIRECTION ( 'NONE',  ( 0.000000000000000000, -1.000000000000000000, 0.000000000000000000 ) ) ;
#1322 = LINE ( 'NONE', #5167, #5861 ) ;
#1323 = AXIS2_PLACEMENT_3D ( 'NONE', #3485, #360, #5550 ) ;
#1324 = AXIS2_PLACEMENT_3D ( 'NONE', #4439, #2406, #6003 ) ;
#1325 =( NAMED_UNIT ( * ) SI_UNIT ( $, .STERADIAN. ) SOLID_ANGLE_UNIT ( ) );
#1326 = CARTESIAN_POINT ( 'NONE',  ( -1.214451826017967306, 0.001236551124432138217, 0.7000000000000000666 ) ) ;
#1327 = LINE ( 'NONE', #5919, #452 ) ;
#1328 = VERTEX_POINT ( 'NONE', #762 ) ;
#1329 = VECTOR ( 'NONE', #5494, 1000.000000000000000 ) ;
#1330 = CARTESIAN_POINT ( 'NONE',  ( -0.6769230769230770717, 0.3266025641025641635, 0.8000000000000000444 ) ) ;
#1331 = FILL_AREA_STYLE ('',( #1294 ) ) ;
#1332 = ORIENTED_EDGE ( 'NONE', *, *, #1942, .F. ) ;
#1333 = CARTESIAN_POINT ( 'NONE',  ( -1.384533966690088436, 0.2006448497321173807, 0.7999999999999999334 ) ) ;
#1334 = CARTESIAN_POINT ( 'NONE',  ( -1.334348848843054602, 0.1230620937260164804, 0.7000000000000005107 ) ) ;
#1335 = LINE ( 'NONE', #639, #141 ) ;
#1336 = SURFACE_STYLE_FILL_AREA ( #2679 ) ;
#1337 = ORIENTED_EDGE ( 'NONE', *, *, #4517, .T. ) ;
#1338 = CARTESIAN_POINT ( 'NONE',  ( 3.325000000000002398, -1.343175853018395260, 0.000000000000000000 ) ) ;
#1339 = FACE_BOUND ( 'NONE', #2995, .T. ) ;
#1340 = CARTESIAN_POINT ( 'NONE',  ( -1.277881527712995791, 0.3803263859655178769, 0.6999999999999998446 ) ) ;
#1341 = CARTESIAN_POINT ( 'NONE',  ( -1.776362179487179782, 0.000000000000000000, 0.8000000000000000444 ) ) ;
#1342 = EDGE_CURVE ( 'NONE', #3324, #625, #2539, .T. ) ;
#1343 = PLANE ( 'NONE',  #3376 ) ;
#1344 = VERTEX_POINT ( 'NONE', #2313 ) ;
#1345 = VECTOR ( 'NONE', #5998, 1000.000000000000000 ) ;
#1346 = CARTESIAN_POINT ( 'NONE',  ( 2.689999999999999503, 3.050000000000000266, -0.09999999999999993616 ) ) ;
#1347 = ORIENTED_EDGE ( 'NONE', *, *, #3813, .F. ) ;
#1348 = CARTESIAN_POINT ( 'NONE',  ( -0.4374588842654693610, 0.4022268275256529746, 0.7000000000000000666 ) ) ;
#1349 = LINE ( 'NONE', #917, #2398 ) ;
#1350 = LINE ( 'NONE', #4693, #3123 ) ;
#1351 = CARTESIAN_POINT ( 'NONE',  ( -1.243349358974359165, 0.3477564102564102977, 0.8000000000000000444 ) ) ;
#1352 = EDGE_CURVE ( 'NONE', #277, #4101, #2700, .T. ) ;
#1353 = ORIENTED_EDGE ( 'NONE', *, *, #1563, .T. ) ;
#1354 = FACE_OUTER_BOUND ( 'NONE', #1018, .T. ) ;
#1355 = VERTEX_POINT ( 'NONE', #1300 ) ;
#1356 = PLANE ( 'NONE',  #4917 ) ;
#1357 = CARTESIAN_POINT ( 'NONE',  ( -1.255382692088441221, 0.3438128728587397931, 0.6999999999999999556 ) ) ;
#1358 = DIRECTION ( 'NONE',  ( 5.049103251854120913E-32, -4.336808689942017736E-16, -1.000000000000000000 ) ) ;
#1359 = PRESENTATION_LAYER_ASSIGNMENT (  '', '', ( #6339 ) ) ;
#1360 = EDGE_CURVE ( 'NONE', #1410, #4158, #4237, .T. ) ;
#1361 = LINE ( 'NONE', #984, #3482 ) ;
#1362 = DIRECTION ( 'NONE',  ( 0.000000000000000000, -1.000000000000000000, 1.355252715606880789E-16 ) ) ;
#1363 = ORIENTED_EDGE ( 'NONE', *, *, #827, .F. ) ;
#1364 = CARTESIAN_POINT ( 'NONE',  ( -1.370491394664091755, 0.1129139051728350746, 0.7999999999999999334 ) ) ;
#1365 = CARTESIAN_POINT ( 'NONE',  ( -0.4582684121655189458, 0.4068386202899898496, 0.6999999999999998446 ) ) ;
#1366 = EDGE_CURVE ( 'NONE', #5513, #2156, #2872, .T. ) ;
#1367 = FACE_OUTER_BOUND ( 'NONE', #6203, .T. ) ;
#1368 = CARTESIAN_POINT ( 'NONE',  ( -2.690000000000000391, 3.349999999999999645, 0.2000000000000003997 ) ) ;
#1369 = SURFACE_SIDE_STYLE ('',( #4064 ) ) ;
#1370 = PLANE ( 'NONE',  #2875 ) ;
#1371 = DIRECTION ( 'NONE',  ( 1.000000000000000000, 0.000000000000000000, 0.000000000000000000 ) ) ;
#1372 = DIRECTION ( 'NONE',  ( 1.000000000000000000, 0.000000000000000000, 0.000000000000000000 ) ) ;
#1373 = ORIENTED_EDGE ( 'NONE', *, *, #3309, .T. ) ;
#1374 = CARTESIAN_POINT ( 'NONE',  ( -0.5001602564102564097, 0.3692307692307692513, 0.6999999999999999556 ) ) ;
#1375 = AXIS2_PLACEMENT_3D ( 'NONE', #597, #6178, #1113 ) ;
#1376 =( GEOMETRIC_REPRESENTATION_CONTEXT ( 3 ) GLOBAL_UNCERTAINTY_ASSIGNED_CONTEXT ( ( #6526 ) ) GLOBAL_UNIT_ASSIGNED_CONTEXT ( ( #910, #2992, #436 ) ) REPRESENTATION_CONTEXT ( 'NONE', 'WORKASPACE' ) );
#1377 = DIRECTION ( 'NONE',  ( 1.164243943608595441E-16, -1.000000000000000000, 0.000000000000000000 ) ) ;
#1378 = ORIENTED_EDGE ( 'NONE', *, *, #2330, .T. ) ;
#1379 = VERTEX_POINT ( 'NONE', #2774 ) ;
#1380 = CARTESIAN_POINT ( 'NONE',  ( -2.690000000000000391, 3.149999999999999467, 0.2000000000000003997 ) ) ;
#1381 = CARTESIAN_POINT ( 'NONE',  ( -0.6031569184685513507, 0.3883461339845254434, 0.7999999999999999334 ) ) ;
#1382 = ORIENTED_EDGE ( 'NONE', *, *, #4965, .T. ) ;
#1383 = PLANE ( 'NONE',  #836 ) ;
#1384 = VECTOR ( 'NONE', #1874, 1000.000000000000000 ) ;
#1385 = CARTESIAN_POINT ( 'NONE',  ( -1.384615384615384803, 0.1949519230769231060, 0.8000000000000000444 ) ) ;
#1386 = CARTESIAN_POINT ( 'NONE',  ( -0.7948717948717949344, 0.04102564102564103254, 0.8000000000000000444 ) ) ;
#1387 = UNCERTAINTY_MEASURE_WITH_UNIT (LENGTH_MEASURE( 1.000000000000000082E-05 ), #4330, 'distance_accuracy_value', 'NONE');
#1388 = CARTESIAN_POINT ( 'NONE',  ( -2.689999999999999503, -3.850000000000000533, 1.626303258728256651E-16 ) ) ;
#1389 = CARTESIAN_POINT ( 'NONE',  ( -0.5426369153956077662, -0.007365042946550651691, 0.7999999999999999334 ) ) ;
#1390 = CARTESIAN_POINT ( 'NONE',  ( -1.384373503682707618, 0.2118647884443046192, 0.7000000000000000666 ) ) ;
#1391 = DIRECTION ( 'NONE',  ( -1.000000000000000000, -0.000000000000000000, 0.000000000000000000 ) ) ;
#1392 = CARTESIAN_POINT ( 'NONE',  ( -0.4582684121655189458, 0.4068386202899898496, 0.6999999999999998446 ) ) ;
#1393 = CARTESIAN_POINT ( 'NONE',  ( -0.2939816681089791883, 0.1431583020180322019, 0.6999999999999999556 ) ) ;
#1394 =( GEOMETRIC_REPRESENTATION_CONTEXT ( 3 ) GLOBAL_UNCERTAINTY_ASSIGNED_CONTEXT ( ( #4005 ) ) GLOBAL_UNIT_ASSIGNED_CONTEXT ( ( #2933, #3976, #2428 ) ) REPRESENTATION_CONTEXT ( 'NONE', 'WORKASPACE' ) );
#1395 = DIRECTION ( 'NONE',  ( -0.000000000000000000, 0.000000000000000000, -1.000000000000000000 ) ) ;
#1396 = DIRECTION ( 'NONE',  ( -1.164243943608595688E-16, 1.000000000000000000, 4.336808689942017736E-16 ) ) ;
#1397 = EDGE_CURVE ( 'NONE', #2484, #3721, #3533, .T. ) ;
#1398 = VECTOR ( 'NONE', #1878, 1000.000000000000000 ) ;
#1399 = CARTESIAN_POINT ( 'NONE',  ( -1.212157295467698237, 0.3965395433087104959, 0.7999999999999998224 ) ) ;
#1400 = DIRECTION ( 'NONE',  ( -0.9035018415143104553, -0.4285842068721733567, 0.000000000000000000 ) ) ;
#1401 = EDGE_CURVE ( 'NONE', #920, #2147, #6211, .T. ) ;
#1402 = CARTESIAN_POINT ( 'NONE',  ( -0.2877069088698393506, 0.2236741611605364555, 0.6999999999999998446 ) ) ;
#1403 = CARTESIAN_POINT ( 'NONE',  ( 2.390000000000000568, -3.850000000000000089, 1.626303258728256651E-16 ) ) ;
#1404 = FILL_AREA_STYLE_COLOUR ( '', #5705 ) ;
#1405 = DIRECTION ( 'NONE',  ( -1.164243943608595441E-16, 1.000000000000000000, 0.000000000000000000 ) ) ;
#1406 = PLANE ( 'NONE',  #4009 ) ;
#1407 = FACE_OUTER_BOUND ( 'NONE', #2960, .T. ) ;
#1408 = CARTESIAN_POINT ( 'NONE',  ( -1.475080128205128238, 0.000000000000000000, 0.6999999999999999556 ) ) ;
#1409 =( GEOMETRIC_REPRESENTATION_CONTEXT ( 3 ) GLOBAL_UNCERTAINTY_ASSIGNED_CONTEXT ( ( #6170 ) ) GLOBAL_UNIT_ASSIGNED_CONTEXT ( ( #574, #5727, #6228 ) ) REPRESENTATION_CONTEXT ( 'NONE', 'WORKASPACE' ) );
#1410 = VERTEX_POINT ( 'NONE', #6441 ) ;
#1411 = FILL_AREA_STYLE_COLOUR ( '', #6358 ) ;
#1412 = VECTOR ( 'NONE', #4867, 1000.000000000000000 ) ;
#1413 =( NAMED_UNIT ( * ) SI_UNIT ( $, .STERADIAN. ) SOLID_ANGLE_UNIT ( ) );
#1414 = VECTOR ( 'NONE', #500, 1000.000000000000000 ) ;
#1415 = ORIENTED_EDGE ( 'NONE', *, *, #4299, .F. ) ;
#1416 = EDGE_CURVE ( 'NONE', #3660, #3275, #2145, .T. ) ;
#1417 = MECHANICAL_DESIGN_GEOMETRIC_PRESENTATION_REPRESENTATION (  '', ( #2119 ), #3948 ) ;
#1418 = DIRECTION ( 'NONE',  ( -1.164243943608595441E-16, 1.000000000000000000, 0.000000000000000000 ) ) ;
#1419 = SURFACE_STYLE_FILL_AREA ( #274 ) ;
#1420 = ORIENTED_EDGE ( 'NONE', *, *, #6275, .F. ) ;
#1421 = CYLINDRICAL_SURFACE ( 'NONE', #687, 0.2999999999999999334 ) ;
#1422 = CARTESIAN_POINT ( 'NONE',  ( -1.157776830439176230, 0.3998517013800071962, 0.6999999999999998446 ) ) ;
#1423 = ORIENTED_EDGE ( 'NONE', *, *, #852, .T. ) ;
#1424 = LINE ( 'NONE', #4279, #6448 ) ;
#1425 = CARTESIAN_POINT ( 'NONE',  ( -0.4176319492292833724, 0.3956388888815565719, 0.6999999999999998446 ) ) ;
#1426 = VECTOR ( 'NONE', #3486, 1000.000000000000000 ) ;
#1427 = DIRECTION ( 'NONE',  ( -1.000000000000000000, 0.000000000000000000, 0.000000000000000000 ) ) ;
#1428 = FILL_AREA_STYLE ('',( #1404 ) ) ;
#1429 = ORIENTED_EDGE ( 'NONE', *, *, #1632, .T. ) ;
#1430 = DIRECTION ( 'NONE',  ( -1.000000000000000000, 0.000000000000000000, 0.000000000000000000 ) ) ;
#1431 = ORIENTED_EDGE ( 'NONE', *, *, #4648, .T. ) ;
#1432 = VERTEX_POINT ( 'NONE', #4383 ) ;
#1433 = EDGE_LOOP ( 'NONE', ( #5020, #4557, #4499, #1663 ) ) ;
#1434 = VECTOR ( 'NONE', #3961, 1000.000000000000000 ) ;
#1435 = DIRECTION ( 'NONE',  ( -1.000000000000000000, -1.164243943608595441E-16, 0.000000000000000000 ) ) ;
#1436 = EDGE_CURVE ( 'NONE', #1102, #3224, #1327, .T. ) ;
#1437 = FILL_AREA_STYLE_COLOUR ( '', #5863 ) ;
#1439 = MECHANICAL_DESIGN_GEOMETRIC_PRESENTATION_REPRESENTATION (  '', ( #5257 ), #1394 ) ;
#1438 = FILL_AREA_STYLE_COLOUR ( '', #4987 ) ;
#1440 = CARTESIAN_POINT ( 'NONE',  ( -0.3298532269254325633, 0.1487890516493685644, 0.8000000000000001554 ) ) ;
#1441 = EDGE_LOOP ( 'NONE', ( #5720, #3109, #5521, #870 ) ) ;
#1442 = LINE ( 'NONE', #2157, #643 ) ;
#1443 = CARTESIAN_POINT ( 'NONE',  ( -1.359441637551695337, 0.08916975828813994420, 0.6999999999999999556 ) ) ;
#1444 = CARTESIAN_POINT ( 'NONE',  ( -1.305679074854715571, 0.3110700315732637389, 0.8000000000000001554 ) ) ;
#1445 = VECTOR ( 'NONE', #6642, 1000.000000000000000 ) ;
#1446 = EDGE_CURVE ( 'NONE', #4491, #1432, #997, .T. ) ;
#1447 = VERTEX_POINT ( 'NONE', #1727 ) ;
#1448 = DIRECTION ( 'NONE',  ( 0.4283511191562784926, -0.9036123719369736351, 0.000000000000000000 ) ) ;
#1449 = AXIS2_PLACEMENT_3D ( 'NONE', #5051, #1506, #4578 ) ;
#1450 = ORIENTED_EDGE ( 'NONE', *, *, #614, .T. ) ;
#1451 = PRESENTATION_LAYER_ASSIGNMENT (  '', '', ( #4654 ) ) ;
#1452 = CARTESIAN_POINT ( 'NONE',  ( -1.227298005409125148, 0.3945791966091301006, 0.6999999999999998446 ) ) ;
#1453 = EDGE_LOOP ( 'NONE', ( #1347, #1763, #616, #6621 ) ) ;
#1454 = CARTESIAN_POINT ( 'NONE',  ( -1.381281207528946897, 0.1519728951469312694, 0.8000000000000001554 ) ) ;
#1455 = EDGE_CURVE ( 'NONE', #4733, #3324, #2220, .T. ) ;
#1456 = ORIENTED_EDGE ( 'NONE', *, *, #4913, .T. ) ;
#1457 = SURFACE_STYLE_USAGE ( .BOTH. , #3434 ) ;
#1458 = CARTESIAN_POINT ( 'NONE',  ( -0.6339793967944827857, 0.03049079305533804879, 0.8000000000000001554 ) ) ;
#1459 = ORIENTED_EDGE ( 'NONE', *, *, #5526, .F. ) ;
#1460 = LINE ( 'NONE', #1966, #21 ) ;
#1461 = ORIENTED_EDGE ( 'NONE', *, *, #3662, .F. ) ;
#1462 = SURFACE_SIDE_STYLE ('',( #4350 ) ) ;
#1463 = CARTESIAN_POINT ( 'NONE',  ( 0.000000000000000000, 0.000000000000000000, 0.8000000000000000444 ) ) ;
#1464 = VERTEX_POINT ( 'NONE', #824 ) ;
#1465 = DIRECTION ( 'NONE',  ( -1.820792981479296430E-16, 1.000000000000000000, -1.365594736109472323E-16 ) ) ;
#1466 = DIRECTION ( 'NONE',  ( -5.049103251854120913E-32, 4.336808689942017736E-16, -1.000000000000000000 ) ) ;
#1467 = AXIS2_PLACEMENT_3D ( 'NONE', #2784, #5931, #1309 ) ;
#1468 = DIRECTION ( 'NONE',  ( 1.164243943608595195E-16, -1.000000000000000000, -1.355252715606880789E-16 ) ) ;
#1469 = PRESENTATION_LAYER_ASSIGNMENT (  '', '', ( #2254 ) ) ;
#1470 = COLOUR_RGB ( '',0.7960784313725489669, 0.8235294117647058432, 0.9372549019607843146 ) ;
#1471 = CARTESIAN_POINT ( 'NONE',  ( 3.025000000000001243, 3.725000000000000089, 2.700000000000000178 ) ) ;
#1472 = DIRECTION ( 'NONE',  ( -0.000000000000000000, -0.000000000000000000, -1.000000000000000000 ) ) ;
#1473 = CARTESIAN_POINT ( 'NONE',  ( -0.3230769230769230949, 0.1995993589743589869, 0.8000000000000000444 ) ) ;
#1474 = CARTESIAN_POINT ( 'NONE',  ( -1.144204514403069028, 0.3999494205718896467, 0.6999999999999999556 ) ) ;
#1475 = CARTESIAN_POINT ( 'NONE',  ( -0.1499999999999996336, -3.050000000000000266, -0.09999999999999993616 ) ) ;
#1476 = EDGE_CURVE ( 'NONE', #71, #2823, #2059, .T. ) ;
#1477 =( NAMED_UNIT ( * ) SI_UNIT ( $, .STERADIAN. ) SOLID_ANGLE_UNIT ( ) );
#1478 = DIRECTION ( 'NONE',  ( 1.000000000000000000, 0.000000000000000000, 0.000000000000000000 ) ) ;
#1479 = CARTESIAN_POINT ( 'NONE',  ( -3.024999999999998579, -3.425000000000000266, 0.7000000000000000666 ) ) ;
#1480 =( LENGTH_UNIT ( ) NAMED_UNIT ( * ) SI_UNIT ( .MILLI., .METRE. ) );
#1481 =( LENGTH_UNIT ( ) NAMED_UNIT ( * ) SI_UNIT ( .MILLI., .METRE. ) );
#1482 = ADVANCED_FACE ( 'NONE', ( #5225 ), #4738, .F. ) ;
#1483 =( NAMED_UNIT ( * ) PLANE_ANGLE_UNIT ( ) SI_UNIT ( $, .RADIAN. ) );
#1484 = CARTESIAN_POINT ( 'NONE',  ( -1.347095553820074842, 0.2223850067035061939, 0.7999999999999998224 ) ) ;
#1485 = MECHANICAL_DESIGN_GEOMETRIC_PRESENTATION_REPRESENTATION (  '', ( #6610 ), #333 ) ;
#1486 = EDGE_CURVE ( 'NONE', #2785, #739, #4398, .T. ) ;
#1487 = DIRECTION ( 'NONE',  ( 0.000000000000000000, 0.000000000000000000, -1.000000000000000000 ) ) ;
#1488 = DIRECTION ( 'NONE',  ( -1.000000000000000000, 0.000000000000000000, 0.000000000000000000 ) ) ;
#1489 = CARTESIAN_POINT ( 'NONE',  ( -1.352839627527731459, 0.3149309541847812866, 0.8000000000000002665 ) ) ;
#1490 = DIRECTION ( 'NONE',  ( 0.4188422247446084157, 0.9080590238365492395, 0.000000000000000000 ) ) ;
#1491 = EDGE_CURVE ( 'NONE', #860, #1850, #1985, .T. ) ;
#1492 =( LENGTH_UNIT ( ) NAMED_UNIT ( * ) SI_UNIT ( .MILLI., .METRE. ) );
#1493 = ORIENTED_EDGE ( 'NONE', *, *, #2401, .F. ) ;
#1494 = DIRECTION ( 'NONE',  ( 0.000000000000000000, 5.421010862427523156E-16, -1.000000000000000000 ) ) ;
#1495 = ORIENTED_EDGE ( 'NONE', *, *, #2751, .T. ) ;
#1496 = DIRECTION ( 'NONE',  ( 1.000000000000000000, -0.000000000000000000, -0.000000000000000000 ) ) ;
#1497 = COLOUR_RGB ( '',0.7960784313725489669, 0.8235294117647058432, 0.9372549019607843146 ) ;
#1498 = DIRECTION ( 'NONE',  ( 0.000000000000000000, 0.000000000000000000, 1.000000000000000000 ) ) ;
#1499 = AXIS2_PLACEMENT_3D ( 'NONE', #559, #2604, #3102 ) ;
#1500 = DIRECTION ( 'NONE',  ( 0.000000000000000000, 0.000000000000000000, -1.000000000000000000 ) ) ;
#1501 = PRESENTATION_LAYER_ASSIGNMENT (  '', '', ( #1199 ) ) ;
#1502 = LINE ( 'NONE', #2382, #217 ) ;
#1503 = LINE ( 'NONE', #6445, #4093 ) ;
#1504 = VECTOR ( 'NONE', #3759, 1000.000000000000114 ) ;
#1505 = ORIENTED_EDGE ( 'NONE', *, *, #2826, .F. ) ;
#1506 = DIRECTION ( 'NONE',  ( -0.000000000000000000, -0.000000000000000000, 1.000000000000000000 ) ) ;
#1507 = CARTESIAN_POINT ( 'NONE',  ( -0.3738836493056407195, 0.07887058695961618460, 0.6999999999999999556 ) ) ;
#1508 = FACE_OUTER_BOUND ( 'NONE', #6280, .T. ) ;
#1509 = SURFACE_STYLE_USAGE ( .BOTH. , #6564 ) ;
#1510 = FILL_AREA_STYLE ('',( #6145 ) ) ;
#1511 = ORIENTED_EDGE ( 'NONE', *, *, #3692, .T. ) ;
#1512 = FACE_OUTER_BOUND ( 'NONE', #3484, .T. ) ;
#1513 = ORIENTED_EDGE ( 'NONE', *, *, #6001, .F. ) ;
#1514 = DIRECTION ( 'NONE',  ( -6.018531076210113136E-32, 5.421010862427523156E-16, -1.000000000000000000 ) ) ;
#1515 = CARTESIAN_POINT ( 'NONE',  ( 0.1500000000000003553, -3.149999999999999911, 0.6999999999999998446 ) ) ;
#1516 = CARTESIAN_POINT ( 'NONE',  ( -1.382776819126121826, 0.2283995529464314944, 0.8000000000000003775 ) ) ;
#1517 = LINE ( 'NONE', #6593, #543 ) ;
#1518 = CARTESIAN_POINT ( 'NONE',  ( -0.2871794871794872139, 0.2023237179487179793, 0.6999999999999999556 ) ) ;
#1519 = COLOUR_RGB ( '',0.7960784313725489669, 0.8235294117647058432, 0.9372549019607843146 ) ;
#1520 = DIRECTION ( 'NONE',  ( 0.000000000000000000, -0.000000000000000000, -1.000000000000000000 ) ) ;
#1521 = VERTEX_POINT ( 'NONE', #321 ) ;
#1522 = LINE ( 'NONE', #6418, #6631 ) ;
#1523 = VERTEX_POINT ( 'NONE', #3419 ) ;
#1524 = ADVANCED_FACE ( 'NONE', ( #694 ), #2513, .T. ) ;
#1525 = CARTESIAN_POINT ( 'NONE',  ( -0.6164347288765715804, 0.3315091964019278303, 0.8000000000000000444 ) ) ;
#1526 = ORIENTED_EDGE ( 'NONE', *, *, #3662, .T. ) ;
#1527 = CARTESIAN_POINT ( 'NONE',  ( 3.025000000000001243, 3.425000000000000266, 2.700000000000000178 ) ) ;
#1528 = EDGE_CURVE ( 'NONE', #2127, #6701, #4827, .T. ) ;
#1529 = DIRECTION ( 'NONE',  ( 1.164243943608595441E-16, -1.000000000000000000, 0.000000000000000000 ) ) ;
#1530 = LINE ( 'NONE', #4644, #954 ) ;
#1531 = AXIS2_PLACEMENT_3D ( 'NONE', #6133, #1543, #4598 ) ;
#1532 = CARTESIAN_POINT ( 'NONE',  ( -0.3516103970970327341, 0.1045002455036143085, 0.8000000000000002665 ) ) ;
#1533 = CARTESIAN_POINT ( 'NONE',  ( 2.689999999999999503, 3.149999999999999911, 0.2000000000000003997 ) ) ;
#1534 = DIRECTION ( 'NONE',  ( -1.164243943608595441E-16, 1.000000000000000000, -5.421010862427523156E-16 ) ) ;
#1535 = ORIENTED_EDGE ( 'NONE', *, *, #5263, .F. ) ;
#1536 =( NAMED_UNIT ( * ) SI_UNIT ( $, .STERADIAN. ) SOLID_ANGLE_UNIT ( ) );
#1537 = CARTESIAN_POINT ( 'NONE',  ( -0.5233719333879169877, 0.03134211103099672491, 0.7999999999999998224 ) ) ;
#1538 = SURFACE_STYLE_USAGE ( .BOTH. , #2522 ) ;
#1539 = CARTESIAN_POINT ( 'NONE',  ( -0.3214833026301965324, 0.3187713705101441475, 0.6999999999999999556 ) ) ;
#1540 = EDGE_LOOP ( 'NONE', ( #5163, #2483, #4863, #1378 ) ) ;
#1541 =( GEOMETRIC_REPRESENTATION_CONTEXT ( 3 ) GLOBAL_UNCERTAINTY_ASSIGNED_CONTEXT ( ( #5295 ) ) GLOBAL_UNIT_ASSIGNED_CONTEXT ( ( #1492, #2020, #1572 ) ) REPRESENTATION_CONTEXT ( 'NONE', 'WORKASPACE' ) );
#1542 = ORIENTED_EDGE ( 'NONE', *, *, #3327, .F. ) ;
#1543 = DIRECTION ( 'NONE',  ( -1.000000000000000000, 0.000000000000000000, 0.000000000000000000 ) ) ;
#1544 =( GEOMETRIC_REPRESENTATION_CONTEXT ( 3 ) GLOBAL_UNCERTAINTY_ASSIGNED_CONTEXT ( ( #2773 ) ) GLOBAL_UNIT_ASSIGNED_CONTEXT ( ( #2842, #5601, #3459 ) ) REPRESENTATION_CONTEXT ( 'NONE', 'WORKASPACE' ) );
#1545 = DIRECTION ( 'NONE',  ( -1.164243943608595441E-16, 1.000000000000000000, -5.421010862427523156E-16 ) ) ;
#1546 = COLOUR_RGB ( '',0.7960784313725489669, 0.8235294117647058432, 0.9372549019607843146 ) ;
#1547 = DIRECTION ( 'NONE',  ( -0.000000000000000000, -0.000000000000000000, 1.000000000000000000 ) ) ;
#1548 = ADVANCED_FACE ( 'NONE', ( #4017 ), #1343, .F. ) ;
#1549 = EDGE_CURVE ( 'NONE', #494, #2257, #524, .T. ) ;
#1550 = AXIS2_PLACEMENT_3D ( 'NONE', #163, #6368, #2256 ) ;
#1551 = VECTOR ( 'NONE', #2859, 1000.000000000000000 ) ;
#1552 = CARTESIAN_POINT ( 'NONE',  ( -0.6525820826912340777, 0.04606588869331802727, 0.6999999999999999556 ) ) ;
#1553 = CARTESIAN_POINT ( 'NONE',  ( -0.5026442307692308153, 0.03076923076923077441, 0.6999999999999999556 ) ) ;
#1554 = CARTESIAN_POINT ( 'NONE',  ( -1.325350379919869370, 0.3484990014790579904, 0.6999999999999999556 ) ) ;
#1555 = CARTESIAN_POINT ( 'NONE',  ( -2.390000000000000568, 2.849999999999999645, 0.6999999999999999556 ) ) ;
#1556 = CARTESIAN_POINT ( 'NONE',  ( -0.6455128205128205510, 0.3025641025641025994, 0.8000000000000000444 ) ) ;
#1557 = EDGE_CURVE ( 'NONE', #3460, #2823, #2458, .T. ) ;
#1558 = SURFACE_STYLE_USAGE ( .BOTH. , #1029 ) ;
#1559 = LINE ( 'NONE', #2821, #4384 ) ;
#1560 = CARTESIAN_POINT ( 'NONE',  ( -1.384615384615384803, 0.1949519230769231060, 0.7000000000000003997 ) ) ;
#1561 = CARTESIAN_POINT ( 'NONE',  ( -3.324999999999998401, -3.725000000000000089, 2.700000000000000178 ) ) ;
#1562 = B_SPLINE_CURVE_WITH_KNOTS ( 'NONE', 3,
 ( #4920, #2327, #331, #5450, #6476, #305, #6499, #280, #3907, #795, #812 ),
 .UNSPECIFIED., .F., .F.,
 ( 4, 1, 1, 1, 1, 1, 1, 1, 4 ),
 ( 0.000000000000000000, 0.1285151895116620202, 0.2529486363526580739, 0.3747547340060052301, 0.4959397538670500261, 0.6171806414298928178, 0.7409094692781375002, 0.8678111481862031962, 1.000000000000000000 ),
 .UNSPECIFIED. ) ;
#1563 = EDGE_CURVE ( 'NONE', #2921, #309, #2618, .T. ) ;
#1564 = CARTESIAN_POINT ( 'NONE',  ( -0.6693518329063288252, 0.06386883100453978612, 0.8000000000000003775 ) ) ;
#1565 =( NAMED_UNIT ( * ) PLANE_ANGLE_UNIT ( ) SI_UNIT ( $, .RADIAN. ) );
#1566 = DIRECTION ( 'NONE',  ( 0.000000000000000000, -1.000000000000000000, 0.000000000000000000 ) ) ;
#1567 = EDGE_LOOP ( 'NONE', ( #284, #1513, #1461, #1459, #1535, #4437, #5730, #773, #988, #2106, #3647, #1824 ) ) ;
#1568 = VECTOR ( 'NONE', #2707, 1000.000000000000000 ) ;
#1569 = CARTESIAN_POINT ( 'NONE',  ( -1.380356026931788493, 0.2443668519247708393, 0.7999999999999998224 ) ) ;
#1570 = LINE ( 'NONE', #4999, #2624 ) ;
#1571 = EDGE_CURVE ( 'NONE', #1919, #3795, #5218, .T. ) ;
#1572 =( NAMED_UNIT ( * ) SI_UNIT ( $, .STERADIAN. ) SOLID_ANGLE_UNIT ( ) );
#1573 = VERTEX_POINT ( 'NONE', #953 ) ;
#1574 = LINE ( 'NONE', #3507, #6031 ) ;
#1575 = ADVANCED_FACE ( 'NONE', ( #2958 ), #6599, .F. ) ;
#1576 =( NAMED_UNIT ( * ) SI_UNIT ( $, .STERADIAN. ) SOLID_ANGLE_UNIT ( ) );
#1577 = FACE_OUTER_BOUND ( 'NONE', #2112, .T. ) ;
#1578 = CARTESIAN_POINT ( 'NONE',  ( -1.157508144606478995, 0.04110852977536626207, 0.8000000000000002665 ) ) ;
#1579 = ORIENTED_EDGE ( 'NONE', *, *, #4599, .F. ) ;
#1580 = VECTOR ( 'NONE', #3607, 1000.000000000000000 ) ;
#1581 = FACE_OUTER_BOUND ( 'NONE', #5006, .T. ) ;
#1582 = ORIENTED_EDGE ( 'NONE', *, *, #2054, .T. ) ;
#1583 = CARTESIAN_POINT ( 'NONE',  ( -1.365390195101121362, 0.1007603269633943477, 0.7000000000000005107 ) ) ;
#1584 = LINE ( 'NONE', #6322, #2723 ) ;
#1585 = CARTESIAN_POINT ( 'NONE',  ( -2.689999999999999503, -2.850000000000000533, 0.6999999999999999556 ) ) ;
#1586 =( GEOMETRIC_REPRESENTATION_CONTEXT ( 3 ) GLOBAL_UNCERTAINTY_ASSIGNED_CONTEXT ( ( #5580 ) ) GLOBAL_UNIT_ASSIGNED_CONTEXT ( ( #2862, #6489, #3399 ) ) REPRESENTATION_CONTEXT ( 'NONE', 'WORKASPACE' ) );
#1587 = LINE ( 'NONE', #4688, #392 ) ;
#1588 = STYLED_ITEM ( 'NONE', ( #2440 ), #3808 ) ;
#1589 = UNCERTAINTY_MEASURE_WITH_UNIT (LENGTH_MEASURE( 1.000000000000000082E-05 ), #4230, 'distance_accuracy_value', 'NONE');
#1590 = FACE_OUTER_BOUND ( 'NONE', #2666, .T. ) ;
#1591 =( LENGTH_UNIT ( ) NAMED_UNIT ( * ) SI_UNIT ( .MILLI., .METRE. ) );
#1592 = ORIENTED_EDGE ( 'NONE', *, *, #5294, .F. ) ;
#1593 = ORIENTED_EDGE ( 'NONE', *, *, #668, .T. ) ;
#1594 = CIRCLE ( 'NONE', #2765, 0.2000000000000000944 ) ;
#1595 = FACE_OUTER_BOUND ( 'NONE', #2672, .T. ) ;
#1596 = VERTEX_POINT ( 'NONE', #5650 ) ;
#1597 = FILL_AREA_STYLE ('',( #5632 ) ) ;
#1598 = UNCERTAINTY_MEASURE_WITH_UNIT (LENGTH_MEASURE( 1.000000000000000082E-05 ), #2347, 'distance_accuracy_value', 'NONE');
#1599 = FILL_AREA_STYLE_COLOUR ( '', #2536 ) ;
#1600 = CARTESIAN_POINT ( 'NONE',  ( -0.4652883080053903941, -0.007899615432111430427, 0.8000000000000000444 ) ) ;
#1601 = LINE ( 'NONE', #4565, #3062 ) ;
#1602 = CARTESIAN_POINT ( 'NONE',  ( -0.6695872434478282731, 0.3362808396652526288, 0.8000000000000002665 ) ) ;
#1603 = ADVANCED_FACE ( 'NONE', ( #3687 ), #3002, .T. ) ;
#1604 = ORIENTED_EDGE ( 'NONE', *, *, #6034, .F. ) ;
#1605 = CARTESIAN_POINT ( 'NONE',  ( -1.138221153846153966, 0.04102564102564103254, 0.6999999999999999556 ) ) ;
#1606 = EDGE_LOOP ( 'NONE', ( #6047, #61 ) ) ;
#1607 = FACE_OUTER_BOUND ( 'NONE', #2278, .T. ) ;
#1608 = ORIENTED_EDGE ( 'NONE', *, *, #3847, .T. ) ;
#1609 = CARTESIAN_POINT ( 'NONE',  ( -1.359441637551695337, 0.08916975828813994420, 0.7000000000000003997 ) ) ;
#1610 =( LENGTH_UNIT ( ) NAMED_UNIT ( * ) SI_UNIT ( .MILLI., .METRE. ) );
#1611 = CARTESIAN_POINT ( 'NONE',  ( 0.000000000000000000, 3.425000000000000266, 2.700000000000000178 ) ) ;
#1612 = ORIENTED_EDGE ( 'NONE', *, *, #3024, .F. ) ;
#1613 = MECHANICAL_DESIGN_GEOMETRIC_PRESENTATION_REPRESENTATION (  '', ( #4886 ), #4960 ) ;
#1614 = CARTESIAN_POINT ( 'NONE',  ( -0.5912326040453197429, 0.006360863101664558303, 0.7999999999999998224 ) ) ;
#1615 = LINE ( 'NONE', #995, #1784 ) ;
#1616 = EDGE_LOOP ( 'NONE', ( #5262, #1273, #3975, #3395 ) ) ;
#1617 = ADVANCED_FACE ( 'NONE', ( #1251 ), #4531, .T. ) ;
#1618 = CARTESIAN_POINT ( 'NONE',  ( -0.5296802897849561820, -0.008990148643094029307, 0.7000000000000000666 ) ) ;
#1619 = EDGE_CURVE ( 'NONE', #1831, #6113, #4149, .T. ) ;
#1620 = VERTEX_POINT ( 'NONE', #1963 ) ;
#1621 = CARTESIAN_POINT ( 'NONE',  ( 2.390000000000000568, -3.050000000000000266, -0.3000000000000002109 ) ) ;
#1622 =( LENGTH_UNIT ( ) NAMED_UNIT ( * ) SI_UNIT ( .MILLI., .METRE. ) );
#1623 = CARTESIAN_POINT ( 'NONE',  ( -0.3454579438759768917, 0.05113312110878143885, 0.7000000000000008438 ) ) ;
#1624 = CARTESIAN_POINT ( 'NONE',  ( 2.689999999999999503, 3.050000000000000266, -0.2999999999999999334 ) ) ;
#1625 = DIRECTION ( 'NONE',  ( 1.164243943608595688E-16, -1.000000000000000000, 0.000000000000000000 ) ) ;
#1626 = LINE ( 'NONE', #6581, #1384 ) ;
#1627 = CARTESIAN_POINT ( 'NONE',  ( -2.690000000000000391, 3.149999999999999467, 0.6999999999999998446 ) ) ;
#1628 = DIRECTION ( 'NONE',  ( -1.000000000000000000, 0.000000000000000000, -0.000000000000000000 ) ) ;
#1629 = CARTESIAN_POINT ( 'NONE',  ( -0.6769230769230771827, 0.07363782051282052876, 0.6999999999999999556 ) ) ;
#1630 = ADVANCED_FACE ( 'NONE', ( #1407 ), #5583, .T. ) ;
#1631 = CARTESIAN_POINT ( 'NONE',  ( -2.690000000000000391, 2.849999999999999645, 0.6999999999999999556 ) ) ;
#1632 = EDGE_CURVE ( 'NONE', #461, #1995, #3303, .T. ) ;
#1633 = CARTESIAN_POINT ( 'NONE',  ( -2.690000000000000391, 3.849999999999999645, -0.2999999999999998224 ) ) ;
#1634 = STYLED_ITEM ( 'NONE', ( #100 ), #4563 ) ;
#1635 = FILL_AREA_STYLE_COLOUR ( '', #1519 ) ;
#1636 = DIRECTION ( 'NONE',  ( -1.164243943608595688E-16, 1.000000000000000000, -3.614007241618349264E-16 ) ) ;
#1637 = ORIENTED_EDGE ( 'NONE', *, *, #4934, .T. ) ;
#1638 = CARTESIAN_POINT ( 'NONE',  ( 3.025000000000001243, 3.425000000000000266, 2.700000000000000178 ) ) ;
#1639 = CARTESIAN_POINT ( 'NONE',  ( -0.6154230973908146884, 0.06808248298382128805, 0.8000000000000002665 ) ) ;
#1640 = CARTESIAN_POINT ( 'NONE',  ( -0.3404290655912048935, 0.05683081863362315911, 0.7000000000000008438 ) ) ;
#1641 = CARTESIAN_POINT ( 'NONE',  ( -0.4159337082047554479, 0.04943296532809694083, 0.7999999999999999334 ) ) ;
#1642 = CARTESIAN_POINT ( 'NONE',  ( -0.5678831086491694657, 0.4018473106211064572, 0.7000000000000007327 ) ) ;
#1643 = ADVANCED_FACE ( 'NONE', ( #2481, #6215 ), #978, .T. ) ;
#1644 = CARTESIAN_POINT ( 'NONE',  ( -2.689999999999999503, -3.150000000000000355, 0.6999999999999998446 ) ) ;
#1645 = EDGE_CURVE ( 'NONE', #5772, #3746, #1669, .T. ) ;
#1646 = PLANE ( 'NONE',  #4935 ) ;
#1647 = ORIENTED_EDGE ( 'NONE', *, *, #5179, .T. ) ;
#1648 = SURFACE_STYLE_FILL_AREA ( #902 ) ;
#1649 = AXIS2_PLACEMENT_3D ( 'NONE', #4665, #2113, #5258 ) ;
#1650 = DIRECTION ( 'NONE',  ( -0.000000000000000000, -0.000000000000000000, -1.000000000000000000 ) ) ;
#1651 = CARTESIAN_POINT ( 'NONE',  ( 2.689999999999999503, 2.850000000000000089, 0.6999999999999999556 ) ) ;
#1652 = CARTESIAN_POINT ( 'NONE',  ( -0.3404290655912048935, 0.05683081863362315911, 0.6999999999999998446 ) ) ;
#1653 = SHAPE_DEFINITION_REPRESENTATION ( #6658, #4080 ) ;
#1654 = B_SPLINE_CURVE_WITH_KNOTS ( 'NONE', 3,
 ( #2538, #6657, #896, #1484, #4515, #4553, #4612, #5565, #907, #5609, #6677, #1444, #5077, #2477, #6632, #3532, #435, #4049, #934 ),
 .UNSPECIFIED., .F., .F.,
 ( 4, 1, 1, 1, 1, 1, 1, 1, 1, 1, 1, 1, 1, 1, 1, 1, 4 ),
 ( 0.000000000000000000, 0.07015117599727851982, 0.1378126061901916999, 0.2032262471813942317, 0.2671740552944735780, 0.3300240034081790008, 0.3917942717866856328, 0.4530843989971408137, 0.5143339076458770531, 0.5749999928182688569, 0.6348654826222127623, 0.6941163151896418970, 0.7534416217804383864, 0.8131258003036114790, 0.8740796856370746104, 0.9360070132744072735, 1.000000000000000000 ),
 .UNSPECIFIED. ) ;
#1655 = EDGE_LOOP ( 'NONE', ( #2849, #1010, #3945, #4329, #3794, #2387, #1637, #4496 ) ) ;
#1656 = FILL_AREA_STYLE ('',( #622 ) ) ;
#1657 = CARTESIAN_POINT ( 'NONE',  ( -0.3066832285584413786, 0.1073357516158843505, 0.8000000000000000444 ) ) ;
#1658 = FACE_OUTER_BOUND ( 'NONE', #2276, .T. ) ;
#1659 = ORIENTED_EDGE ( 'NONE', *, *, #137, .F. ) ;
#1660 = LINE ( 'NONE', #3336, #462 ) ;
#1661 =( GEOMETRIC_REPRESENTATION_CONTEXT ( 3 ) GLOBAL_UNCERTAINTY_ASSIGNED_CONTEXT ( ( #3603 ) ) GLOBAL_UNIT_ASSIGNED_CONTEXT ( ( #2438, #3990, #6515 ) ) REPRESENTATION_CONTEXT ( 'NONE', 'WORKASPACE' ) );
#1662 = SURFACE_SIDE_STYLE ('',( #1336 ) ) ;
#1663 = ORIENTED_EDGE ( 'NONE', *, *, #1171, .T. ) ;
#1664 = CARTESIAN_POINT ( 'NONE',  ( 0.1500000000000004385, -3.850000000000000089, -0.2999999999999998224 ) ) ;
#1665 =( NAMED_UNIT ( * ) PLANE_ANGLE_UNIT ( ) SI_UNIT ( $, .RADIAN. ) );
#1666 =( GEOMETRIC_REPRESENTATION_CONTEXT ( 3 ) GLOBAL_UNCERTAINTY_ASSIGNED_CONTEXT ( ( #2350 ) ) GLOBAL_UNIT_ASSIGNED_CONTEXT ( ( #6595, #5022, #5535 ) ) REPRESENTATION_CONTEXT ( 'NONE', 'WORKASPACE' ) );
#1667 = VECTOR ( 'NONE', #1396, 1000.000000000000000 ) ;
#1668 = ORIENTED_EDGE ( 'NONE', *, *, #5743, .T. ) ;
#1669 = CIRCLE ( 'NONE', #1499, 0.3107604898198177423 ) ;
#1670 = ORIENTED_EDGE ( 'NONE', *, *, #2957, .F. ) ;
#1671 = ORIENTED_EDGE ( 'NONE', *, *, #6148, .T. ) ;
#1672 = SURFACE_STYLE_USAGE ( .BOTH. , #4731 ) ;
#1673 = VECTOR ( 'NONE', #2932, 1000.000000000000000 ) ;
#1674 = FILL_AREA_STYLE ('',( #4244 ) ) ;
#1675 = UNCERTAINTY_MEASURE_WITH_UNIT (LENGTH_MEASURE( 1.000000000000000082E-05 ), #855, 'distance_accuracy_value', 'NONE');
#1676 = PLANE ( 'NONE',  #3530 ) ;
#1677 = VERTEX_POINT ( 'NONE', #28 ) ;
#1678 = FACE_OUTER_BOUND ( 'NONE', #4171, .T. ) ;
#1679 = CARTESIAN_POINT ( 'NONE',  ( -0.7589743589743592755, 0.000000000000000000, 0.6999999999999999556 ) ) ;
#1680 = VERTEX_POINT ( 'NONE', #3702 ) ;
#1681 = MECHANICAL_DESIGN_GEOMETRIC_PRESENTATION_REPRESENTATION (  '', ( #3991 ), #1209 ) ;
#1682 = CARTESIAN_POINT ( 'NONE',  ( -0.4985824820065922203, -0.01022646825003434290, 0.7000000000000000666 ) ) ;
#1683 = AXIS2_PLACEMENT_3D ( 'NONE', #1215, #4847, #4874 ) ;
#1684 = PLANE ( 'NONE',  #2455 ) ;
#1685 = ADVANCED_FACE ( 'NONE', ( #2083 ), #5732, .F. ) ;
#1686 = ORIENTED_EDGE ( 'NONE', *, *, #2272, .F. ) ;
#1687 = VECTOR ( 'NONE', #3614, 1000.000000000000000 ) ;
#1688 = CARTESIAN_POINT ( 'NONE',  ( -0.5074275702026971313, -0.01020498638635794833, 0.6999999999999999556 ) ) ;
#1689 = EDGE_LOOP ( 'NONE', ( #3880, #1953, #6351, #6461 ) ) ;
#1690 = CARTESIAN_POINT ( 'NONE',  ( -2.690000000000000391, 3.849999999999999645, -0.2999999999999998224 ) ) ;
#1691 = DIRECTION ( 'NONE',  ( 1.000000000000000000, 1.164243943608595441E-16, -0.000000000000000000 ) ) ;
#1692 = CARTESIAN_POINT ( 'NONE',  ( -1.138221153846153966, 0.04102564102564102561, 0.7999999999999999334 ) ) ;
#1693 = CARTESIAN_POINT ( 'NONE',  ( -0.3516103970970327341, 0.1045002455036143085, 0.8000000000000002665 ) ) ;
#1694 = EDGE_CURVE ( 'NONE', #2785, #5872, #5414, .T. ) ;
#1695 = SURFACE_STYLE_USAGE ( .BOTH. , #4271 ) ;
#1696 = ORIENTED_EDGE ( 'NONE', *, *, #1619, .T. ) ;
#1697 = CARTESIAN_POINT ( 'NONE',  ( -0.4881689087632510859, 0.3690926962734671357, 0.7000000000000007327 ) ) ;
#1698 = CARTESIAN_POINT ( 'NONE',  ( -1.341917811930005699, 0.2478088748085149895, 0.6999999999999999556 ) ) ;
#1699 = VERTEX_POINT ( 'NONE', #4121 ) ;
#1700 = EDGE_CURVE ( 'NONE', #5800, #2552, #232, .T. ) ;
#1701 = CARTESIAN_POINT ( 'NONE',  ( -1.348500291220261049, 0.1818923248583181884, 0.8000000000000001554 ) ) ;
#1702 = ORIENTED_EDGE ( 'NONE', *, *, #5049, .T. ) ;
#1703 = FACE_OUTER_BOUND ( 'NONE', #3858, .T. ) ;
#1704 = CARTESIAN_POINT ( 'NONE',  ( -0.4646990202338958653, 0.3661760865306679102, 0.8000000000000001554 ) ) ;
#1705 = ORIENTED_EDGE ( 'NONE', *, *, #5743, .F. ) ;
#1706 = DIRECTION ( 'NONE',  ( 1.355252715606879803E-16, -1.000000000000000000, 0.000000000000000000 ) ) ;
#1707 = MECHANICAL_DESIGN_GEOMETRIC_PRESENTATION_REPRESENTATION (  '', ( #6339 ), #536 ) ;
#1708 = EDGE_CURVE ( 'NONE', #5772, #3234, #6287, .T. ) ;
#1709 = ADVANCED_FACE ( 'NONE', ( #5090 ), #4183, .T. ) ;
#1710 =( NAMED_UNIT ( * ) PLANE_ANGLE_UNIT ( ) SI_UNIT ( $, .RADIAN. ) );
#1711 = DIRECTION ( 'NONE',  ( -1.355252715606879803E-16, 1.000000000000000000, 0.000000000000000000 ) ) ;
#1712 = EDGE_CURVE ( 'NONE', #4829, #6160, #4672, .T. ) ;
#1713 = DIRECTION ( 'NONE',  ( 0.000000000000000000, -0.000000000000000000, 1.000000000000000000 ) ) ;
#1714 = CARTESIAN_POINT ( 'NONE',  ( -0.5678831086491694657, 0.4018473106211064572, 0.7000000000000002887 ) ) ;
#1715 = VECTOR ( 'NONE', #3325, 1000.000000000000000 ) ;
#1716 = CARTESIAN_POINT ( 'NONE',  ( -1.239994942246168685, 0.3486840020131321549, 0.6999999999999999556 ) ) ;
#1717 = ADVANCED_FACE ( 'NONE', ( #5966 ), #6250, .F. ) ;
#1718 = CARTESIAN_POINT ( 'NONE',  ( -0.3732543912439684752, 0.3200563773325066919, 0.7000000000000007327 ) ) ;
#1719 = AXIS2_PLACEMENT_3D ( 'NONE', #6671, #3577, #4103 ) ;
#1720 = CARTESIAN_POINT ( 'NONE',  ( -1.287684001942349665, 0.3266281587662107078, 0.6999999999999998446 ) ) ;
#1721 = CARTESIAN_POINT ( 'NONE',  ( -1.197745164339180990, 0.0001447873880530645976, 0.8000000000000001554 ) ) ;
#1722 = CARTESIAN_POINT ( 'NONE',  ( -0.3261420267984690979, 0.2340469173420355598, 0.8000000000000000444 ) ) ;
#1723 = CARTESIAN_POINT ( 'NONE',  ( -0.4307213153877917367, -0.0004875322614737636413, 0.7000000000000003997 ) ) ;
#1724 = VECTOR ( 'NONE', #3581, 1000.000000000000227 ) ;
#1725 = CARTESIAN_POINT ( 'NONE',  ( -0.2873253151559820862, 0.1954783300492064779, 0.8000000000000000444 ) ) ;
#1726 = CARTESIAN_POINT ( 'NONE',  ( -0.9846153846153847811, 0.04102564102564103254, 0.8000000000000000444 ) ) ;
#1727 = CARTESIAN_POINT ( 'NONE',  ( 2.390000000000000568, -2.849999999999999645, -0.09999999999999996392 ) ) ;
#1728 = LINE ( 'NONE', #1515, #2955 ) ;
#1729 = SURFACE_SIDE_STYLE ('',( #2557 ) ) ;
#1730 = VERTEX_POINT ( 'NONE', #4642 ) ;
#1731 = DIRECTION ( 'NONE',  ( 1.000000000000000000, 0.000000000000000000, 0.000000000000000000 ) ) ;
#1732 = DIRECTION ( 'NONE',  ( 1.164243943608595441E-16, -1.000000000000000000, 0.000000000000000000 ) ) ;
#1733 = FILL_AREA_STYLE_COLOUR ( '', #3151 ) ;
#1734 = DIRECTION ( 'NONE',  ( 1.000000000000000000, -0.000000000000000000, -0.000000000000000000 ) ) ;
#1735 = ORIENTED_EDGE ( 'NONE', *, *, #4340, .F. ) ;
#1736 = LINE ( 'NONE', #3384, #3188 ) ;
#1737 = CARTESIAN_POINT ( 'NONE',  ( -0.3816044040591903830, 0.3274450752042553647, 0.7000000000000008438 ) ) ;
#1738 = VECTOR ( 'NONE', #6693, 1000.000000000000000 ) ;
#1739 = CARTESIAN_POINT ( 'NONE',  ( 3.025000000000002132, -3.725000000000000089, 2.700000000000000178 ) ) ;
#1740 = PRESENTATION_STYLE_ASSIGNMENT (( #3073 ) ) ;
#1741 = ORIENTED_EDGE ( 'NONE', *, *, #3206, .F. ) ;
#1742 =( GEOMETRIC_REPRESENTATION_CONTEXT ( 3 ) GLOBAL_UNCERTAINTY_ASSIGNED_CONTEXT ( ( #199 ) ) GLOBAL_UNIT_ASSIGNED_CONTEXT ( ( #613, #4763, #553 ) ) REPRESENTATION_CONTEXT ( 'NONE', 'WORKASPACE' ) );
#1743 = CARTESIAN_POINT ( 'NONE',  ( -1.303176668916880887, 0.3662955970417894336, 0.7999999999999999334 ) ) ;
#1744 = FACE_OUTER_BOUND ( 'NONE', #1655, .T. ) ;
#1745 = CARTESIAN_POINT ( 'NONE',  ( -0.5001602564102564097, 0.3692307692307692513, 0.8000000000000000444 ) ) ;
#1746 = CARTESIAN_POINT ( 'NONE',  ( -0.3707577821908382143, 0.02898661286587423877, 0.6999999999999999556 ) ) ;
#1747 = EDGE_CURVE ( 'NONE', #3493, #299, #3708, .T. ) ;
#1748 = VERTEX_POINT ( 'NONE', #2066 ) ;
#1749 = VECTOR ( 'NONE', #2343, 1000.000000000000000 ) ;
#1750 = CARTESIAN_POINT ( 'NONE',  ( -0.3379006410256411019, 0.05969551282051283048, 0.8000000000000001554 ) ) ;
#1751 = ORIENTED_EDGE ( 'NONE', *, *, #4333, .F. ) ;
#1752 = ADVANCED_FACE ( 'NONE', ( #1512 ), #6281, .T. ) ;
#1753 = VECTOR ( 'NONE', #5378, 1000.000000000000000 ) ;
#1754 = EDGE_CURVE ( 'NONE', #788, #2431, #2476, .T. ) ;
#1755 = VECTOR ( 'NONE', #5748, 1000.000000000000000 ) ;
#1756 = CARTESIAN_POINT ( 'NONE',  ( -1.243349358974359165, 0.3477564102564102977, 0.8000000000000000444 ) ) ;
#1757 = LINE ( 'NONE', #6638, #307 ) ;
#1758 = VERTEX_POINT ( 'NONE', #1232 ) ;
#1759 = COLOUR_RGB ( '',0.1803921568627450955, 0.1803921568627450955, 0.1803921568627450955 ) ;
#1760 = AXIS2_PLACEMENT_3D ( 'NONE', #6094, #6672, #5561 ) ;
#1761 = CARTESIAN_POINT ( 'NONE',  ( -1.776362179487179782, 0.000000000000000000, 0.6999999999999999556 ) ) ;
#1762 = DIRECTION ( 'NONE',  ( 0.000000000000000000, 0.000000000000000000, 1.000000000000000000 ) ) ;
#1763 = ORIENTED_EDGE ( 'NONE', *, *, #6088, .F. ) ;
#1764 = CYLINDRICAL_SURFACE ( 'NONE', #830, 0.2999999999999999334 ) ;
#1765 = STYLED_ITEM ( 'NONE', ( #605 ), #2599 ) ;
#1766 = CARTESIAN_POINT ( 'NONE',  ( -0.7589743589743590535, 0.000000000000000000, 0.6999999999999999556 ) ) ;
#1767 = FACE_OUTER_BOUND ( 'NONE', #623, .T. ) ;
#1768 = ORIENTED_EDGE ( 'NONE', *, *, #4554, .F. ) ;
#1769 = CARTESIAN_POINT ( 'NONE',  ( -1.208124861819156903, 0.3547054447677717159, 0.6999999999999997335 ) ) ;
#1770 = DIRECTION ( 'NONE',  ( 1.164243943608595441E-16, -1.000000000000000000, 0.000000000000000000 ) ) ;
#1771 = VECTOR ( 'NONE', #6155, 1000.000000000000000 ) ;
#1772 = CARTESIAN_POINT ( 'NONE',  ( -1.138221153846153966, 0.04102564102564102561, 0.7999999999999999334 ) ) ;
#1773 = EDGE_CURVE ( 'NONE', #2925, #6160, #6616, .T. ) ;
#1774 = DIRECTION ( 'NONE',  ( 1.164243943608595441E-16, -1.000000000000000000, 0.000000000000000000 ) ) ;
#1775 = AXIS2_PLACEMENT_3D ( 'NONE', #1181, #2746, #3290 ) ;
#1776 = ORIENTED_EDGE ( 'NONE', *, *, #2590, .T. ) ;
#1777 = DIRECTION ( 'NONE',  ( 0.000000000000000000, -1.000000000000000000, 0.000000000000000000 ) ) ;
#1778 = LINE ( 'NONE', #6114, #6396 ) ;
#1779 = ORIENTED_EDGE ( 'NONE', *, *, #428, .F. ) ;
#1780 = CARTESIAN_POINT ( 'NONE',  ( -1.264102564102564052, 0.3855769230769230949, 0.8000000000000000444 ) ) ;
#1781 = EDGE_LOOP ( 'NONE', ( #6525, #5826, #4697, #4255, #373, #2221, #3361 ) ) ;
#1782 = DIRECTION ( 'NONE',  ( -6.018531076210113136E-32, 5.421010862427523156E-16, 1.000000000000000000 ) ) ;
#1783 = VERTEX_POINT ( 'NONE', #4870 ) ;
#1784 = VECTOR ( 'NONE', #3559, 1000.000000000000000 ) ;
#1785 = DIRECTION ( 'NONE',  ( -1.000000000000000000, 0.000000000000000000, 0.000000000000000000 ) ) ;
#1786 = CARTESIAN_POINT ( 'NONE',  ( -3.324999999999998845, -1.343175853018396149, 0.7000000000000002887 ) ) ;
#1787 = ORIENTED_EDGE ( 'NONE', *, *, #5663, .F. ) ;
#1788 = CARTESIAN_POINT ( 'NONE',  ( -0.3261420267984690979, 0.2340469173420355598, 0.6999999999999999556 ) ) ;
#1789 = EDGE_CURVE ( 'NONE', #2431, #1952, #151, .T. ) ;
#1790 = ORIENTED_EDGE ( 'NONE', *, *, #5758, .F. ) ;
#1791 = CARTESIAN_POINT ( 'NONE',  ( -1.193507753120449877, 0.3563120778360293062, 0.7000000000000001776 ) ) ;
#1792 = DIRECTION ( 'NONE',  ( 1.000000000000000000, 0.000000000000000000, 0.000000000000000000 ) ) ;
#1793 = CARTESIAN_POINT ( 'NONE',  ( -1.815384615384615596, 0.000000000000000000, 0.6999999999999999556 ) ) ;
#1794 = EDGE_CURVE ( 'NONE', #6373, #3849, #65, .T. ) ;
#1795 = DIRECTION ( 'NONE',  ( -6.018531076210113136E-32, 5.421010862427523156E-16, 1.000000000000000000 ) ) ;
#1796 = FACE_OUTER_BOUND ( 'NONE', #2161, .T. ) ;
#1797 = CARTESIAN_POINT ( 'NONE',  ( 0.1500000000000003553, -3.149999999999999911, 0.2000000000000003997 ) ) ;
#1798 =( GEOMETRIC_REPRESENTATION_CONTEXT ( 3 ) GLOBAL_UNCERTAINTY_ASSIGNED_CONTEXT ( ( #4810 ) ) GLOBAL_UNIT_ASSIGNED_CONTEXT ( ( #6028, #2359, #4487 ) ) REPRESENTATION_CONTEXT ( 'NONE', 'WORKASPACE' ) );
#1799 = CARTESIAN_POINT ( 'NONE',  ( -1.212157295467698237, 0.3965395433087104959, 0.7999999999999998224 ) ) ;
#1800 = UNCERTAINTY_MEASURE_WITH_UNIT (LENGTH_MEASURE( 1.000000000000000082E-05 ), #747, 'distance_accuracy_value', 'NONE');
#1801 = EDGE_CURVE ( 'NONE', #5397, #6456, #1424, .T. ) ;
#1802 = CARTESIAN_POINT ( 'NONE',  ( -1.232862531928289762, 0.3506563165919445724, 0.8000000000000001554 ) ) ;
#1803 = FILL_AREA_STYLE ('',( #5416 ) ) ;
#1804 = CARTESIAN_POINT ( 'NONE',  ( -1.630769230769230971, 0.4000000000000000222, 0.6999999999999999556 ) ) ;
#1805 = CARTESIAN_POINT ( 'NONE',  ( -3.024999999999998579, -3.425000000000000266, 2.700000000000000178 ) ) ;
#1806 = CARTESIAN_POINT ( 'NONE',  ( -1.625641025641025861, 0.4000000000000000222, 0.8000000000000000444 ) ) ;
#1807 = EDGE_LOOP ( 'NONE', ( #5905, #5566, #5810, #1296 ) ) ;
#1808 = CARTESIAN_POINT ( 'NONE',  ( -0.3454579438759768917, 0.05113312110878143885, 0.7999999999999999334 ) ) ;
#1809 =( GEOMETRIC_REPRESENTATION_CONTEXT ( 3 ) GLOBAL_UNCERTAINTY_ASSIGNED_CONTEXT ( ( #2175 ) ) GLOBAL_UNIT_ASSIGNED_CONTEXT ( ( #2331, #2348, #4432 ) ) REPRESENTATION_CONTEXT ( 'NONE', 'WORKASPACE' ) );
#1810 = AXIS2_PLACEMENT_3D ( 'NONE', #4825, #2143, #4755 ) ;
#1811 = DIRECTION ( 'NONE',  ( -0.000000000000000000, -0.000000000000000000, -1.000000000000000000 ) ) ;
#1812 = CARTESIAN_POINT ( 'NONE',  ( -1.321946417784788830, 0.04137223683696550358, 0.7000000000000001776 ) ) ;
#1813 = VECTOR ( 'NONE', #658, 1000.000000000000000 ) ;
#1814 =( NAMED_UNIT ( * ) SI_UNIT ( $, .STERADIAN. ) SOLID_ANGLE_UNIT ( ) );
#1815 = CARTESIAN_POINT ( 'NONE',  ( -1.263430616879651414, 0.05502888667593165695, 0.7000000000000001776 ) ) ;
#1816 = EDGE_LOOP ( 'NONE', ( #295, #3690, #3079 ) ) ;
#1817 = DIRECTION ( 'NONE',  ( 1.000000000000000000, 1.164243943608595441E-16, -0.000000000000000000 ) ) ;
#1818 = LINE ( 'NONE', #2246, #698 ) ;
#1819 = CARTESIAN_POINT ( 'NONE',  ( 0.1499999999999995226, 3.850000000000000089, -0.2999999999999998224 ) ) ;
#1820 = ORIENTED_EDGE ( 'NONE', *, *, #1712, .F. ) ;
#1821 = EDGE_CURVE ( 'NONE', #98, #5437, #862, .T. ) ;
#1822 = VECTOR ( 'NONE', #4876, 1000.000000000000000 ) ;
#1823 = DIRECTION ( 'NONE',  ( 1.000000000000000000, 1.164243943608595441E-16, -0.000000000000000000 ) ) ;
#1824 = ORIENTED_EDGE ( 'NONE', *, *, #3913, .F. ) ;
#1825 = LINE ( 'NONE', #6436, #2541 ) ;
#1826 = DIRECTION ( 'NONE',  ( -1.000000000000000000, -1.164243943608595441E-16, 0.000000000000000000 ) ) ;
#1827 = CARTESIAN_POINT ( 'NONE',  ( -0.3738836493056407195, 0.07887058695961618460, 0.7000000000000000666 ) ) ;
#1828 = CARTESIAN_POINT ( 'NONE',  ( -3.024999999999999467, 3.425000000000000266, 0.7000000000000000666 ) ) ;
#1829 = VERTEX_POINT ( 'NONE', #4772 ) ;
#1830 = VECTOR ( 'NONE', #5004, 1000.000000000000000 ) ;
#1831 = VERTEX_POINT ( 'NONE', #2674 ) ;
#1832 = LINE ( 'NONE', #2368, #3283 ) ;
#1833 = CARTESIAN_POINT ( 'NONE',  ( -0.3318133135958852287, 0.2556119375331149524, 0.7000000000000007327 ) ) ;
#1834 = SURFACE_SIDE_STYLE ('',( #6103 ) ) ;
#1835 = FACE_OUTER_BOUND ( 'NONE', #496, .T. ) ;
#1836 = MECHANICAL_DESIGN_GEOMETRIC_PRESENTATION_REPRESENTATION (  '', ( #4253 ), #2184 ) ;
#1837 = EDGE_LOOP ( 'NONE', ( #6673, #2472, #6130, #6438 ) ) ;
#1838 = PRESENTATION_LAYER_ASSIGNMENT (  '', '', ( #5404 ) ) ;
#1839 = COLOUR_RGB ( '',0.1803921568627450955, 0.1803921568627450955, 0.1803921568627450955 ) ;
#1840 = CARTESIAN_POINT ( 'NONE',  ( -0.7948717948717949344, 0.2358974358974359198, 0.6999999999999999556 ) ) ;
#1841 = ORIENTED_EDGE ( 'NONE', *, *, #884, .F. ) ;
#1842 = DIRECTION ( 'NONE',  ( -0.000000000000000000, 0.000000000000000000, -1.000000000000000000 ) ) ;
#1843 = VERTEX_POINT ( 'NONE', #3775 ) ;
#1844 = LINE ( 'NONE', #2763, #2972 ) ;
#1845 = EDGE_CURVE ( 'NONE', #3042, #1313, #5647, .T. ) ;
#1846 = DIRECTION ( 'NONE',  ( -1.000000000000000000, -1.164243943608595441E-16, 0.000000000000000000 ) ) ;
#1847 = EDGE_LOOP ( 'NONE', ( #6265, #4407, #1282, #1696 ) ) ;
#1848 = VECTOR ( 'NONE', #4318, 1000.000000000000000 ) ;
#1849 = FILL_AREA_STYLE ('',( #3999 ) ) ;
#1850 = VERTEX_POINT ( 'NONE', #5337 ) ;
#1851 =( NAMED_UNIT ( * ) PLANE_ANGLE_UNIT ( ) SI_UNIT ( $, .RADIAN. ) );
#1852 = CARTESIAN_POINT ( 'NONE',  ( -0.5909698187783485324, 0.3478469800156653302, 0.8000000000000001554 ) ) ;
#1853 = SURFACE_STYLE_FILL_AREA ( #5611 ) ;
#1854 = CARTESIAN_POINT ( 'NONE',  ( 2.689999999999999503, 3.850000000000000089, 1.626303258728256651E-16 ) ) ;
#1855 = CARTESIAN_POINT ( 'NONE',  ( -0.3230769230769230949, 0.1995993589743589869, 0.6999999999999999556 ) ) ;
#1856 = PLANE ( 'NONE',  #4071 ) ;
#1857 = ORIENTED_EDGE ( 'NONE', *, *, #1352, .F. ) ;
#1858 = CIRCLE ( 'NONE', #2968, 0.2000000000000000944 ) ;
#1859 = AXIS2_PLACEMENT_3D ( 'NONE', #2470, #5153, #2448 ) ;
#1860 = DIRECTION ( 'NONE',  ( -0.4190581774617470057, -0.9079593845004517716, 0.000000000000000000 ) ) ;
#1861 = PRESENTATION_STYLE_ASSIGNMENT (( #2255 ) ) ;
#1862 = CARTESIAN_POINT ( 'NONE',  ( -0.9846153846153847811, 0.04102564102564103254, 0.6999999999999999556 ) ) ;
#1863 =( NAMED_UNIT ( * ) PLANE_ANGLE_UNIT ( ) SI_UNIT ( $, .RADIAN. ) );
#1864 = COLOUR_RGB ( '',0.1803921568627450955, 0.1803921568627450955, 0.1803921568627450955 ) ;
#1865 = SURFACE_SIDE_STYLE ('',( #4507 ) ) ;
#1866 = ORIENTED_EDGE ( 'NONE', *, *, #5003, .F. ) ;
#1867 = SURFACE_SIDE_STYLE ('',( #2243 ) ) ;
#1868 = AXIS2_PLACEMENT_3D ( 'NONE', #4670, #3730, #4254 ) ;
#1869 = CARTESIAN_POINT ( 'NONE',  ( -1.314744571188083411, 0.3579577841626070955, 0.8000000000000000444 ) ) ;
#1870 = EDGE_LOOP ( 'NONE', ( #1939, #1125, #1456, #1949 ) ) ;
#1871 = CARTESIAN_POINT ( 'NONE',  ( -1.329152136910612958, 0.1128290841634935482, 0.8000000000000001554 ) ) ;
#1872 = DIRECTION ( 'NONE',  ( -0.000000000000000000, -0.000000000000000000, -1.000000000000000000 ) ) ;
#1873 = ORIENTED_EDGE ( 'NONE', *, *, #3439, .T. ) ;
#1874 = DIRECTION ( 'NONE',  ( -0.000000000000000000, -0.000000000000000000, -1.000000000000000000 ) ) ;
#1875 = ORIENTED_EDGE ( 'NONE', *, *, #292, .T. ) ;
#1876 = CARTESIAN_POINT ( 'NONE',  ( -1.372305777316176201, 0.2744275977308017755, 0.6999999999999998446 ) ) ;
#1877 = CARTESIAN_POINT ( 'NONE',  ( -0.6455128205128205510, 0.3025641025641025994, 0.6999999999999998446 ) ) ;
#1878 = DIRECTION ( 'NONE',  ( -1.164243943608595688E-16, 1.000000000000000000, 4.336808689942017736E-16 ) ) ;
#1879 = DIRECTION ( 'NONE',  ( -0.000000000000000000, -0.000000000000000000, -1.000000000000000000 ) ) ;
#1880 = EDGE_CURVE ( 'NONE', #5488, #4322, #1584, .T. ) ;
#1881 = FILL_AREA_STYLE ('',( #1927 ) ) ;
#1882 = AXIS2_PLACEMENT_3D ( 'NONE', #3678, #2150, #114 ) ;
#1883 = CARTESIAN_POINT ( 'NONE',  ( -1.303527288488641300, 0.02746954310037300409, 0.7000000000000000666 ) ) ;
#1884 = UNCERTAINTY_MEASURE_WITH_UNIT (LENGTH_MEASURE( 1.000000000000000082E-05 ), #2168, 'distance_accuracy_value', 'NONE');
#1885 = CARTESIAN_POINT ( 'NONE',  ( -2.390000000000000568, 2.849999999999999201, -0.09999999999999996392 ) ) ;
#1886 = CARTESIAN_POINT ( 'NONE',  ( 0.1499999999999996059, 3.350000000000000089, 3.523657060577889411E-16 ) ) ;
#1887 = CARTESIAN_POINT ( 'NONE',  ( -0.5024038461538462563, 0.4102564102564102977, 0.7000000000000000666 ) ) ;
#1888 = UNCERTAINTY_MEASURE_WITH_UNIT (LENGTH_MEASURE( 1.000000000000000082E-05 ), #933, 'distance_accuracy_value', 'NONE');
#1889 = PLANE ( 'NONE',  #4423 ) ;
#1890 = DIRECTION ( 'NONE',  ( 1.000000000000000000, 1.164243943608595441E-16, -0.000000000000000000 ) ) ;
#1891 =( LENGTH_UNIT ( ) NAMED_UNIT ( * ) SI_UNIT ( .MILLI., .METRE. ) );
#1892 = CARTESIAN_POINT ( 'NONE',  ( -1.376807860355770963, 0.2597035808175419680, 0.7000000000000001776 ) ) ;
#1893 = CARTESIAN_POINT ( 'NONE',  ( 3.025000000000002132, -3.425000000000000266, 2.700000000000000178 ) ) ;
#1894 = AXIS2_PLACEMENT_3D ( 'NONE', #2551, #441, #24 ) ;
#1895 = SURFACE_STYLE_FILL_AREA ( #1803 ) ;
#1896 = CARTESIAN_POINT ( 'NONE',  ( -0.4482083075310652753, 0.03726923113702642482, 0.7000000000000001776 ) ) ;
#1897 = CARTESIAN_POINT ( 'NONE',  ( -0.3809119722409163300, 0.3768144684901049701, 0.7000000000000000666 ) ) ;
#1898 = SURFACE_STYLE_USAGE ( .BOTH. , #3425 ) ;
#1899 = EDGE_CURVE ( 'NONE', #290, #2191, #2650, .T. ) ;
#1900 = AXIS2_PLACEMENT_3D ( 'NONE', #245, #3390, #2277 ) ;
#1901 = MECHANICAL_DESIGN_GEOMETRIC_PRESENTATION_REPRESENTATION (  '', ( #2159 ), #3341 ) ;
#1902 =( LENGTH_UNIT ( ) NAMED_UNIT ( * ) SI_UNIT ( .MILLI., .METRE. ) );
#1903 = CARTESIAN_POINT ( 'NONE',  ( -0.5678831086491694657, 0.4018473106211064572, 0.8000000000000003775 ) ) ;
#1904 = VECTOR ( 'NONE', #2496, 1000.000000000000000 ) ;
#1905 = EDGE_LOOP ( 'NONE', ( #6542, #5321, #5590, #2089 ) ) ;
#1906 = CYLINDRICAL_SURFACE ( 'NONE', #3985, 0.2000000000000000944 ) ;
#1907 = DIRECTION ( 'NONE',  ( -0.000000000000000000, -0.000000000000000000, -1.000000000000000000 ) ) ;
#1908 = CARTESIAN_POINT ( 'NONE',  ( -1.252564102564102777, 0.05120192307692308237, 0.6999999999999999556 ) ) ;
#1909 = FACE_OUTER_BOUND ( 'NONE', #3698, .T. ) ;
#1910 = DIRECTION ( 'NONE',  ( -5.049103251854120913E-32, 4.336808689942017736E-16, -1.000000000000000000 ) ) ;
#1911 = LINE ( 'NONE', #4084, #4489 ) ;
#1912 = DIRECTION ( 'NONE',  ( 0.000000000000000000, 1.000000000000000000, 0.000000000000000000 ) ) ;
#1913 = ORIENTED_EDGE ( 'NONE', *, *, #1061, .T. ) ;
#1914 = CARTESIAN_POINT ( 'NONE',  ( 2.390000000000000568, -3.850000000000000089, -0.2999999999999998224 ) ) ;
#1915 = FACE_BOUND ( 'NONE', #4945, .T. ) ;
#1916 = CARTESIAN_POINT ( 'NONE',  ( -1.384533966690088436, 0.2006448497321173807, 0.6999999999999998446 ) ) ;
#1917 = EDGE_CURVE ( 'NONE', #2752, #6403, #4260, .T. ) ;
#1918 = CARTESIAN_POINT ( 'NONE',  ( -0.5628098664439719068, 0.3600994532874552401, 0.7000000000000000666 ) ) ;
#1919 = VERTEX_POINT ( 'NONE', #1156 ) ;
#1920 = COLOUR_RGB ( '',0.1803921568627450955, 0.1803921568627450955, 0.1803921568627450955 ) ;
#1921 = FACE_OUTER_BOUND ( 'NONE', #3059, .T. ) ;
#1922 = ORIENTED_EDGE ( 'NONE', *, *, #3897, .F. ) ;
#1923 = CARTESIAN_POINT ( 'NONE',  ( -0.4159337082047554479, 0.04943296532809694083, 0.6999999999999998446 ) ) ;
#1924 = SURFACE_STYLE_USAGE ( .BOTH. , #3423 ) ;
#1925 = VECTOR ( 'NONE', #3262, 1000.000000000000000 ) ;
#1926 = VECTOR ( 'NONE', #1069, 1000.000000000000000 ) ;
#1927 = FILL_AREA_STYLE_COLOUR ( '', #3542 ) ;
#1928 = EDGE_CURVE ( 'NONE', #2156, #2829, #4666, .T. ) ;
#1929 = ORIENTED_EDGE ( 'NONE', *, *, #601, .T. ) ;
#1930 = FACE_OUTER_BOUND ( 'NONE', #529, .T. ) ;
#1931 = UNCERTAINTY_MEASURE_WITH_UNIT (LENGTH_MEASURE( 1.000000000000000082E-05 ), #1902, 'distance_accuracy_value', 'NONE');
#1932 = ORIENTED_EDGE ( 'NONE', *, *, #4951, .T. ) ;
#1933 = CARTESIAN_POINT ( 'NONE',  ( 0.1499999999999996059, 3.149999999999999911, 0.2000000000000003997 ) ) ;
#1934 =( NAMED_UNIT ( * ) PLANE_ANGLE_UNIT ( ) SI_UNIT ( $, .RADIAN. ) );
#1935 = LINE ( 'NONE', #1644, #4508 ) ;
#1936 = PRODUCT_DEFINITION_FORMATION_WITH_SPECIFIED_SOURCE ( '任何', '', #2965, .NOT_KNOWN. ) ;
#1937 = AXIS2_PLACEMENT_3D ( 'NONE', #410, #1435, #5067 ) ;
#1938 = FACE_OUTER_BOUND ( 'NONE', #1201, .T. ) ;
#1939 = ORIENTED_EDGE ( 'NONE', *, *, #2657, .F. ) ;
#1940 = DIRECTION ( 'NONE',  ( 0.4285842068721733567, -0.9035018415143104553, 0.000000000000000000 ) ) ;
#1941 = CARTESIAN_POINT ( 'NONE',  ( -0.4374588842654693610, 0.4022268275256529746, 0.7000000000000000666 ) ) ;
#1942 = EDGE_CURVE ( 'NONE', #6073, #2709, #4737, .T. ) ;
#1943 = CARTESIAN_POINT ( 'NONE',  ( -0.6455128205128205510, 0.09743589743589745056, 0.6999999999999999556 ) ) ;
#1944 = DIRECTION ( 'NONE',  ( 0.000000000000000000, 0.000000000000000000, -1.000000000000000000 ) ) ;
#1945 = SURFACE_STYLE_USAGE ( .BOTH. , #888 ) ;
#1946 = SURFACE_STYLE_USAGE ( .BOTH. , #5050 ) ;
#1947 = LINE ( 'NONE', #6143, #5184 ) ;
#1948 =( NAMED_UNIT ( * ) SI_UNIT ( $, .STERADIAN. ) SOLID_ANGLE_UNIT ( ) );
#1949 = ORIENTED_EDGE ( 'NONE', *, *, #1042, .F. ) ;
#1950 = CARTESIAN_POINT ( 'NONE',  ( -0.4582684121655189458, 0.4068386202899898496, 0.7999999999999999334 ) ) ;
#1951 = DIRECTION ( 'NONE',  ( 1.000000000000000000, 1.164243943608595441E-16, -0.000000000000000000 ) ) ;
#1952 = VERTEX_POINT ( 'NONE', #5453 ) ;
#1953 = ORIENTED_EDGE ( 'NONE', *, *, #723, .F. ) ;
#1954 = ORIENTED_EDGE ( 'NONE', *, *, #2861, .F. ) ;
#1955 = CARTESIAN_POINT ( 'NONE',  ( -1.348659287304920351, 0.1997101633160560663, 0.6999999999999999556 ) ) ;
#1956 =( LENGTH_UNIT ( ) NAMED_UNIT ( * ) SI_UNIT ( .MILLI., .METRE. ) );
#1957 = ORIENTED_EDGE ( 'NONE', *, *, #5454, .T. ) ;
#1958 = DIRECTION ( 'NONE',  ( 1.000000000000000000, 1.164243943608595441E-16, -0.000000000000000000 ) ) ;
#1959 = SURFACE_STYLE_USAGE ( .BOTH. , #1867 ) ;
#1960 = SURFACE_SIDE_STYLE ('',( #6266 ) ) ;
#1961 = CARTESIAN_POINT ( 'NONE',  ( -3.324999999999998401, -3.725000000000000977, 0.6999999999999999556 ) ) ;
#1962 = VECTOR ( 'NONE', #2789, 1000.000000000000000 ) ;
#1963 = CARTESIAN_POINT ( 'NONE',  ( -1.243349358974359165, 0.3477564102564102977, 0.6999999999999999556 ) ) ;
#1964 =( NAMED_UNIT ( * ) SI_UNIT ( $, .STERADIAN. ) SOLID_ANGLE_UNIT ( ) );
#1965 = CARTESIAN_POINT ( 'NONE',  ( -0.4656271420926503257, 0.03354761702236834509, 0.6999999999999997335 ) ) ;
#1966 = CARTESIAN_POINT ( 'NONE',  ( -1.475080128205128238, 0.000000000000000000, 0.8000000000000000444 ) ) ;
#1967 =( GEOMETRIC_REPRESENTATION_CONTEXT ( 3 ) GLOBAL_UNCERTAINTY_ASSIGNED_CONTEXT ( ( #3298 ) ) GLOBAL_UNIT_ASSIGNED_CONTEXT ( ( #6123, #5659, #1536 ) ) REPRESENTATION_CONTEXT ( 'NONE', 'WORKASPACE' ) );
#1968 = CARTESIAN_POINT ( 'NONE',  ( -0.7948717948717949344, 0.1948717948717949011, 0.6999999999999999556 ) ) ;
#1969 = DIRECTION ( 'NONE',  ( 0.000000000000000000, 1.000000000000000000, -4.336808689942017736E-16 ) ) ;
#1970 = EDGE_CURVE ( 'NONE', #5872, #4585, #4848, .T. ) ;
#1971 = FILL_AREA_STYLE ('',( #359 ) ) ;
#1972 = ORIENTED_EDGE ( 'NONE', *, *, #6212, .F. ) ;
#1973 =( NAMED_UNIT ( * ) SI_UNIT ( $, .STERADIAN. ) SOLID_ANGLE_UNIT ( ) );
#1974 = LINE ( 'NONE', #3567, #3685 ) ;
#1975 = PLANE ( 'NONE',  #4707 ) ;
#1976 = STYLED_ITEM ( 'NONE', ( #3853 ), #3082 ) ;
#1977 = VERTEX_POINT ( 'NONE', #6503 ) ;
#1978 = COLOUR_RGB ( '',0.7960784313725489669, 0.8235294117647058432, 0.9372549019607843146 ) ;
#1979 = SURFACE_STYLE_USAGE ( .BOTH. , #6163 ) ;
#1980 = CARTESIAN_POINT ( 'NONE',  ( -0.4159337082047554479, 0.04943296532809694083, 0.7999999999999999334 ) ) ;
#1981 = PRESENTATION_STYLE_ASSIGNMENT (( #3314 ) ) ;
#1982 =( LENGTH_UNIT ( ) NAMED_UNIT ( * ) SI_UNIT ( .MILLI., .METRE. ) );
#1983 = DIRECTION ( 'NONE',  ( -6.018531076210113136E-32, 5.421010862427523156E-16, -1.000000000000000000 ) ) ;
#1984 = CARTESIAN_POINT ( 'NONE',  ( -2.389999999999999680, -3.350000000000000533, 3.794707603699265519E-16 ) ) ;
#1985 = LINE ( 'NONE', #3959, #4566 ) ;
#1986 = ORIENTED_EDGE ( 'NONE', *, *, #798, .F. ) ;
#1987 = VECTOR ( 'NONE', #4967, 1000.000000000000000 ) ;
#1988 = EDGE_CURVE ( 'NONE', #1596, #3478, #5563, .T. ) ;
#1989 = STYLED_ITEM ( 'NONE', ( #3819 ), #4730 ) ;
#1990 = CARTESIAN_POINT ( 'NONE',  ( -0.6769230769230770717, 0.07363782051282051488, 0.8000000000000000444 ) ) ;
#1991 = CARTESIAN_POINT ( 'NONE',  ( -0.5069997858048641559, 0.4102013087488826093, 0.8000000000000000444 ) ) ;
#1992 = DIRECTION ( 'NONE',  ( -1.164243943608595441E-16, 1.000000000000000000, -0.000000000000000000 ) ) ;
#1993 = VERTEX_POINT ( 'NONE', #1797 ) ;
#1994 = CYLINDRICAL_SURFACE ( 'NONE', #4435, 0.2999999999999999334 ) ;
#1995 = VERTEX_POINT ( 'NONE', #741 ) ;
#1996 = ADVANCED_FACE ( 'NONE', ( #5489 ), #268, .F. ) ;
#1997 = CARTESIAN_POINT ( 'NONE',  ( -2.690000000000000391, 3.049999999999999822, -0.09999999999999993616 ) ) ;
#1998 = DIRECTION ( 'NONE',  ( 0.000000000000000000, 5.421010862427523156E-16, 1.000000000000000000 ) ) ;
#1999 = ORIENTED_EDGE ( 'NONE', *, *, #59, .T. ) ;
#2000 = VECTOR ( 'NONE', #1958, 1000.000000000000000 ) ;
#2001 = COLOUR_RGB ( '',0.7960784313725489669, 0.8235294117647058432, 0.9372549019607843146 ) ;
#2002 = CARTESIAN_POINT ( 'NONE',  ( -2.390000000000000568, 3.849999999999999645, -0.2999999999999998224 ) ) ;
#2003 = EDGE_LOOP ( 'NONE', ( #4265, #6538, #1875, #3801 ) ) ;
#2004 = EDGE_LOOP ( 'NONE', ( #831, #4198, #1741, #2341 ) ) ;
#2005 = EDGE_CURVE ( 'NONE', #3153, #1109, #6372, .T. ) ;
#2006 = VECTOR ( 'NONE', #1108, 1000.000000000000000 ) ;
#2007 =( NAMED_UNIT ( * ) PLANE_ANGLE_UNIT ( ) SI_UNIT ( $, .RADIAN. ) );
#2008 =( GEOMETRIC_REPRESENTATION_CONTEXT ( 3 ) GLOBAL_UNCERTAINTY_ASSIGNED_CONTEXT ( ( #4488 ) ) GLOBAL_UNIT_ASSIGNED_CONTEXT ( ( #3094, #4615, #6660 ) ) REPRESENTATION_CONTEXT ( 'NONE', 'WORKASPACE' ) );
#2009 = ORIENTED_EDGE ( 'NONE', *, *, #1276, .T. ) ;
#2010 = ORIENTED_EDGE ( 'NONE', *, *, #5085, .F. ) ;
#2011 = DIRECTION ( 'NONE',  ( -1.164243943608595441E-16, 1.000000000000000000, 0.000000000000000000 ) ) ;
#2012 = LINE ( 'NONE', #1943, #4428 ) ;
#2013 = VERTEX_POINT ( 'NONE', #2837 ) ;
#2014 = FACE_OUTER_BOUND ( 'NONE', #2024, .T. ) ;
#2015 = DIRECTION ( 'NONE',  ( 1.000000000000000000, 1.164243943608595441E-16, -0.000000000000000000 ) ) ;
#2016 = CARTESIAN_POINT ( 'NONE',  ( -0.3066832285584413786, 0.1073357516158843505, 0.7000000000000000666 ) ) ;
#2017 = CARTESIAN_POINT ( 'NONE',  ( -0.6441770985595010046, 0.3619642658854137496, 0.7999999999999999334 ) ) ;
#2018 = CARTESIAN_POINT ( 'NONE',  ( -0.2906778569237533083, 0.2444483272507210758, 0.7000000000000001776 ) ) ;
#2019 = STYLED_ITEM ( 'NONE', ( #4160 ), #2497 ) ;
#2020 =( NAMED_UNIT ( * ) PLANE_ANGLE_UNIT ( ) SI_UNIT ( $, .RADIAN. ) );
#2021 = AXIS2_PLACEMENT_3D ( 'NONE', #3591, #6685, #1998 ) ;
#2022 =( NAMED_UNIT ( * ) PLANE_ANGLE_UNIT ( ) SI_UNIT ( $, .RADIAN. ) );
#2023 = ORIENTED_EDGE ( 'NONE', *, *, #5312, .T. ) ;
#2024 = EDGE_LOOP ( 'NONE', ( #5392, #4201, #4791, #959, #3032, #3381, #5073, #4664 ) ) ;
#2025 = FILL_AREA_STYLE ('',( #4640 ) ) ;
#2026 = SURFACE_STYLE_USAGE ( .BOTH. , #6689 ) ;
#2027 = VERTEX_POINT ( 'NONE', #310 ) ;
#2028 = CARTESIAN_POINT ( 'NONE',  ( 0.000000000000000000, 0.000000000000000000, 0.000000000000000000 ) ) ;
#2029 = CARTESIAN_POINT ( 'NONE',  ( -0.3355921500037981065, 0.1333170696709775338, 0.7999999999999998224 ) ) ;
#2030 = ADVANCED_FACE ( 'NONE', ( #3947 ), #6537, .T. ) ;
#2031 = MECHANICAL_DESIGN_GEOMETRIC_PRESENTATION_REPRESENTATION (  '', ( #5426 ), #4450 ) ;
#2032 = DIRECTION ( 'NONE',  ( 0.000000000000000000, -1.000000000000000000, -1.355252715606880789E-16 ) ) ;
#2033 = MECHANICAL_DESIGN_GEOMETRIC_PRESENTATION_REPRESENTATION (  '', ( #1588 ), #2852 ) ;
#2034 = FILL_AREA_STYLE_COLOUR ( '', #708 ) ;
#2035 = LINE ( 'NONE', #2258, #4798 ) ;
#2036 = FILL_AREA_STYLE ('',( #3075 ) ) ;
#2037 = CARTESIAN_POINT ( 'NONE',  ( -0.3258001701310614950, 0.07456384417196772196, 0.7999999999999999334 ) ) ;
#2038 = EDGE_LOOP ( 'NONE', ( #965, #3208, #5886, #5585, #1542, #1866 ) ) ;
#2039 = CARTESIAN_POINT ( 'NONE',  ( -1.290910913149264205, 0.3737485229560012501, 0.7000000000000000666 ) ) ;
#2040 = CARTESIAN_POINT ( 'NONE',  ( -0.2954571479170656767, 0.2643513442625217702, 0.8000000000000000444 ) ) ;
#2041 = CARTESIAN_POINT ( 'NONE',  ( 2.389999999999999680, 3.050000000000000266, -0.09999999999999993616 ) ) ;
#2042 = CARTESIAN_POINT ( 'NONE',  ( -3.024999999999998579, -1.343175853018394816, 0.6999999999999999556 ) ) ;
#2043 = EDGE_CURVE ( 'NONE', #615, #604, #1349, .T. ) ;
#2044 = CARTESIAN_POINT ( 'NONE',  ( 3.325000000000002398, -1.343175853018395260, 0.2999999999999999889 ) ) ;
#2045 =( NAMED_UNIT ( * ) PLANE_ANGLE_UNIT ( ) SI_UNIT ( $, .RADIAN. ) );
#2046 = CARTESIAN_POINT ( 'NONE',  ( 2.389999999999999680, 3.050000000000000266, -0.2999999999999999334 ) ) ;
#2047 = EDGE_CURVE ( 'NONE', #2136, #5654, #931, .T. ) ;
#2048 = CARTESIAN_POINT ( 'NONE',  ( -0.3235042640261070468, 0.1820794841432559208, 0.6999999999999998446 ) ) ;
#2049 =( NAMED_UNIT ( * ) PLANE_ANGLE_UNIT ( ) SI_UNIT ( $, .RADIAN. ) );
#2050 = CARTESIAN_POINT ( 'NONE',  ( 2.689999999999999503, 3.149999999999999911, 0.6999999999999998446 ) ) ;
#2051 = MECHANICAL_DESIGN_GEOMETRIC_PRESENTATION_REPRESENTATION (  '', ( #4792 ), #1967 ) ;
#2052 = CIRCLE ( 'NONE', #1284, 0.3107604898198177423 ) ;
#2053 = CARTESIAN_POINT ( 'NONE',  ( -1.320969757448418269, 0.2924359716060198067, 0.7999999999999999334 ) ) ;
#2054 = EDGE_CURVE ( 'NONE', #5592, #4513, #5165, .T. ) ;
#2055 = SURFACE_SIDE_STYLE ('',( #2240 ) ) ;
#2056 = LINE ( 'NONE', #6589, #5543 ) ;
#2057 = ADVANCED_FACE ( 'NONE', ( #1744 ), #834, .T. ) ;
#2058 = DIRECTION ( 'NONE',  ( 1.000000000000000000, 1.164243943608595441E-16, -0.000000000000000000 ) ) ;
#2059 = LINE ( 'NONE', #3350, #3369 ) ;
#2060 = VERTEX_POINT ( 'NONE', #1886 ) ;
#2061 = FACE_OUTER_BOUND ( 'NONE', #2252, .T. ) ;
#2062 = LINE ( 'NONE', #155, #1412 ) ;
#2063 = ORIENTED_EDGE ( 'NONE', *, *, #2376, .F. ) ;
#2064 = CARTESIAN_POINT ( 'NONE',  ( -2.689999999999999503, -3.850000000000000533, 1.626303258728256651E-16 ) ) ;
#2065 = AXIS2_PLACEMENT_3D ( 'NONE', #1893, #1391, #4410 ) ;
#2066 = CARTESIAN_POINT ( 'NONE',  ( -0.1500000000000003553, 3.350000000000000089, 3.523657060577889411E-16 ) ) ;
#2067 = LINE ( 'NONE', #3022, #6361 ) ;
#2068 = ORIENTED_EDGE ( 'NONE', *, *, #952, .T. ) ;
#2069 = PLANE ( 'NONE',  #818 ) ;
#2070 = FACE_BOUND ( 'NONE', #3499, .T. ) ;
#2071 = SURFACE_STYLE_USAGE ( .BOTH. , #3709 ) ;
#2072 = FILL_AREA_STYLE ('',( #2537 ) ) ;
#2073 = VERTEX_POINT ( 'NONE', #5043 ) ;
#2074 = VECTOR ( 'NONE', #2122, 1000.000000000000114 ) ;
#2075 = FACE_OUTER_BOUND ( 'NONE', #1837, .T. ) ;
#2076 = ORIENTED_EDGE ( 'NONE', *, *, #6386, .T. ) ;
#2077 = CARTESIAN_POINT ( 'NONE',  ( -0.1500000000000003275, 3.050000000000000266, -0.2999999999999999334 ) ) ;
#2078 = CARTESIAN_POINT ( 'NONE',  ( -1.277565476314040716, 0.3331040074392040418, 0.7999999999999999334 ) ) ;
#2079 = CARTESIAN_POINT ( 'NONE',  ( -1.384615384615384803, 0.1949519230769231060, 0.7000000000000000666 ) ) ;
#2080 = VECTOR ( 'NONE', #4212, 1000.000000000000000 ) ;
#2081 = CARTESIAN_POINT ( 'NONE',  ( -0.5160969854957013769, 0.4100922408638996708, 0.8000000000000001554 ) ) ;
#2082 = ORIENTED_EDGE ( 'NONE', *, *, #3089, .T. ) ;
#2083 = FACE_OUTER_BOUND ( 'NONE', #1274, .T. ) ;
#2084 = ORIENTED_EDGE ( 'NONE', *, *, #1293, .T. ) ;
#2085 = COLOUR_RGB ( '',0.7960784313725489669, 0.8235294117647058432, 0.9372549019607843146 ) ;
#2086 = DIRECTION ( 'NONE',  ( 1.355252715606879803E-16, -1.000000000000000000, 0.000000000000000000 ) ) ;
#2087 = CYLINDRICAL_SURFACE ( 'NONE', #6164, 0.2000000000000000944 ) ;
#2088 = DIRECTION ( 'NONE',  ( 1.000000000000000000, 1.164243943608595441E-16, -0.000000000000000000 ) ) ;
#2089 = ORIENTED_EDGE ( 'NONE', *, *, #122, .T. ) ;
#2090 = FILL_AREA_STYLE_COLOUR ( '', #4770 ) ;
#2091 = FILL_AREA_STYLE_COLOUR ( '', #2001 ) ;
#2092 = B_SPLINE_CURVE_WITH_KNOTS ( 'NONE', 3,
 ( #1198, #610, #3763, #5837, #3233, #5250, #5854, #1693, #171, #660, #1124, #5276, #1641, #5319, #4196, #1149, #3789, #2759, #683 ),
 .UNSPECIFIED., .F., .F.,
 ( 4, 1, 1, 1, 1, 1, 1, 1, 1, 1, 1, 1, 1, 1, 1, 1, 4 ),
 ( 0.000000000000000000, 0.06432321657984212127, 0.1262901037035559504, 0.1867264692161328676, 0.2461464323353446393, 0.3055756426461386788, 0.3654293856180519939, 0.4263263089482600687, 0.4888399064006413997, 0.5517249718140475601, 0.6139185964661593164, 0.6754837657683966379, 0.7373338970992860952, 0.8002290443945266896, 0.8645022981233231318, 0.9310407391556975165, 1.000000000000000000 ),
 .UNSPECIFIED. ) ;
#2093 = UNCERTAINTY_MEASURE_WITH_UNIT (LENGTH_MEASURE( 1.000000000000000082E-05 ), #4427, 'distance_accuracy_value', 'NONE');
#2094 = FACE_OUTER_BOUND ( 'NONE', #819, .T. ) ;
#2095 = CARTESIAN_POINT ( 'NONE',  ( -0.6769230769230771827, 0.07363782051282052876, 0.8000000000000001554 ) ) ;
#2096 = ADVANCED_FACE ( 'NONE', ( #2964 ), #4542, .T. ) ;
#2097 = EDGE_CURVE ( 'NONE', #5150, #5036, #1574, .T. ) ;
#2098 = VECTOR ( 'NONE', #6563, 1000.000000000000000 ) ;
#2099 = EDGE_LOOP ( 'NONE', ( #945, #913, #2903, #308 ) ) ;
#2100 = CARTESIAN_POINT ( 'NONE',  ( 0.1500000000000003553, -3.350000000000000089, 0.2000000000000003997 ) ) ;
#2101 = EDGE_CURVE ( 'NONE', #2462, #5036, #4409, .T. ) ;
#2102 = CARTESIAN_POINT ( 'NONE',  ( -0.5096273952256406004, 0.03096223416933438152, 0.7999999999999999334 ) ) ;
#2103 = CARTESIAN_POINT ( 'NONE',  ( -0.6346355158810372821, 0.3693543430750872436, 0.8000000000000001554 ) ) ;
#2104 = ORIENTED_EDGE ( 'NONE', *, *, #5377, .T. ) ;
#2105 = DIRECTION ( 'NONE',  ( 1.000000000000000000, 1.164243943608595441E-16, -0.000000000000000000 ) ) ;
#2106 = ORIENTED_EDGE ( 'NONE', *, *, #637, .F. ) ;
#2107 = VECTOR ( 'NONE', #2865, 1000.000000000000000 ) ;
#2108 = ORIENTED_EDGE ( 'NONE', *, *, #1236, .T. ) ;
#2109 =( NAMED_UNIT ( * ) SI_UNIT ( $, .STERADIAN. ) SOLID_ANGLE_UNIT ( ) );
#2110 = PRESENTATION_LAYER_ASSIGNMENT (  '', '', ( #2019 ) ) ;
#2111 = CARTESIAN_POINT ( 'NONE',  ( -1.175754772868079501, 0.04158706727631122924, 0.6999999999999999556 ) ) ;
#2112 = EDGE_LOOP ( 'NONE', ( #2084, #5029, #1972, #4447 ) ) ;
#2113 = DIRECTION ( 'NONE',  ( -0.000000000000000000, 0.000000000000000000, 1.000000000000000000 ) ) ;
#2114 = LINE ( 'NONE', #2002, #5448 ) ;
#2115 = CARTESIAN_POINT ( 'NONE',  ( 2.390000000000000568, -3.050000000000000266, -0.09999999999999993616 ) ) ;
#2116 = DIRECTION ( 'NONE',  ( -0.000000000000000000, -0.000000000000000000, -1.000000000000000000 ) ) ;
#2117 = CARTESIAN_POINT ( 'NONE',  ( -0.6025170169367060069, 0.01149426276160554934, 0.6999999999999997335 ) ) ;
#2118 = EDGE_CURVE ( 'NONE', #3061, #438, #2711, .T. ) ;
#2119 = STYLED_ITEM ( 'NONE', ( #6229 ), #4714 ) ;
#2120 = FILL_AREA_STYLE ('',( #1599 ) ) ;
#2121 = CARTESIAN_POINT ( 'NONE',  ( -0.4307213153877917367, -0.0004875322614737636413, 0.7000000000000013989 ) ) ;
#2122 = DIRECTION ( 'NONE',  ( 0.4189977888269744155, 0.9079872537420919931, 0.000000000000000000 ) ) ;
#2123 = ADVANCED_FACE ( 'NONE', ( #4657 ), #5514, .T. ) ;
#2124 = DIRECTION ( 'NONE',  ( 0.000000000000000000, -1.000000000000000000, 0.000000000000000000 ) ) ;
#2125 = EDGE_CURVE ( 'NONE', #3244, #2191, #1832, .T. ) ;
#2126 = CARTESIAN_POINT ( 'NONE',  ( -0.6769230769230770717, 0.07363782051282051488, 0.8000000000000000444 ) ) ;
#2127 = VERTEX_POINT ( 'NONE', #6552 ) ;
#2128 = CARTESIAN_POINT ( 'NONE',  ( -1.352911193550911051, 0.07818880144970048740, 0.7000000000000005107 ) ) ;
#2129 =( NAMED_UNIT ( * ) PLANE_ANGLE_UNIT ( ) SI_UNIT ( $, .RADIAN. ) );
#2130 = SURFACE_STYLE_USAGE ( .BOTH. , #2558 ) ;
#2131 = B_SPLINE_CURVE_WITH_KNOTS ( 'NONE', 3,
 ( #2966, #1991, #2457, #2505, #3502, #4007, #1903, #6125, #5528, #1381, #2420, #5056, #2103, #2017, #2571, #4133, #5661, #6192, #4091 ),
 .UNSPECIFIED., .F., .F.,
 ( 4, 1, 1, 1, 1, 1, 1, 1, 1, 1, 1, 1, 1, 1, 1, 1, 4 ),
 ( 0.000000000000000000, 0.06854753670890291473, 0.1356829456230481956, 0.2012149895263285748, 0.2656822347546964336, 0.3292668348172592130, 0.3923954278443285149, 0.4550697616521436339, 0.5171268500645062050, 0.5787900352866527376, 0.6397398633435417148, 0.7001915036663086678, 0.7598062425966702893, 0.8196283192750081215, 0.8793547910462764516, 0.9395116077646616937, 1.000000000000000000 ),
 .UNSPECIFIED. ) ;
#2132 = EDGE_CURVE ( 'NONE', #5008, #101, #4753, .T. ) ;
#2133 = CARTESIAN_POINT ( 'NONE',  ( 0.1500000000000003275, -3.050000000000000266, -0.09999999999999993616 ) ) ;
#2134 = PLANE ( 'NONE',  #95 ) ;
#2135 = CARTESIAN_POINT ( 'NONE',  ( -2.043570218841597175, -2.731627296587916032, 2.900000000000000355 ) ) ;
#2136 = VERTEX_POINT ( 'NONE', #6066 ) ;
#2137 = PRESENTATION_LAYER_ASSIGNMENT (  '', '', ( #1312 ) ) ;
#2138 = CYLINDRICAL_SURFACE ( 'NONE', #4176, 0.2999999999999999334 ) ;
#2139 = LINE ( 'NONE', #3239, #1568 ) ;
#2140 = EDGE_LOOP ( 'NONE', ( #4341, #5786, #3144, #4025 ) ) ;
#2141 =( NAMED_UNIT ( * ) PLANE_ANGLE_UNIT ( ) SI_UNIT ( $, .RADIAN. ) );
#2142 = CARTESIAN_POINT ( 'NONE',  ( -0.3893673654198945289, 0.01697096999902510811, 0.7000000000000008438 ) ) ;
#2143 = DIRECTION ( 'NONE',  ( 1.000000000000000000, 1.164243943608595441E-16, -0.000000000000000000 ) ) ;
#2144 = EDGE_CURVE ( 'NONE', #4562, #3328, #3755, .T. ) ;
#2145 = LINE ( 'NONE', #3329, #5946 ) ;
#2146 = CARTESIAN_POINT ( 'NONE',  ( -0.6744733228757271437, 0.3298345615042309054, 0.8000000000000000444 ) ) ;
#2147 = VERTEX_POINT ( 'NONE', #5212 ) ;
#2148 = LINE ( 'NONE', #4904, #3613 ) ;
#2149 = ORIENTED_EDGE ( 'NONE', *, *, #380, .T. ) ;
#2150 = DIRECTION ( 'NONE',  ( 1.164243943608595441E-16, -1.000000000000000000, -5.421010862427523156E-16 ) ) ;
#2151 = SURFACE_STYLE_FILL_AREA ( #2757 ) ;
#2152 = FILL_AREA_STYLE ('',( #1054 ) ) ;
#2153 = ORIENTED_EDGE ( 'NONE', *, *, #5263, .T. ) ;
#2154 = PRESENTATION_STYLE_ASSIGNMENT (( #967 ) ) ;
#2155 = LINE ( 'NONE', #983, #4663 ) ;
#2156 = VERTEX_POINT ( 'NONE', #5216 ) ;
#2157 = CARTESIAN_POINT ( 'NONE',  ( -2.689999999999999503, -3.150000000000000355, 0.6999999999999998446 ) ) ;
#2158 = STYLED_ITEM ( 'NONE', ( #5717 ), #2030 ) ;
#2159 = STYLED_ITEM ( 'NONE', ( #5918 ), #4297 ) ;
#2160 = CARTESIAN_POINT ( 'NONE',  ( -0.5426369153956077662, -0.007365042946550651691, 0.7999999999999999334 ) ) ;
#2161 = EDGE_LOOP ( 'NONE', ( #4180, #1035, #1790, #6045 ) ) ;
#2162 = FACE_OUTER_BOUND ( 'NONE', #551, .T. ) ;
#2163 = ORIENTED_EDGE ( 'NONE', *, *, #4641, .T. ) ;
#2164 = CARTESIAN_POINT ( 'NONE',  ( -1.092307692307692424, 0.3589743589743589758, 0.8000000000000000444 ) ) ;
#2165 = VERTEX_POINT ( 'NONE', #3131 ) ;
#2166 = ADVANCED_FACE ( 'NONE', ( #5557, #1007, #3382, #4918, #2888, #1915, #6198, #4492, #6364, #1339, #4331, #2070 ), #2134, .F. ) ;
#2167 =( LENGTH_UNIT ( ) NAMED_UNIT ( * ) SI_UNIT ( .MILLI., .METRE. ) );
#2168 =( LENGTH_UNIT ( ) NAMED_UNIT ( * ) SI_UNIT ( .MILLI., .METRE. ) );
#2169 = VERTEX_POINT ( 'NONE', #4702 ) ;
#2170 = DIRECTION ( 'NONE',  ( -0.000000000000000000, 0.000000000000000000, -1.000000000000000000 ) ) ;
#2171 = PLANE ( 'NONE',  #756 ) ;
#2172 = CARTESIAN_POINT ( 'NONE',  ( -1.092307692307692424, 0.04102564102564103254, 0.8000000000000000444 ) ) ;
#2173 = EDGE_CURVE ( 'NONE', #3189, #5976, #6695, .T. ) ;
#2174 = CARTESIAN_POINT ( 'NONE',  ( -0.5917572718198167436, 0.3934842443774276277, 0.8000000000000001554 ) ) ;
#2175 = UNCERTAINTY_MEASURE_WITH_UNIT (LENGTH_MEASURE( 1.000000000000000082E-05 ), #2331, 'distance_accuracy_value', 'NONE');
#2176 = VECTOR ( 'NONE', #2916, 1000.000000000000000 ) ;
#2177 =( LENGTH_UNIT ( ) NAMED_UNIT ( * ) SI_UNIT ( .MILLI., .METRE. ) );
#2178 = CARTESIAN_POINT ( 'NONE',  ( -1.233011193444533582, 0.04652541393320326624, 0.6999999999999999556 ) ) ;
#2179 = LINE ( 'NONE', #4818, #6554 ) ;
#2180 = CARTESIAN_POINT ( 'NONE',  ( -1.383129929819975068, 0.1659058747291569103, 0.8000000000000000444 ) ) ;
#2181 = FILL_AREA_STYLE ('',( #2090 ) ) ;
#2182 = B_SPLINE_CURVE_WITH_KNOTS ( 'NONE', 3,
 ( #1556, #4075, #3590, #6200, #3083, #1525, #5195, #3013, #465, #5146, #3609, #6175, #5666, #971, #4658 ),
 .UNSPECIFIED., .F., .F.,
 ( 4, 1, 1, 1, 1, 1, 1, 1, 1, 1, 1, 1, 4 ),
 ( 0.000000000000000000, 0.06316325936347014225, 0.1254749410306405799, 0.1871212198160327467, 0.2482943461142985420, 0.3092948562551207092, 0.3698500660670926976, 0.4309733755473816874, 0.4924559896728166741, 0.6161479662918547540, 0.7408436984673625325, 0.8681826486700426893, 1.000000000000000000 ),
 .UNSPECIFIED. ) ;
#2183 = ORIENTED_EDGE ( 'NONE', *, *, #3712, .F. ) ;
#2184 =( GEOMETRIC_REPRESENTATION_CONTEXT ( 3 ) GLOBAL_UNCERTAINTY_ASSIGNED_CONTEXT ( ( #2370 ) ) GLOBAL_UNIT_ASSIGNED_CONTEXT ( ( #3056, #3585, #5168 ) ) REPRESENTATION_CONTEXT ( 'NONE', 'WORKASPACE' ) );
#2185 = SURFACE_SIDE_STYLE ('',( #2828 ) ) ;
#2186 = EDGE_CURVE ( 'NONE', #4491, #1290, #5958, .T. ) ;
#2187 = ADVANCED_FACE ( 'NONE', ( #4580 ), #5713, .T. ) ;
#2188 = ORIENTED_EDGE ( 'NONE', *, *, #3669, .T. ) ;
#2189 = CARTESIAN_POINT ( 'NONE',  ( -0.7948717948717949344, 0.2358974358974359198, 0.6999999999999999556 ) ) ;
#2190 = EDGE_CURVE ( 'NONE', #3061, #3386, #3462, .T. ) ;
#2191 = VERTEX_POINT ( 'NONE', #6238 ) ;
#2192 = CARTESIAN_POINT ( 'NONE',  ( 3.025000000000002132, -3.725000000000000089, 0.6999999999999999556 ) ) ;
#2193 = VECTOR ( 'NONE', #1430, 1000.000000000000000 ) ;
#2194 =( NAMED_UNIT ( * ) PLANE_ANGLE_UNIT ( ) SI_UNIT ( $, .RADIAN. ) );
#2195 = CARTESIAN_POINT ( 'NONE',  ( -1.214511168995398135E-16, 1.043175853018395882, 0.000000000000000000 ) ) ;
#2196 = CARTESIAN_POINT ( 'NONE',  ( -0.4775156886684360780, -0.009208156793253022623, 0.7000000000000011768 ) ) ;
#2197 = CARTESIAN_POINT ( 'NONE',  ( -0.6695872434478282731, 0.3362808396652526288, 0.7000000000000006217 ) ) ;
#2198 = ADVANCED_FACE ( 'NONE', ( #1508 ), #6216, .F. ) ;
#2199 =( GEOMETRIC_REPRESENTATION_CONTEXT ( 3 ) GLOBAL_UNCERTAINTY_ASSIGNED_CONTEXT ( ( #1168 ) ) GLOBAL_UNIT_ASSIGNED_CONTEXT ( ( #1480, #2007, #3594 ) ) REPRESENTATION_CONTEXT ( 'NONE', 'WORKASPACE' ) );
#2200 =( GEOMETRIC_REPRESENTATION_CONTEXT ( 3 ) GLOBAL_UNCERTAINTY_ASSIGNED_CONTEXT ( ( #1888 ) ) GLOBAL_UNIT_ASSIGNED_CONTEXT ( ( #933, #1483, #5202 ) ) REPRESENTATION_CONTEXT ( 'NONE', 'WORKASPACE' ) );
#2201 = CARTESIAN_POINT ( 'NONE',  ( -0.7948717948717949344, 0.3589743589743589758, 0.8000000000000000444 ) ) ;
#2202 = LINE ( 'NONE', #6437, #3254 ) ;
#2203 = SURFACE_STYLE_USAGE ( .BOTH. , #4126 ) ;
#2204 = EDGE_CURVE ( 'NONE', #2552, #5474, #4240, .T. ) ;
#2205 = CARTESIAN_POINT ( 'NONE',  ( -0.5163923040456379621, -0.01010351029279037138, 0.6999999999999997335 ) ) ;
#2206 = DIRECTION ( 'NONE',  ( 0.000000000000000000, -1.000000000000000000, 0.000000000000000000 ) ) ;
#2207 = ORIENTED_EDGE ( 'NONE', *, *, #1046, .T. ) ;
#2208 = CARTESIAN_POINT ( 'NONE',  ( -1.201254569075834500, 0.3975531570450731023, 0.7999999999999999334 ) ) ;
#2209 = DIRECTION ( 'NONE',  ( 0.000000000000000000, 1.000000000000000000, 0.000000000000000000 ) ) ;
#2210 = FILL_AREA_STYLE_COLOUR ( '', #3289 ) ;
#2211 = DIRECTION ( 'NONE',  ( -1.000000000000000000, -1.164243943608595441E-16, 0.000000000000000000 ) ) ;
#2212 = CARTESIAN_POINT ( 'NONE',  ( -1.214451826017967306, 0.001236551124432138217, 0.8000000000000001554 ) ) ;
#2213 = LINE ( 'NONE', #3900, #442 ) ;
#2214 = CARTESIAN_POINT ( 'NONE',  ( -1.127324177634531965, 0.3589536750514458752, 0.7000000000000000666 ) ) ;
#2215 = EDGE_CURVE ( 'NONE', #3244, #5701, #4156, .T. ) ;
#2216 = DIRECTION ( 'NONE',  ( 1.000000000000000000, 1.164243943608595441E-16, -0.000000000000000000 ) ) ;
#2217 = STYLED_ITEM ( 'NONE', ( #4868 ), #5021 ) ;
#2218 = ORIENTED_EDGE ( 'NONE', *, *, #3866, .F. ) ;
#2219 = CARTESIAN_POINT ( 'NONE',  ( -0.4100458013956266301, 0.3466804915544969279, 0.7999999999999999334 ) ) ;
#2220 = LINE ( 'NONE', #5899, #841 ) ;
#2221 = ORIENTED_EDGE ( 'NONE', *, *, #2306, .F. ) ;
#2222 = DIRECTION ( 'NONE',  ( 1.000000000000000000, 1.164243943608595441E-16, -0.000000000000000000 ) ) ;
#2223 = LINE ( 'NONE', #3873, #845 ) ;
#2224 = CARTESIAN_POINT ( 'NONE',  ( 0.1499999999999996336, 3.050000000000000266, -0.09999999999999993616 ) ) ;
#2225 = ADVANCED_FACE ( 'NONE', ( #135 ), #6397, .F. ) ;
#2226 = COLOUR_RGB ( '',0.7960784313725489669, 0.8235294117647058432, 0.9372549019607843146 ) ;
#2227 = CARTESIAN_POINT ( 'NONE',  ( 2.390000000000000568, -3.350000000000000089, 3.794707603699265519E-16 ) ) ;
#2228 = VECTOR ( 'NONE', #893, 1000.000000000000000 ) ;
#2229 = VECTOR ( 'NONE', #4334, 1000.000000000000000 ) ;
#2230 = PRESENTATION_LAYER_ASSIGNMENT (  '', '', ( #3415 ) ) ;
#2231 = VECTOR ( 'NONE', #5833, 1000.000000000000000 ) ;
#2232 = CARTESIAN_POINT ( 'NONE',  ( -0.7589743589743590535, 0.4000000000000000222, 0.6999999999999999556 ) ) ;
#2233 = ORIENTED_EDGE ( 'NONE', *, *, #2443, .T. ) ;
#2234 = DIRECTION ( 'NONE',  ( 0.000000000000000000, -1.000000000000000000, 0.000000000000000000 ) ) ;
#2235 = CARTESIAN_POINT ( 'NONE',  ( -1.625641025641025417, 0.3999999999999997446, 0.6999999999999999556 ) ) ;
#2236 = CARTESIAN_POINT ( 'NONE',  ( -0.2954571479170656767, 0.2643513442625217702, 0.8000000000000000444 ) ) ;
#2237 = CARTESIAN_POINT ( 'NONE',  ( -2.389999999999999680, -3.050000000000000711, -0.09999999999999993616 ) ) ;
#2238 = MECHANICAL_DESIGN_GEOMETRIC_PRESENTATION_REPRESENTATION (  '', ( #387 ), #5372 ) ;
#2239 = ORIENTED_EDGE ( 'NONE', *, *, #207, .T. ) ;
#2240 = SURFACE_STYLE_FILL_AREA ( #3634 ) ;
#2241 = FACE_OUTER_BOUND ( 'NONE', #5947, .T. ) ;
#2242 = ORIENTED_EDGE ( 'NONE', *, *, #340, .F. ) ;
#2243 = SURFACE_STYLE_FILL_AREA ( #6087 ) ;
#2244 = CARTESIAN_POINT ( 'NONE',  ( -1.193507753120449877, 0.3563120778360293062, 0.8000000000000002665 ) ) ;
#2245 = PRESENTATION_STYLE_ASSIGNMENT (( #681 ) ) ;
#2246 = CARTESIAN_POINT ( 'NONE',  ( -1.120432692307692601, 0.3589743589743589758, 0.6999999999999999556 ) ) ;
#2247 = LINE ( 'NONE', #771, #6118 ) ;
#2248 = CARTESIAN_POINT ( 'NONE',  ( -1.372305777316176201, 0.2744275977308017755, 0.7999999999999999334 ) ) ;
#2249 = ORIENTED_EDGE ( 'NONE', *, *, #970, .F. ) ;
#2250 = LINE ( 'NONE', #3845, #81 ) ;
#2251 = CARTESIAN_POINT ( 'NONE',  ( -1.144818681930727333, 0.04105399489696306969, 0.8000000000000001554 ) ) ;
#2252 = EDGE_LOOP ( 'NONE', ( #4813, #1037, #5081, #3596 ) ) ;
#2253 = CARTESIAN_POINT ( 'NONE',  ( -0.3893673654198945289, 0.01697096999902510811, 0.6999999999999998446 ) ) ;
#2254 = STYLED_ITEM ( 'NONE', ( #1044 ), #4258 ) ;
#2255 = SURFACE_STYLE_USAGE ( .BOTH. , #2787 ) ;
#2256 = DIRECTION ( 'NONE',  ( 0.000000000000000000, -1.000000000000000000, 0.000000000000000000 ) ) ;
#2257 = VERTEX_POINT ( 'NONE', #1185 ) ;
#2258 = CARTESIAN_POINT ( 'NONE',  ( -3.024999999999999467, 3.725000000000000089, 3.000000000000000000 ) ) ;
#2259 = CARTESIAN_POINT ( 'NONE',  ( -1.140602181503453272, 0.3589138227996540587, 0.8000000000000001554 ) ) ;
#2260 = DIRECTION ( 'NONE',  ( -6.018531076210113136E-32, 5.421010862427523156E-16, -1.000000000000000000 ) ) ;
#2261 = CARTESIAN_POINT ( 'NONE',  ( -0.5426564117077689042, 0.4072556981962708877, 0.7000000000000002887 ) ) ;
#2262 = CARTESIAN_POINT ( 'NONE',  ( -3.324999999999998401, -3.425000000000000266, 2.700000000000000178 ) ) ;
#2263 = DIRECTION ( 'NONE',  ( -1.000000000000000000, 0.000000000000000000, 0.000000000000000000 ) ) ;
#2264 = EDGE_CURVE ( 'NONE', #1243, #1829, #2704, .T. ) ;
#2265 = CARTESIAN_POINT ( 'NONE',  ( -2.689999999999999503, -3.850000000000000533, -0.2999999999999998224 ) ) ;
#2266 = VECTOR ( 'NONE', #826, 1000.000000000000000 ) ;
#2267 = ORIENTED_EDGE ( 'NONE', *, *, #1845, .T. ) ;
#2268 = ADVANCED_FACE ( 'NONE', ( #6273 ), #653, .T. ) ;
#2269 = CARTESIAN_POINT ( 'NONE',  ( -0.3816044040591903830, 0.3274450752042553647, 0.8000000000000001554 ) ) ;
#2270 = DIRECTION ( 'NONE',  ( 1.000000000000000000, 0.000000000000000000, -0.000000000000000000 ) ) ;
#2271 = ORIENTED_EDGE ( 'NONE', *, *, #2204, .T. ) ;
#2272 = EDGE_CURVE ( 'NONE', #4055, #5355, #6108, .T. ) ;
#2273 = CARTESIAN_POINT ( 'NONE',  ( -1.344507250838571366, 0.3270538099544382238, 0.7999999999999998224 ) ) ;
#2274 = VERTEX_POINT ( 'NONE', #2281 ) ;
#2275 = LINE ( 'NONE', #3586, #3498 ) ;
#2276 = EDGE_LOOP ( 'NONE', ( #3186, #3496, #3738, #6692 ) ) ;
#2277 = DIRECTION ( 'NONE',  ( 1.000000000000000000, 0.000000000000000000, 0.000000000000000000 ) ) ;
#2278 = EDGE_LOOP ( 'NONE', ( #4058, #1787, #6286, #4187 ) ) ;
#2279 = CARTESIAN_POINT ( 'NONE',  ( 2.389999999999999680, 3.050000000000000266, -0.09999999999999993616 ) ) ;
#2280 = AXIS2_PLACEMENT_3D ( 'NONE', #1078, #1032, #2687 ) ;
#2281 = CARTESIAN_POINT ( 'NONE',  ( -1.056410256410256654, 0.4000000000000000222, 0.8000000000000000444 ) ) ;
#2282 = EDGE_CURVE ( 'NONE', #1995, #4758, #5309, .T. ) ;
#2283 = CARTESIAN_POINT ( 'NONE',  ( -1.159756422025468581, 0.3583302076588108509, 0.8000000000000000444 ) ) ;
#2284 = CARTESIAN_POINT ( 'NONE',  ( -1.157776830439176230, 0.3998517013800071962, 0.6999999999999999556 ) ) ;
#2285 = DIRECTION ( 'NONE',  ( 5.049103251854120913E-32, -4.336808689942017736E-16, -1.000000000000000000 ) ) ;
#2286 = DIRECTION ( 'NONE',  ( 0.000000000000000000, 0.000000000000000000, 1.000000000000000000 ) ) ;
#2287 = CARTESIAN_POINT ( 'NONE',  ( -1.192426703893319395, 0.04236900299097510342, 0.7000000000000000666 ) ) ;
#2288 = CARTESIAN_POINT ( 'NONE',  ( -0.4421510859758508993, 0.3604506074105589541, 0.8000000000000000444 ) ) ;
#2289 = STYLED_ITEM ( 'NONE', ( #912 ), #1575 ) ;
#2290 = CARTESIAN_POINT ( 'NONE',  ( -0.4311690971683505014, 0.3566305601049936658, 0.7999999999999999334 ) ) ;
#2291 = CARTESIAN_POINT ( 'NONE',  ( -1.292658972896590486, 0.07125768723823845685, 0.7000000000000000666 ) ) ;
#2292 = CARTESIAN_POINT ( 'NONE',  ( -1.283503541435316198, 0.06515457021159777595, 0.7999999999999998224 ) ) ;
#2293 = FILL_AREA_STYLE_COLOUR ( '', #6189 ) ;
#2294 = ORIENTED_EDGE ( 'NONE', *, *, #6310, .T. ) ;
#2295 = UNCERTAINTY_MEASURE_WITH_UNIT (LENGTH_MEASURE( 1.000000000000000082E-05 ), #5406, 'distance_accuracy_value', 'NONE');
#2296 = CARTESIAN_POINT ( 'NONE',  ( -1.208124861819156903, 0.3547054447677717159, 0.7999999999999998224 ) ) ;
#2297 = CARTESIAN_POINT ( 'NONE',  ( -0.6031569184685513507, 0.3883461339845254434, 0.6999999999999998446 ) ) ;
#2298 = CARTESIAN_POINT ( 'NONE',  ( -1.159756422025468581, 0.3583302076588108509, 0.6999999999999999556 ) ) ;
#2299 = DIRECTION ( 'NONE',  ( -0.4285842068721733567, 0.9035018415143104553, 0.000000000000000000 ) ) ;
#2300 = ORIENTED_EDGE ( 'NONE', *, *, #3389, .F. ) ;
#2301 = ORIENTED_EDGE ( 'NONE', *, *, #6708, .T. ) ;
#2302 = CARTESIAN_POINT ( 'NONE',  ( -0.1499999999999995226, -3.850000000000000089, 1.626303258728256651E-16 ) ) ;
#2303 = ORIENTED_EDGE ( 'NONE', *, *, #2401, .T. ) ;
#2304 = PRESENTATION_LAYER_ASSIGNMENT (  '', '', ( #908 ) ) ;
#2305 = PLANE ( 'NONE',  #3893 ) ;
#2306 = EDGE_CURVE ( 'NONE', #1432, #6315, #1825, .T. ) ;
#2307 = CARTESIAN_POINT ( 'NONE',  ( -1.292658972896590486, 0.07125768723823845685, 0.7000000000000003997 ) ) ;
#2308 = ORIENTED_EDGE ( 'NONE', *, *, #2613, .F. ) ;
#2309 = VECTOR ( 'NONE', #4896, 1000.000000000000000 ) ;
#2310 = SURFACE_STYLE_USAGE ( .BOTH. , #2816 ) ;
#2311 = ORIENTED_EDGE ( 'NONE', *, *, #2173, .T. ) ;
#2312 = CARTESIAN_POINT ( 'NONE',  ( 3.325000000000002398, -1.343175853018395260, 0.7000000000000002887 ) ) ;
#2313 = CARTESIAN_POINT ( 'NONE',  ( -0.2410256410256410575, 0.000000000000000000, 0.6999999999999999556 ) ) ;
#2314 = SURFACE_STYLE_FILL_AREA ( #5719 ) ;
#2315 = ORIENTED_EDGE ( 'NONE', *, *, #6106, .F. ) ;
#2316 = DIRECTION ( 'NONE',  ( 1.000000000000000000, 1.164243943608595441E-16, -0.000000000000000000 ) ) ;
#2317 = EDGE_LOOP ( 'NONE', ( #3504, #2450, #22, #3195 ) ) ;
#2318 = COLOUR_RGB ( '',0.7960784313725489669, 0.8235294117647058432, 0.9372549019607843146 ) ;
#2319 = CARTESIAN_POINT ( 'NONE',  ( -0.5001602564102564097, 0.3692307692307692513, 0.6999999999999999556 ) ) ;
#2320 =( GEOMETRIC_REPRESENTATION_CONTEXT ( 3 ) GLOBAL_UNCERTAINTY_ASSIGNED_CONTEXT ( ( #1884 ) ) GLOBAL_UNIT_ASSIGNED_CONTEXT ( ( #2168, #4751, #3600 ) ) REPRESENTATION_CONTEXT ( 'NONE', 'WORKASPACE' ) );
#2321 = SURFACE_STYLE_FILL_AREA ( #5207 ) ;
#2322 = STYLED_ITEM ( 'NONE', ( #4976 ), #3210 ) ;
#2323 = DIRECTION ( 'NONE',  ( 1.355252715606879803E-16, -1.000000000000000000, 0.000000000000000000 ) ) ;
#2324 = SURFACE_STYLE_FILL_AREA ( #6477 ) ;
#2325 = ORIENTED_EDGE ( 'NONE', *, *, #6293, .F. ) ;
#2326 = CARTESIAN_POINT ( 'NONE',  ( -0.3404290655912048935, 0.05683081863362315911, 0.7999999999999999334 ) ) ;
#2327 = CARTESIAN_POINT ( 'NONE',  ( -0.5096273952256406004, 0.03096223416933438152, 0.6999999999999998446 ) ) ;
#2328 =( NAMED_UNIT ( * ) SI_UNIT ( $, .STERADIAN. ) SOLID_ANGLE_UNIT ( ) );
#2329 = VERTEX_POINT ( 'NONE', #5436 ) ;
#2330 = EDGE_CURVE ( 'NONE', #2396, #3578, #3930, .T. ) ;
#2331 =( LENGTH_UNIT ( ) NAMED_UNIT ( * ) SI_UNIT ( .MILLI., .METRE. ) );
#2332 = STYLED_ITEM ( 'NONE', ( #1218 ), #4490 ) ;
#2333 = CARTESIAN_POINT ( 'NONE',  ( -1.256215343944339535, 0.05248781544752136735, 0.8000000000000000444 ) ) ;
#2334 = ORIENTED_EDGE ( 'NONE', *, *, #2282, .F. ) ;
#2335 = CARTESIAN_POINT ( 'NONE',  ( -1.253082091239442031, 0.3892205023543813258, 0.8000000000000000444 ) ) ;
#2336 = DIRECTION ( 'NONE',  ( 1.000000000000000000, 1.164243943608595441E-16, -0.000000000000000000 ) ) ;
#2337 = ORIENTED_EDGE ( 'NONE', *, *, #2963, .F. ) ;
#2338 = CARTESIAN_POINT ( 'NONE',  ( -2.390000000000000568, 2.849999999999999645, 0.6999999999999999556 ) ) ;
#2339 = SURFACE_STYLE_FILL_AREA ( #5200 ) ;
#2340 = DIRECTION ( 'NONE',  ( -0.000000000000000000, -0.000000000000000000, -1.000000000000000000 ) ) ;
#2341 = ORIENTED_EDGE ( 'NONE', *, *, #4419, .T. ) ;
#2342 = EDGE_CURVE ( 'NONE', #182, #3660, #5784, .T. ) ;
#2343 = DIRECTION ( 'NONE',  ( 0.000000000000000000, -1.000000000000000000, 0.000000000000000000 ) ) ;
#2344 = VERTEX_POINT ( 'NONE', #3365 ) ;
#2345 = DIRECTION ( 'NONE',  ( -0.000000000000000000, -0.000000000000000000, -1.000000000000000000 ) ) ;
#2346 = DIRECTION ( 'NONE',  ( 0.000000000000000000, 0.000000000000000000, -1.000000000000000000 ) ) ;
#2347 =( LENGTH_UNIT ( ) NAMED_UNIT ( * ) SI_UNIT ( .MILLI., .METRE. ) );
#2348 =( NAMED_UNIT ( * ) PLANE_ANGLE_UNIT ( ) SI_UNIT ( $, .RADIAN. ) );
#2349 = ORIENTED_EDGE ( 'NONE', *, *, #3503, .T. ) ;
#2350 = UNCERTAINTY_MEASURE_WITH_UNIT (LENGTH_MEASURE( 1.000000000000000082E-05 ), #6595, 'distance_accuracy_value', 'NONE');
#2351 = AXIS2_PLACEMENT_3D ( 'NONE', #4983, #2395, #6013 ) ;
#2352 = CARTESIAN_POINT ( 'NONE',  ( -2.690000000000000391, 3.849999999999999645, -0.2999999999999998224 ) ) ;
#2353 = DIRECTION ( 'NONE',  ( 0.000000000000000000, -1.000000000000000000, 0.000000000000000000 ) ) ;
#2354 = LINE ( 'NONE', #289, #5285 ) ;
#2355 = CARTESIAN_POINT ( 'NONE',  ( -0.5427190276927575940, 0.3653455368646211787, 0.8000000000000000444 ) ) ;
#2356 = MECHANICAL_DESIGN_GEOMETRIC_PRESENTATION_REPRESENTATION (  '', ( #6312 ), #4895 ) ;
#2357 = CARTESIAN_POINT ( 'NONE',  ( -0.4009869324580014327, 0.05769752332425463065, 0.6999999999999999556 ) ) ;
#2358 = CARTESIAN_POINT ( 'NONE',  ( -0.3988299090377885880, 0.3870678988900004835, 0.8000000000000001554 ) ) ;
#2359 =( NAMED_UNIT ( * ) PLANE_ANGLE_UNIT ( ) SI_UNIT ( $, .RADIAN. ) );
#2360 = ORIENTED_EDGE ( 'NONE', *, *, #4851, .T. ) ;
#2361 = CARTESIAN_POINT ( 'NONE',  ( 0.1499999999999995781, 3.149999999999999911, 0.6999999999999999556 ) ) ;
#2362 = STYLED_ITEM ( 'NONE', ( #6121 ), #1752 ) ;
#2363 = AXIS2_PLACEMENT_3D ( 'NONE', #1338, #5536, #6046 ) ;
#2364 = CARTESIAN_POINT ( 'NONE',  ( -3.024999999999998579, 1.343175853018395260, 0.000000000000000000 ) ) ;
#2365 = PLANE ( 'NONE',  #5214 ) ;
#2366 = VECTOR ( 'NONE', #4552, 1000.000000000000000 ) ;
#2367 = CARTESIAN_POINT ( 'NONE',  ( -3.024999999999998579, 1.343175853018395260, 0.2999999999999999889 ) ) ;
#2368 = CARTESIAN_POINT ( 'NONE',  ( -0.3379006410256411019, 0.05969551282051283048, 0.8000000000000001554 ) ) ;
#2369 = CARTESIAN_POINT ( 'NONE',  ( -1.293585491601767057, 0.02151901644690180568, 0.7999999999999998224 ) ) ;
#2370 = UNCERTAINTY_MEASURE_WITH_UNIT (LENGTH_MEASURE( 1.000000000000000082E-05 ), #3056, 'distance_accuracy_value', 'NONE');
#2371 = CARTESIAN_POINT ( 'NONE',  ( -1.252564102564102777, 0.05120192307692308237, 0.8000000000000000444 ) ) ;
#2372 = DIRECTION ( 'NONE',  ( 0.000000000000000000, 1.000000000000000000, 0.000000000000000000 ) ) ;
#2373 = FILL_AREA_STYLE ('',( #6597 ) ) ;
#2374 = ORIENTED_EDGE ( 'NONE', *, *, #5175, .F. ) ;
#2375 = FILL_AREA_STYLE_COLOUR ( '', #4514 ) ;
#2376 = EDGE_CURVE ( 'NONE', #3795, #739, #3778, .T. ) ;
#2377 = VECTOR ( 'NONE', #3834, 1000.000000000000000 ) ;
#2378 = CARTESIAN_POINT ( 'NONE',  ( -0.6082336866494912897, 0.3373853982001850382, 0.6999999999999997335 ) ) ;
#2379 = EDGE_LOOP ( 'NONE', ( #2540, #3643, #424, #2967, #5096, #3792, #6288, #4577, #3413, #3700 ) ) ;
#2380 = VECTOR ( 'NONE', #4369, 1000.000000000000000 ) ;
#2381 = PLANE ( 'NONE',  #5883 ) ;
#2382 = CARTESIAN_POINT ( 'NONE',  ( -2.689999999999999503, -3.850000000000000533, -0.2999999999999998224 ) ) ;
#2383 = CARTESIAN_POINT ( 'NONE',  ( -0.4800214309976627014, 0.4097091478659776187, 0.7000000000000000666 ) ) ;
#2384 = ORIENTED_EDGE ( 'NONE', *, *, #3362, .T. ) ;
#2385 = DIRECTION ( 'NONE',  ( -1.000000000000000000, 0.000000000000000000, 0.000000000000000000 ) ) ;
#2386 = FACE_OUTER_BOUND ( 'NONE', #3571, .T. ) ;
#2387 = ORIENTED_EDGE ( 'NONE', *, *, #719, .T. ) ;
#2388 = EDGE_CURVE ( 'NONE', #2507, #3074, #1169, .T. ) ;
#2389 = CARTESIAN_POINT ( 'NONE',  ( -0.2410256410256410575, 0.000000000000000000, 0.8000000000000000444 ) ) ;
#2390 = CARTESIAN_POINT ( 'NONE',  ( -1.535897435897435992, 0.1282051282051282215, 0.6999999999999999556 ) ) ;
#2391 = CARTESIAN_POINT ( 'NONE',  ( -1.293585491601767057, 0.02151901644690180568, 0.6999999999999997335 ) ) ;
#2392 = EDGE_LOOP ( 'NONE', ( #1332, #3301, #379, #6615 ) ) ;
#2393 = LINE ( 'NONE', #4686, #1580 ) ;
#2394 = STYLED_ITEM ( 'NONE', ( #6222 ), #74 ) ;
#2395 = DIRECTION ( 'NONE',  ( -1.000000000000000000, -0.000000000000000000, -0.000000000000000000 ) ) ;
#2396 = VERTEX_POINT ( 'NONE', #1298 ) ;
#2397 = CARTESIAN_POINT ( 'NONE',  ( -2.689999999999999503, -3.050000000000000711, -0.09999999999999993616 ) ) ;
#2398 = VECTOR ( 'NONE', #2971, 1000.000000000000000 ) ;
#2399 = ORIENTED_EDGE ( 'NONE', *, *, #4790, .F. ) ;
#2400 = CARTESIAN_POINT ( 'NONE',  ( -0.3483535551907714356, 0.3504892620477516596, 0.6999999999999998446 ) ) ;
#2401 = EDGE_CURVE ( 'NONE', #3275, #4055, #4982, .T. ) ;
#2402 = FILL_AREA_STYLE_COLOUR ( '', #320 ) ;
#2403 = LINE ( 'NONE', #3348, #5245 ) ;
#2404 = VERTEX_POINT ( 'NONE', #4438 ) ;
#2405 = FACE_OUTER_BOUND ( 'NONE', #1807, .T. ) ;
#2406 = DIRECTION ( 'NONE',  ( -1.000000000000000000, 0.000000000000000000, 0.000000000000000000 ) ) ;
#2407 = ORIENTED_EDGE ( 'NONE', *, *, #2330, .F. ) ;
#2408 = ORIENTED_EDGE ( 'NONE', *, *, #6201, .T. ) ;
#2409 = LINE ( 'NONE', #2509, #6627 ) ;
#2410 = DIRECTION ( 'NONE',  ( -0.000000000000000000, -0.000000000000000000, 1.000000000000000000 ) ) ;
#2411 = FACE_OUTER_BOUND ( 'NONE', #6640, .T. ) ;
#2412 = DIRECTION ( 'NONE',  ( 1.000000000000000000, 0.000000000000000000, -0.000000000000000000 ) ) ;
#2413 = CARTESIAN_POINT ( 'NONE',  ( -0.4374588842654693610, 0.4022268275256529746, 0.8000000000000001554 ) ) ;
#2414 = ORIENTED_EDGE ( 'NONE', *, *, #5859, .T. ) ;
#2415 = FACE_OUTER_BOUND ( 'NONE', #4044, .T. ) ;
#2416 = AXIS2_PLACEMENT_3D ( 'NONE', #4233, #6168, #1121 ) ;
#2417 = MECHANICAL_DESIGN_GEOMETRIC_PRESENTATION_REPRESENTATION (  '', ( #1199 ), #4389 ) ;
#2418 = CARTESIAN_POINT ( 'NONE',  ( -0.3379006410256411019, 0.05969551282051283048, 0.7000000000000000666 ) ) ;
#2419 = CYLINDRICAL_SURFACE ( 'NONE', #1063, 0.2000000000000000944 ) ;
#2420 = CARTESIAN_POINT ( 'NONE',  ( -0.6141188099131608125, 0.3825785063951715470, 0.8000000000000001554 ) ) ;
#2421 = ORIENTED_EDGE ( 'NONE', *, *, #2043, .T. ) ;
#2422 = SURFACE_STYLE_USAGE ( .BOTH. , #4037 ) ;
#2423 = ORIENTED_EDGE ( 'NONE', *, *, #4599, .T. ) ;
#2424 = CARTESIAN_POINT ( 'NONE',  ( -1.384401851633609182, 0.1802648342272089033, 0.8000000000000002665 ) ) ;
#2425 = CARTESIAN_POINT ( 'NONE',  ( -0.2954571479170656767, 0.2643513442625217702, 0.6999999999999999556 ) ) ;
#2426 = CARTESIAN_POINT ( 'NONE',  ( -1.342478005895350490, 0.1450182044544264526, 0.8000000000000000444 ) ) ;
#2427 = ORIENTED_EDGE ( 'NONE', *, *, #3011, .F. ) ;
#2428 =( NAMED_UNIT ( * ) SI_UNIT ( $, .STERADIAN. ) SOLID_ANGLE_UNIT ( ) );
#2429 = DIRECTION ( 'NONE',  ( -0.000000000000000000, -0.000000000000000000, -1.000000000000000000 ) ) ;
#2430 = LINE ( 'NONE', #3375, #1129 ) ;
#2431 = VERTEX_POINT ( 'NONE', #2352 ) ;
#2432 = CARTESIAN_POINT ( 'NONE',  ( -1.264102564102564052, 0.3855769230769230949, 0.6999999999999999556 ) ) ;
#2433 = DIRECTION ( 'NONE',  ( 1.000000000000000000, 1.164243943608595441E-16, -0.000000000000000000 ) ) ;
#2434 = DIRECTION ( 'NONE',  ( -1.000000000000000000, -1.164243943608595441E-16, 0.000000000000000000 ) ) ;
#2435 = ORIENTED_EDGE ( 'NONE', *, *, #5610, .F. ) ;
#2436 = CARTESIAN_POINT ( 'NONE',  ( -0.4656271420926503257, 0.03354761702236834509, 0.6999999999999998446 ) ) ;
#2437 = CARTESIAN_POINT ( 'NONE',  ( -0.9846153846153847811, 0.3589743589743589758, 0.6999999999999999556 ) ) ;
#2438 =( LENGTH_UNIT ( ) NAMED_UNIT ( * ) SI_UNIT ( .MILLI., .METRE. ) );
#2439 = AXIS2_PLACEMENT_3D ( 'NONE', #1388, #1910, #2445 ) ;
#2440 = PRESENTATION_STYLE_ASSIGNMENT (( #4284 ) ) ;
#2441 = SURFACE_SIDE_STYLE ('',( #6596 ) ) ;
#2442 = CARTESIAN_POINT ( 'NONE',  ( -0.1499999999999995226, -3.850000000000000089, 1.626303258728256651E-16 ) ) ;
#2443 = EDGE_CURVE ( 'NONE', #3493, #4875, #2148, .T. ) ;
#2444 = CARTESIAN_POINT ( 'NONE',  ( 3.325000000000001954, -3.725000000000000089, 2.700000000000000178 ) ) ;
#2445 = DIRECTION ( 'NONE',  ( 0.000000000000000000, 1.000000000000000000, 4.336808689942017736E-16 ) ) ;
#2446 = CARTESIAN_POINT ( 'NONE',  ( -0.6743952929366635596, 0.07037628315015613534, 0.8000000000000002665 ) ) ;
#2447 = PRESENTATION_LAYER_ASSIGNMENT (  '', '', ( #285 ) ) ;
#2448 = DIRECTION ( 'NONE',  ( -1.164243943608595441E-16, 1.000000000000000000, 0.000000000000000000 ) ) ;
#2449 = LINE ( 'NONE', #1854, #1064 ) ;
#2450 = ORIENTED_EDGE ( 'NONE', *, *, #1276, .F. ) ;
#2451 =( LENGTH_UNIT ( ) NAMED_UNIT ( * ) SI_UNIT ( .MILLI., .METRE. ) );
#2452 = CARTESIAN_POINT ( 'NONE',  ( -0.6164347288765715804, 0.3315091964019278303, 0.6999999999999999556 ) ) ;
#2453 = DIRECTION ( 'NONE',  ( -1.355252715606879803E-16, 1.000000000000000000, 0.000000000000000000 ) ) ;
#2454 = EDGE_CURVE ( 'NONE', #4761, #4052, #6352, .T. ) ;
#2455 = AXIS2_PLACEMENT_3D ( 'NONE', #652, #5361, #5307 ) ;
#2456 = CARTESIAN_POINT ( 'NONE',  ( 3.325000000000002398, -1.343175853018395260, 0.2999999999999999889 ) ) ;
#2457 = CARTESIAN_POINT ( 'NONE',  ( -0.5160969854957013769, 0.4100922408638996708, 0.8000000000000001554 ) ) ;
#2458 = LINE ( 'NONE', #3511, #3857 ) ;
#2459 = ORIENTED_EDGE ( 'NONE', *, *, #1004, .T. ) ;
#2460 = CARTESIAN_POINT ( 'NONE',  ( -1.144204514403069028, 0.3999494205718896467, 0.8000000000000001554 ) ) ;
#2461 = LINE ( 'NONE', #1307, #4561 ) ;
#2462 = VERTEX_POINT ( 'NONE', #4406 ) ;
#2463 = VECTOR ( 'NONE', #1879, 1000.000000000000000 ) ;
#2464 = FILL_AREA_STYLE ('',( #3523 ) ) ;
#2465 = DIRECTION ( 'NONE',  ( 1.000000000000000000, 1.164243943608595441E-16, -0.000000000000000000 ) ) ;
#2466 = ORIENTED_EDGE ( 'NONE', *, *, #1070, .F. ) ;
#2467 = PLANE ( 'NONE',  #982 ) ;
#2468 = DIRECTION ( 'NONE',  ( 0.000000000000000000, -1.000000000000000000, 0.000000000000000000 ) ) ;
#2469 = EDGE_CURVE ( 'NONE', #5196, #6073, #2223, .T. ) ;
#2470 = CARTESIAN_POINT ( 'NONE',  ( 0.1499999999999996336, 3.050000000000000266, -0.09999999999999993616 ) ) ;
#2471 = FACE_OUTER_BOUND ( 'NONE', #1616, .T. ) ;
#2472 = ORIENTED_EDGE ( 'NONE', *, *, #5572, .F. ) ;
#2473 = EDGE_LOOP ( 'NONE', ( #235, #6662, #2991, #612 ) ) ;
#2474 = MECHANICAL_DESIGN_GEOMETRIC_PRESENTATION_REPRESENTATION (  '', ( #6030 ), #1742 ) ;
#2475 = CARTESIAN_POINT ( 'NONE',  ( -0.3738836493056407195, 0.07887058695961618460, 0.8000000000000001554 ) ) ;
#2476 = LINE ( 'NONE', #4320, #3471 ) ;
#2477 = CARTESIAN_POINT ( 'NONE',  ( -1.287684001942349665, 0.3266281587662107078, 0.7999999999999999334 ) ) ;
#2478 = LINE ( 'NONE', #5697, #6452 ) ;
#2479 = EDGE_CURVE ( 'NONE', #1221, #98, #3037, .T. ) ;
#2480 = VERTEX_POINT ( 'NONE', #3848 ) ;
#2481 = FACE_BOUND ( 'NONE', #3863, .T. ) ;
#2482 = VERTEX_POINT ( 'NONE', #6421 ) ;
#2483 = ORIENTED_EDGE ( 'NONE', *, *, #2590, .F. ) ;
#2484 = VERTEX_POINT ( 'NONE', #3895 ) ;
#2485 = CARTESIAN_POINT ( 'NONE',  ( -0.3379006410256410464, 0.05969551282051282354, 0.8000000000000000444 ) ) ;
#2486 = VECTOR ( 'NONE', #4473, 1000.000000000000000 ) ;
#2487 = SURFACE_SIDE_STYLE ('',( #5567 ) ) ;
#2488 = VERTEX_POINT ( 'NONE', #1253 ) ;
#2489 = VECTOR ( 'NONE', #557, 1000.000000000000000 ) ;
#2490 = EDGE_CURVE ( 'NONE', #6698, #277, #1001, .T. ) ;
#2491 = DIRECTION ( 'NONE',  ( -0.000000000000000000, -0.000000000000000000, -1.000000000000000000 ) ) ;
#2492 = LINE ( 'NONE', #864, #5251 ) ;
#2493 = CARTESIAN_POINT ( 'NONE',  ( -0.1499999999999996614, -2.850000000000000089, 0.6999999999999999556 ) ) ;
#2494 = FILL_AREA_STYLE ('',( #6136 ) ) ;
#2495 = EDGE_LOOP ( 'NONE', ( #4620, #15, #3055, #1213 ) ) ;
#2496 = DIRECTION ( 'NONE',  ( 1.000000000000000000, 1.164243943608595441E-16, -0.000000000000000000 ) ) ;
#2497 = ADVANCED_FACE ( 'NONE', ( #3372 ), #2138, .T. ) ;
#2498 =( GEOMETRIC_REPRESENTATION_CONTEXT ( 3 ) GLOBAL_UNCERTAINTY_ASSIGNED_CONTEXT ( ( #195 ) ) GLOBAL_UNIT_ASSIGNED_CONTEXT ( ( #4668, #6366, #2770 ) ) REPRESENTATION_CONTEXT ( 'NONE', 'WORKASPACE' ) );
#2499 = CARTESIAN_POINT ( 'NONE',  ( -2.390000000000000568, 3.049999999999999822, -0.2999999999999999334 ) ) ;
#2500 = AXIS2_PLACEMENT_3D ( 'NONE', #1085, #2693, #1711 ) ;
#2501 = EDGE_LOOP ( 'NONE', ( #453, #1929, #1857, #6182 ) ) ;
#2502 = ORIENTED_EDGE ( 'NONE', *, *, #110, .F. ) ;
#2503 = SURFACE_STYLE_USAGE ( .BOTH. , #5103 ) ;
#2504 = CARTESIAN_POINT ( 'NONE',  ( -1.327587281659164953, 0.2821531869507271639, 0.8000000000000002665 ) ) ;
#2505 = CARTESIAN_POINT ( 'NONE',  ( -0.5295544314856857060, 0.4090286817650846118, 0.7999999999999999334 ) ) ;
#2506 = CARTESIAN_POINT ( 'NONE',  ( -1.627804487179487447, 0.3220352564102564319, 0.8000000000000000444 ) ) ;
#2507 = VERTEX_POINT ( 'NONE', #3435 ) ;
#2508 = CARTESIAN_POINT ( 'NONE',  ( -1.230159136397883213, 0.002850995974456670568, 0.8000000000000000444 ) ) ;
#2509 = CARTESIAN_POINT ( 'NONE',  ( 2.389999999999999680, 3.149999999999999911, 0.6999999999999998446 ) ) ;
#2510 = EDGE_CURVE ( 'NONE', #2703, #2907, #4251, .T. ) ;
#2511 = DIRECTION ( 'NONE',  ( 0.000000000000000000, 1.000000000000000000, 0.000000000000000000 ) ) ;
#2512 = CARTESIAN_POINT ( 'NONE',  ( -2.690000000000000391, 3.149999999999999467, 0.2000000000000003997 ) ) ;
#2513 = B_SPLINE_SURFACE_WITH_KNOTS ( 'NONE', 3, 1, ( 
 ( #6050, #1877 ),
 ( #4952, #3464 ),
 ( #5961, #2939 ),
 ( #6559, #6529 ),
 ( #5026, #386 ),
 ( #3928, #5499 ),
 ( #363, #2378 ),
 ( #891, #2959 ),
 ( #1852, #6005 ),
 ( #5473, #5523 ),
 ( #3984, #1918 ),
 ( #2355, #2917 ),
 ( #3440, #2889 ),
 ( #349, #3489 ),
 ( #6583, #842 ) ),
 .UNSPECIFIED., .F., .F., .F.,
 ( 4, 1, 1, 1, 1, 1, 1, 1, 1, 1, 1, 1, 4 ),
 ( 2, 2 ),
 ( 0.000000000000000000, 0.06316325936347014225, 0.1254749410306405799, 0.1871212198160327467, 0.2482943461142985420, 0.3092948562551207092, 0.3698500660670926976, 0.4309733755473816874, 0.4924559896728166741, 0.6161479662918547540, 0.7408436984673625325, 0.8681826486700426893, 1.000000000000000000 ),
 ( 0.000000000000000000, 1.000000000000000000 ),
 .UNSPECIFIED. ) ;
#2514 = CARTESIAN_POINT ( 'NONE',  ( -0.1499999999999995226, -3.850000000000000089, 1.626303258728256651E-16 ) ) ;
#2515 =( NAMED_UNIT ( * ) PLANE_ANGLE_UNIT ( ) SI_UNIT ( $, .RADIAN. ) );
#2516 = CARTESIAN_POINT ( 'NONE',  ( -0.5026442307692308153, 0.03076923076923077441, 0.6999999999999998446 ) ) ;
#2517 = VECTOR ( 'NONE', #1255, 1000.000000000000000 ) ;
#2518 = CARTESIAN_POINT ( 'NONE',  ( -1.264102564102564052, 0.3855769230769230949, 0.6999999999999999556 ) ) ;
#2519 = AXIS2_PLACEMENT_3D ( 'NONE', #455, #961, #1487 ) ;
#2520 = EDGE_CURVE ( 'NONE', #1523, #3957, #5867, .T. ) ;
#2521 = CARTESIAN_POINT ( 'NONE',  ( -0.2871794871794872139, 0.2023237179487179793, 0.7000000000000000666 ) ) ;
#2522 = SURFACE_SIDE_STYLE ('',( #2314 ) ) ;
#2523 = EDGE_CURVE ( 'NONE', #5744, #4343, #6435, .T. ) ;
#2524 = PLANE ( 'NONE',  #5615 ) ;
#2525 = VERTEX_POINT ( 'NONE', #886 ) ;
#2526 = ADVANCED_FACE ( 'NONE', ( #2061 ), #1906, .T. ) ;
#2527 = CARTESIAN_POINT ( 'NONE',  ( 3.325000000000002842, -3.725000000000000089, 0.6999999999999999556 ) ) ;
#2528 = SURFACE_STYLE_USAGE ( .BOTH. , #6176 ) ;
#2529 = LINE ( 'NONE', #6468, #5694 ) ;
#2530 = CARTESIAN_POINT ( 'NONE',  ( 2.390000000000000568, -3.050000000000000266, -0.09999999999999993616 ) ) ;
#2531 = PRESENTATION_LAYER_ASSIGNMENT (  '', '', ( #5880 ) ) ;
#2532 = SURFACE_STYLE_USAGE ( .BOTH. , #5605 ) ;
#2533 = PRESENTATION_LAYER_ASSIGNMENT (  '', '', ( #924 ) ) ;
#2534 = FILL_AREA_STYLE ('',( #1438 ) ) ;
#2535 = CARTESIAN_POINT ( 'NONE',  ( -0.4838525129783744494, 0.03111993924618347909, 0.6999999999999998446 ) ) ;
#2536 = COLOUR_RGB ( '',0.1803921568627450955, 0.1803921568627450955, 0.1803921568627450955 ) ;
#2537 = FILL_AREA_STYLE_COLOUR ( '', #3307 ) ;
#2538 = CARTESIAN_POINT ( 'NONE',  ( -1.348717948717949033, 0.1950320512820512830, 0.8000000000000000444 ) ) ;
#2539 = LINE ( 'NONE', #208, #5147 ) ;
#2540 = ORIENTED_EDGE ( 'NONE', *, *, #5758, .T. ) ;
#2541 = VECTOR ( 'NONE', #3346, 1000.000000000000000 ) ;
#2542 = FACE_OUTER_BOUND ( 'NONE', #5266, .T. ) ;
#2543 = MECHANICAL_DESIGN_GEOMETRIC_PRESENTATION_REPRESENTATION (  '', ( #6149 ), #3026 ) ;
#2544 = CARTESIAN_POINT ( 'NONE',  ( -0.2876122053024021130, 0.1820112684880759724, 0.8000000000000001554 ) ) ;
#2545 = CARTESIAN_POINT ( 'NONE',  ( -1.335408425261079168, 0.3383210488360887114, 0.7000000000000002887 ) ) ;
#2546 = CARTESIAN_POINT ( 'NONE',  ( -0.3108516896199663426, 0.3015323756705149960, 0.7999999999999999334 ) ) ;
#2547 = LINE ( 'NONE', #4357, #3783 ) ;
#2548 = ORIENTED_EDGE ( 'NONE', *, *, #3516, .T. ) ;
#2549 = CARTESIAN_POINT ( 'NONE',  ( -1.345902994328130209, 0.06783731252180567883, 0.8000000000000000444 ) ) ;
#2550 = DIRECTION ( 'NONE',  ( 0.000000000000000000, -1.000000000000000000, 0.000000000000000000 ) ) ;
#2551 = CARTESIAN_POINT ( 'NONE',  ( 2.689999999999999503, 3.350000000000000089, 0.2000000000000003997 ) ) ;
#2552 = VERTEX_POINT ( 'NONE', #4018 ) ;
#2553 = LINE ( 'NONE', #6496, #4024 ) ;
#2554 = ORIENTED_EDGE ( 'NONE', *, *, #2731, .F. ) ;
#2555 = DIRECTION ( 'NONE',  ( -1.355252715606879803E-16, 1.000000000000000000, 0.000000000000000000 ) ) ;
#2556 = EDGE_CURVE ( 'NONE', #1102, #1009, #4734, .T. ) ;
#2557 = SURFACE_STYLE_FILL_AREA ( #1194 ) ;
#2558 = SURFACE_SIDE_STYLE ('',( #6455 ) ) ;
#2559 = MECHANICAL_DESIGN_GEOMETRIC_PRESENTATION_REPRESENTATION (  '', ( #2217 ), #1075 ) ;
#2560 = FILL_AREA_STYLE ('',( #5653 ) ) ;
#2561 = ORIENTED_EDGE ( 'NONE', *, *, #1455, .F. ) ;
#2562 = VECTOR ( 'NONE', #265, 1000.000000000000000 ) ;
#2563 =( NAMED_UNIT ( * ) PLANE_ANGLE_UNIT ( ) SI_UNIT ( $, .RADIAN. ) );
#2564 = ORIENTED_EDGE ( 'NONE', *, *, #5770, .T. ) ;
#2565 = ADVANCED_FACE ( 'NONE', ( #4152 ), #4559, .F. ) ;
#2566 = CARTESIAN_POINT ( 'NONE',  ( -2.354330708661414917, -2.731627296587916032, 3.000000000000000000 ) ) ;
#2567 = CYLINDRICAL_SURFACE ( 'NONE', #3704, 0.2000000000000000944 ) ;
#2568 = ORIENTED_EDGE ( 'NONE', *, *, #914, .F. ) ;
#2569 = FILL_AREA_STYLE_COLOUR ( '', #79 ) ;
#2570 = CARTESIAN_POINT ( 'NONE',  ( -1.698317307692307709, 0.1692307692307692679, 0.6999999999999999556 ) ) ;
#2571 = CARTESIAN_POINT ( 'NONE',  ( -0.6531046655396223199, 0.3539187162516532204, 0.8000000000000003775 ) ) ;
#2572 = B_SPLINE_SURFACE_WITH_KNOTS ( 'NONE', 3, 1, ( 
 ( #130, #1605 ),
 ( #3663, #1107 ),
 ( #1578, #5749 ),
 ( #89, #2111 ),
 ( #4204, #3214 ),
 ( #6316, #4732 ),
 ( #6295, #3185 ),
 ( #4225, #2178 ),
 ( #5790, #3749 ),
 ( #645, #554 ),
 ( #4150, #5330 ) ),
 .UNSPECIFIED., .F., .F., .F.,
 ( 4, 1, 1, 1, 1, 1, 1, 1, 4 ),
 ( 2, 2 ),
 ( 0.000000000000000000, 0.1719006646132689997, 0.3306279320958805945, 0.4755488358809185634, 0.6067461903123634315, 0.7250238034674904020, 0.8297423869584565903, 0.9213228203439755015, 0.9999999999999998890 ),
 ( 0.000000000000000000, 1.000000000000000000 ),
 .UNSPECIFIED. ) ;
#2573 = CARTESIAN_POINT ( 'NONE',  ( -0.2873572235860095136, 0.2095186269248641986, 0.6999999999999998446 ) ) ;
#2574 = PRESENTATION_STYLE_ASSIGNMENT (( #4774 ) ) ;
#2575 =( LENGTH_UNIT ( ) NAMED_UNIT ( * ) SI_UNIT ( .MILLI., .METRE. ) );
#2576 = CARTESIAN_POINT ( 'NONE',  ( -0.1499999999999996059, -3.149999999999999911, 0.6999999999999998446 ) ) ;
#2577 = FILL_AREA_STYLE_COLOUR ( '', #2226 ) ;
#2578 = VERTEX_POINT ( 'NONE', #2044 ) ;
#2579 = UNCERTAINTY_MEASURE_WITH_UNIT (LENGTH_MEASURE( 1.000000000000000082E-05 ), #513, 'distance_accuracy_value', 'NONE');
#2580 = ORIENTED_EDGE ( 'NONE', *, *, #4372, .F. ) ;
#2581 =( NAMED_UNIT ( * ) PLANE_ANGLE_UNIT ( ) SI_UNIT ( $, .RADIAN. ) );
#2582 =( NAMED_UNIT ( * ) SI_UNIT ( $, .STERADIAN. ) SOLID_ANGLE_UNIT ( ) );
#2583 = UNCERTAINTY_MEASURE_WITH_UNIT (LENGTH_MEASURE( 1.000000000000000082E-05 ), #1891, 'distance_accuracy_value', 'NONE');
#2584 = ORIENTED_EDGE ( 'NONE', *, *, #4211, .T. ) ;
#2585 = ORIENTED_EDGE ( 'NONE', *, *, #4015, .F. ) ;
#2586 = DIRECTION ( 'NONE',  ( 1.164243943608595441E-16, -1.000000000000000000, 0.000000000000000000 ) ) ;
#2587 = LINE ( 'NONE', #4373, #5442 ) ;
#2588 = DIRECTION ( 'NONE',  ( 1.000000000000000000, 0.000000000000000000, -0.000000000000000000 ) ) ;
#2589 = ORIENTED_EDGE ( 'NONE', *, *, #5960, .T. ) ;
#2590 = EDGE_CURVE ( 'NONE', #5419, #5069, #213, .T. ) ;
#2591 = AXIS2_PLACEMENT_3D ( 'NONE', #1611, #5752, #3245 ) ;
#2592 = CARTESIAN_POINT ( 'NONE',  ( -0.6134146716687778333, 0.01728019699155881883, 0.7000000000000000666 ) ) ;
#2593 = AXIS2_PLACEMENT_3D ( 'NONE', #1633, #3197, #656 ) ;
#2594 = ORIENTED_EDGE ( 'NONE', *, *, #4474, .F. ) ;
#2595 = CARTESIAN_POINT ( 'NONE',  ( -1.313722261064342867, 0.3021608983636637213, 0.6999999999999999556 ) ) ;
#2596 = DIRECTION ( 'NONE',  ( 1.000000000000000000, 1.164243943608595441E-16, -0.000000000000000000 ) ) ;
#2597 = B_SPLINE_SURFACE_WITH_KNOTS ( 'NONE', 3, 1, ( 
 ( #878, #399 ),
 ( #5544, #1955 ),
 ( #5571, #4493 ),
 ( #5527, #3501 ),
 ( #6083, #5039 ),
 ( #456, #6611 ),
 ( #3518, #4539 ),
 ( #5080, #3009 ),
 ( #2504, #6124 ),
 ( #2053, #5696 ),
 ( #4682, #2595 ),
 ( #1047, #5679 ),
 ( #1002, #35 ),
 ( #4114, #3674 ),
 ( #2078, #6243 ),
 ( #6223, #5203 ),
 ( #3584, #484 ),
 ( #566, #5127 ),
 ( #6150, #5187 ) ),
 .UNSPECIFIED., .F., .F., .F.,
 ( 4, 1, 1, 1, 1, 1, 1, 1, 1, 1, 1, 1, 1, 1, 1, 1, 4 ),
 ( 2, 2 ),
 ( 0.000000000000000000, 0.07015117599727851982, 0.1378126061901916999, 0.2032262471813942317, 0.2671740552944735780, 0.3300240034081790008, 0.3917942717866856328, 0.4530843989971408137, 0.5143339076458770531, 0.5749999928182688569, 0.6348654826222127623, 0.6941163151896418970, 0.7534416217804383864, 0.8131258003036114790, 0.8740796856370746104, 0.9360070132744072735, 1.000000000000000000 ),
 ( 0.000000000000000000, 1.000000000000000000 ),
 .UNSPECIFIED. ) ;
#2598 = CARTESIAN_POINT ( 'NONE',  ( -0.5160969854957013769, 0.4100922408638996708, 0.7000000000000005107 ) ) ;
#2599 = ADVANCED_FACE ( 'NONE', ( #2788 ), #5642, .F. ) ;
#2600 = VECTOR ( 'NONE', #4259, 1000.000000000000000 ) ;
#2601 = EDGE_CURVE ( 'NONE', #3721, #1464, #4392, .T. ) ;
#2602 = DIRECTION ( 'NONE',  ( -1.164243943608595441E-16, 1.000000000000000000, 0.000000000000000000 ) ) ;
#2603 = DIRECTION ( 'NONE',  ( -0.000000000000000000, -0.000000000000000000, -1.000000000000000000 ) ) ;
#2604 = DIRECTION ( 'NONE',  ( 0.000000000000000000, 0.000000000000000000, 1.000000000000000000 ) ) ;
#2605 = EDGE_CURVE ( 'NONE', #4590, #1523, #4649, .T. ) ;
#2606 = SURFACE_STYLE_USAGE ( .BOTH. , #5711 ) ;
#2607 = DIRECTION ( 'NONE',  ( 0.000000000000000000, 1.000000000000000000, 0.000000000000000000 ) ) ;
#2608 = DIRECTION ( 'NONE',  ( 1.000000000000000000, 1.164243943608595441E-16, -0.000000000000000000 ) ) ;
#2609 = MECHANICAL_DESIGN_GEOMETRIC_PRESENTATION_REPRESENTATION (  '', ( #5866 ), #6120 ) ;
#2610 = DIRECTION ( 'NONE',  ( -1.355252715606879803E-16, 1.000000000000000000, 0.000000000000000000 ) ) ;
#2611 = DIRECTION ( 'NONE',  ( -1.164243943608595688E-16, 1.000000000000000000, -4.336808689942017736E-16 ) ) ;
#2612 = CARTESIAN_POINT ( 'NONE',  ( -1.376807860355770963, 0.2597035808175419680, 0.7000000000000002887 ) ) ;
#2613 = EDGE_CURVE ( 'NONE', #1043, #49, #4903, .T. ) ;
#2614 = CARTESIAN_POINT ( 'NONE',  ( -0.5295544314856857060, 0.4090286817650846118, 0.7000000000000002887 ) ) ;
#2615 = SURFACE_STYLE_FILL_AREA ( #6061 ) ;
#2616 = ADVANCED_FACE ( 'NONE', ( #375 ), #5110, .F. ) ;
#2617 = SURFACE_SIDE_STYLE ('',( #2321 ) ) ;
#2618 = LINE ( 'NONE', #2514, #1071 ) ;
#2619 = SURFACE_STYLE_USAGE ( .BOTH. , #3697 ) ;
#2620 = EDGE_LOOP ( 'NONE', ( #4414, #5690, #4050, #388 ) ) ;
#2621 = VECTOR ( 'NONE', #2216, 1000.000000000000000 ) ;
#2622 = AXIS2_PLACEMENT_3D ( 'NONE', #4821, #4801, #2725 ) ;
#2623 =( GEOMETRIC_REPRESENTATION_CONTEXT ( 3 ) GLOBAL_UNCERTAINTY_ASSIGNED_CONTEXT ( ( #1589 ) ) GLOBAL_UNIT_ASSIGNED_CONTEXT ( ( #4230, #6371, #4724 ) ) REPRESENTATION_CONTEXT ( 'NONE', 'WORKASPACE' ) );
#2624 = VECTOR ( 'NONE', #2340, 1000.000000000000000 ) ;
#2625 = VECTOR ( 'NONE', #252, 1000.000000000000000 ) ;
#2626 = ORIENTED_EDGE ( 'NONE', *, *, #5686, .T. ) ;
#2627 = CARTESIAN_POINT ( 'NONE',  ( -0.5795749543376638169, 0.001966146782577603627, 0.8000000000000001554 ) ) ;
#2628 = ADVANCED_FACE ( 'NONE', ( #6520 ), #5684, .F. ) ;
#2629 = DIRECTION ( 'NONE',  ( 0.000000000000000000, 1.000000000000000000, 4.336808689942017736E-16 ) ) ;
#2630 = LINE ( 'NONE', #3204, #5232 ) ;
#2631 = VERTEX_POINT ( 'NONE', #6156 ) ;
#2632 = FACE_OUTER_BOUND ( 'NONE', #6573, .T. ) ;
#2633 = ORIENTED_EDGE ( 'NONE', *, *, #6255, .F. ) ;
#2634 = DIRECTION ( 'NONE',  ( 1.000000000000000000, 0.000000000000000000, 0.000000000000000000 ) ) ;
#2635 = CARTESIAN_POINT ( 'NONE',  ( -0.3991803724333711223, 0.01173764898175506943, 0.8000000000000001554 ) ) ;
#2636 = LINE ( 'NONE', #5040, #4584 ) ;
#2637 = SURFACE_SIDE_STYLE ('',( #858 ) ) ;
#2638 = ORIENTED_EDGE ( 'NONE', *, *, #5479, .T. ) ;
#2639 = ORIENTED_EDGE ( 'NONE', *, *, #1694, .F. ) ;
#2640 = ORIENTED_EDGE ( 'NONE', *, *, #1528, .T. ) ;
#2641 = CARTESIAN_POINT ( 'NONE',  ( -0.6455128205128205510, 0.09743589743589745056, 0.8000000000000000444 ) ) ;
#2642 = COLOUR_RGB ( '',0.7960784313725489669, 0.8235294117647058432, 0.9372549019607843146 ) ;
#2643 = CARTESIAN_POINT ( 'NONE',  ( 3.325000000000001510, -1.043175853018395438, 0.2999999999999999889 ) ) ;
#2644 = LINE ( 'NONE', #103, #4930 ) ;
#2645 = CARTESIAN_POINT ( 'NONE',  ( -1.345902994328130209, 0.06783731252180567883, 0.8000000000000000444 ) ) ;
#2646 = ORIENTED_EDGE ( 'NONE', *, *, #1304, .T. ) ;
#2647 = PRESENTATION_STYLE_ASSIGNMENT (( #116 ) ) ;
#2648 = CARTESIAN_POINT ( 'NONE',  ( -1.625641025641025861, 0.4000000000000000222, 0.8000000000000000444 ) ) ;
#2649 = FILL_AREA_STYLE ('',( #579 ) ) ;
#2650 = B_SPLINE_CURVE_WITH_KNOTS ( 'NONE', 3,
 ( #672, #1682, #3219, #6300, #3804, #2743, #693, #1723, #6338, #4839, #5358, #2253, #6393, #1746, #5764, #117, #3728, #1652, #5302 ),
 .UNSPECIFIED., .F., .F.,
 ( 4, 1, 1, 1, 1, 1, 1, 1, 1, 1, 1, 1, 1, 1, 1, 1, 4 ),
 ( 0.000000000000000000, 0.06966280089907736506, 0.1377495622582728674, 0.2039167435177827170, 0.2687798623293365941, 0.3324137064772236805, 0.3947535404471393394, 0.4561800316591686499, 0.5169956491967194756, 0.5773959379659517888, 0.6371983435092752890, 0.6969991842614546851, 0.7567561942255596197, 0.8165539052726076275, 0.8769479965978700386, 0.9381317879205950394, 0.9999999999999998890 ),
 .UNSPECIFIED. ) ;
#2651 = FACE_OUTER_BOUND ( 'NONE', #2392, .T. ) ;
#2652 =( GEOMETRIC_REPRESENTATION_CONTEXT ( 3 ) GLOBAL_UNCERTAINTY_ASSIGNED_CONTEXT ( ( #4197 ) ) GLOBAL_UNIT_ASSIGNED_CONTEXT ( ( #5776, #2194, #6327 ) ) REPRESENTATION_CONTEXT ( 'NONE', 'WORKASPACE' ) );
#2653 = CARTESIAN_POINT ( 'NONE',  ( -0.6743952929366635596, 0.07037628315015613534, 0.8000000000000002665 ) ) ;
#2654 = ADVANCED_FACE ( 'NONE', ( #4831 ), #948, .T. ) ;
#2655 = ORIENTED_EDGE ( 'NONE', *, *, #740, .T. ) ;
#2656 = DIRECTION ( 'NONE',  ( 1.000000000000000000, 1.164243943608595441E-16, -0.000000000000000000 ) ) ;
#2657 = EDGE_CURVE ( 'NONE', #3386, #1758, #5298, .T. ) ;
#2658 = ORIENTED_EDGE ( 'NONE', *, *, #871, .T. ) ;
#2659 = ORIENTED_EDGE ( 'NONE', *, *, #1988, .F. ) ;
#2660 = CARTESIAN_POINT ( 'NONE',  ( -2.689999999999999503, -2.850000000000000089, -0.09999999999999996392 ) ) ;
#2661 =( NAMED_UNIT ( * ) SI_UNIT ( $, .STERADIAN. ) SOLID_ANGLE_UNIT ( ) );
#2662 = CARTESIAN_POINT ( 'NONE',  ( -0.4900755459955360993, -0.01016726164021984624, 0.8000000000000001554 ) ) ;
#2663 = FILL_AREA_STYLE ('',( #5757 ) ) ;
#2664 = ORIENTED_EDGE ( 'NONE', *, *, #3316, .T. ) ;
#2665 = CARTESIAN_POINT ( 'NONE',  ( -0.6246395320287330133, 0.3762452922755938900, 0.7000000000000000666 ) ) ;
#2666 = EDGE_LOOP ( 'NONE', ( #794, #3831, #2626, #5161 ) ) ;
#2667 = ORIENTED_EDGE ( 'NONE', *, *, #3712, .T. ) ;
#2668 = ADVANCED_FACE ( 'NONE', ( #5144 ), #3679, .F. ) ;
#2669 = STYLED_ITEM ( 'NONE', ( #772 ), #1548 ) ;
#2670 = MECHANICAL_DESIGN_GEOMETRIC_PRESENTATION_REPRESENTATION (  '', ( #2322 ), #5925 ) ;
#2671 = SURFACE_SIDE_STYLE ('',( #3606 ) ) ;
#2672 = EDGE_LOOP ( 'NONE', ( #3871, #25, #3954, #2827 ) ) ;
#2673 = CARTESIAN_POINT ( 'NONE',  ( -0.08717948717948718895, 0.04102564102564103254, 0.8000000000000000444 ) ) ;
#2674 = CARTESIAN_POINT ( 'NONE',  ( -1.535897435897435992, 0.1282051282051282215, 0.8000000000000000444 ) ) ;
#2675 = DIRECTION ( 'NONE',  ( 1.164243943608595688E-16, -1.000000000000000000, 0.000000000000000000 ) ) ;
#2676 = EDGE_CURVE ( 'NONE', #1995, #2013, #3268, .T. ) ;
#2677 = MECHANICAL_DESIGN_GEOMETRIC_PRESENTATION_REPRESENTATION (  '', ( #2332 ), #5038 ) ;
#2678 = UNCERTAINTY_MEASURE_WITH_UNIT (LENGTH_MEASURE( 1.000000000000000082E-05 ), #1012, 'distance_accuracy_value', 'NONE');
#2679 = FILL_AREA_STYLE ('',( #5314 ) ) ;
#2680 = DIRECTION ( 'NONE',  ( 0.000000000000000000, 1.000000000000000000, 0.000000000000000000 ) ) ;
#2681 =( NAMED_UNIT ( * ) SI_UNIT ( $, .STERADIAN. ) SOLID_ANGLE_UNIT ( ) );
#2682 = DIRECTION ( 'NONE',  ( 0.000000000000000000, -1.000000000000000000, 1.355252715606880789E-16 ) ) ;
#2683 = CARTESIAN_POINT ( 'NONE',  ( -0.6346355158810372821, 0.3693543430750872436, 0.7000000000000005107 ) ) ;
#2684 = EDGE_CURVE ( 'NONE', #2578, #595, #4401, .T. ) ;
#2685 = DIRECTION ( 'NONE',  ( 1.000000000000000000, 1.164243943608595441E-16, -0.000000000000000000 ) ) ;
#2686 = PRESENTATION_LAYER_ASSIGNMENT (  '', '', ( #6651 ) ) ;
#2687 = DIRECTION ( 'NONE',  ( 0.000000000000000000, 0.000000000000000000, 1.000000000000000000 ) ) ;
#2688 = B_SPLINE_CURVE_WITH_KNOTS ( 'NONE', 3,
 ( #2432, #4440, #1340, #2915, #6528, #5537, #6582, #3438, #839, #4970, #4458, #4994, #1876, #1892, #6021, #2938, #1390, #1916, #6048 ),
 .UNSPECIFIED., .F., .F.,
 ( 4, 1, 1, 1, 1, 1, 1, 1, 1, 1, 1, 1, 1, 1, 1, 1, 4 ),
 ( 0.000000000000000000, 0.06154496601632404584, 0.1216942964020306106, 0.1811548554526335730, 0.2398753889119565608, 0.2987019424504289145, 0.3576474237092014397, 0.4176048428493668307, 0.4784940407282909924, 0.5404070506371329019, 0.6023449938728032693, 0.6650043279232339399, 0.7285593088233761616, 0.7936505420268855637, 0.8605342675902675209, 0.9292359605619637808, 1.000000000000000000 ),
 .UNSPECIFIED. ) ;
#2689 =( LENGTH_UNIT ( ) NAMED_UNIT ( * ) SI_UNIT ( .MILLI., .METRE. ) );
#2690 = LINE ( 'NONE', #1280, #282 ) ;
#2691 = DIRECTION ( 'NONE',  ( 1.164243943608595441E-16, -1.000000000000000000, -5.421010862427523156E-16 ) ) ;
#2692 = ADVANCED_FACE ( 'NONE', ( #2542 ), #1646, .F. ) ;
#2693 = DIRECTION ( 'NONE',  ( 1.000000000000000000, 1.164243943608595441E-16, -0.000000000000000000 ) ) ;
#2694 = LINE ( 'NONE', #2364, #4650 ) ;
#2695 = CARTESIAN_POINT ( 'NONE',  ( -0.9846153846153847811, 0.1948717948717949011, 0.6999999999999999556 ) ) ;
#2696 = ORIENTED_EDGE ( 'NONE', *, *, #5938, .T. ) ;
#2697 = CARTESIAN_POINT ( 'NONE',  ( -0.1500000000000002998, 2.850000000000000089, 0.6999999999999999556 ) ) ;
#2698 = FILL_AREA_STYLE ('',( #2210 ) ) ;
#2699 =( LENGTH_UNIT ( ) NAMED_UNIT ( * ) SI_UNIT ( .MILLI., .METRE. ) );
#2700 = LINE ( 'NONE', #785, #5304 ) ;
#2701 =( GEOMETRIC_REPRESENTATION_CONTEXT ( 3 ) GLOBAL_UNCERTAINTY_ASSIGNED_CONTEXT ( ( #5882 ) ) GLOBAL_UNIT_ASSIGNED_CONTEXT ( ( #3, #3611, #1477 ) ) REPRESENTATION_CONTEXT ( 'NONE', 'WORKASPACE' ) );
#2702 =( NAMED_UNIT ( * ) PLANE_ANGLE_UNIT ( ) SI_UNIT ( $, .RADIAN. ) );
#2703 = VERTEX_POINT ( 'NONE', #2126 ) ;
#2704 = CIRCLE ( 'NONE', #5075, 0.2000000000000000944 ) ;
#2705 = ORIENTED_EDGE ( 'NONE', *, *, #4221, .T. ) ;
#2706 = CARTESIAN_POINT ( 'NONE',  ( -1.232862531928289762, 0.3506563165919445724, 0.7000000000000000666 ) ) ;
#2707 = DIRECTION ( 'NONE',  ( -0.000000000000000000, -0.000000000000000000, -1.000000000000000000 ) ) ;
#2708 = LINE ( 'NONE', #3354, #2229 ) ;
#2709 = VERTEX_POINT ( 'NONE', #594 ) ;
#2710 = CARTESIAN_POINT ( 'NONE',  ( -1.338424514854325675, 0.05826300145765993255, 0.7000000000000002887 ) ) ;
#2711 = LINE ( 'NONE', #6521, #5712 ) ;
#2712 = CARTESIAN_POINT ( 'NONE',  ( -1.555368589743590046, 0.1692307692307692679, 0.6999999999999999556 ) ) ;
#2713 = PRESENTATION_LAYER_ASSIGNMENT (  '', '', ( #2158 ) ) ;
#2714 = CARTESIAN_POINT ( 'NONE',  ( -0.9846153846153847811, 0.1948717948717949011, 0.8000000000000000444 ) ) ;
#2715 = MECHANICAL_DESIGN_GEOMETRIC_PRESENTATION_REPRESENTATION (  '', ( #304 ), #3562 ) ;
#2716 = CARTESIAN_POINT ( 'NONE',  ( -0.5074275702026971313, -0.01020498638635794833, 0.6999999999999998446 ) ) ;
#2717 = ORIENTED_EDGE ( 'NONE', *, *, #2125, .F. ) ;
#2718 = FACE_OUTER_BOUND ( 'NONE', #329, .T. ) ;
#2719 = ADVANCED_FACE ( 'NONE', ( #6017 ), #2572, .T. ) ;
#2720 = DIRECTION ( 'NONE',  ( -1.000000000000000000, -1.164243943608595441E-16, 0.000000000000000000 ) ) ;
#2721 = ORIENTED_EDGE ( 'NONE', *, *, #6394, .T. ) ;
#2722 = CARTESIAN_POINT ( 'NONE',  ( 3.025000000000002132, -3.725000000000000089, 3.000000000000000000 ) ) ;
#2723 = VECTOR ( 'NONE', #3287, 1000.000000000000000 ) ;
#2724 = VECTOR ( 'NONE', #5507, 1000.000000000000000 ) ;
#2725 = DIRECTION ( 'NONE',  ( 0.000000000000000000, 1.000000000000000000, 1.201710903231780113E-13 ) ) ;
#2726 = VECTOR ( 'NONE', #4382, 1000.000000000000000 ) ;
#2727 = ORIENTED_EDGE ( 'NONE', *, *, #2845, .T. ) ;
#2728 = CARTESIAN_POINT ( 'NONE',  ( -0.9846153846153847811, 0.4000000000000000222, 0.8000000000000000444 ) ) ;
#2729 = CARTESIAN_POINT ( 'NONE',  ( -0.4534283507634817578, -0.005929314739086059480, 0.8000000000000002665 ) ) ;
#2730 =( NAMED_UNIT ( * ) SI_UNIT ( $, .STERADIAN. ) SOLID_ANGLE_UNIT ( ) );
#2731 = EDGE_CURVE ( 'NONE', #92, #2873, #4735, .T. ) ;
#2732 = CARTESIAN_POINT ( 'NONE',  ( -0.5917572718198167436, 0.3934842443774276277, 0.7000000000000005107 ) ) ;
#2733 = ADVANCED_FACE ( 'NONE', ( #4010 ), #713, .T. ) ;
#2734 = ORIENTED_EDGE ( 'NONE', *, *, #2186, .F. ) ;
#2735 = CYLINDRICAL_SURFACE ( 'NONE', #5657, 0.2000000000000000944 ) ;
#2736 = CARTESIAN_POINT ( 'NONE',  ( -0.4881689087632510859, 0.3690926962734671357, 0.8000000000000000444 ) ) ;
#2737 = CARTESIAN_POINT ( 'NONE',  ( -1.338017140061957821, 0.2597732579142618126, 0.7000000000000000666 ) ) ;
#2738 = FACE_OUTER_BOUND ( 'NONE', #2473, .T. ) ;
#2739 = VERTEX_POINT ( 'NONE', #1173 ) ;
#2740 = EDGE_CURVE ( 'NONE', #2962, #1290, #1818, .T. ) ;
#2741 = CARTESIAN_POINT ( 'NONE',  ( -1.290910913149264205, 0.3737485229560012501, 0.8000000000000000444 ) ) ;
#2742 = CARTESIAN_POINT ( 'NONE',  ( -0.3358138989908136529, 0.2659095493080942396, 0.8000000000000000444 ) ) ;
#2743 = CARTESIAN_POINT ( 'NONE',  ( -0.4534283507634817578, -0.005929314739086059480, 0.7000000000000001776 ) ) ;
#2744 = AXIS2_PLACEMENT_3D ( 'NONE', #4850, #5364, #3172 ) ;
#2745 = VERTEX_POINT ( 'NONE', #6415 ) ;
#2746 = DIRECTION ( 'NONE',  ( 1.000000000000000000, 1.164243943608595441E-16, -0.000000000000000000 ) ) ;
#2747 = EDGE_CURVE ( 'NONE', #788, #6369, #2062, .T. ) ;
#2748 = CARTESIAN_POINT ( 'NONE',  ( -0.2901209600998653215, 0.1622115036649684483, 0.8000000000000000444 ) ) ;
#2749 = ORIENTED_EDGE ( 'NONE', *, *, #990, .F. ) ;
#2750 = DIRECTION ( 'NONE',  ( 0.000000000000000000, 1.000000000000000000, 0.000000000000000000 ) ) ;
#2751 = EDGE_CURVE ( 'NONE', #860, #3388, #2139, .T. ) ;
#2752 = VERTEX_POINT ( 'NONE', #2805 ) ;
#2753 = VERTEX_POINT ( 'NONE', #5352 ) ;
#2754 = LINE ( 'NONE', #5780, #2926 ) ;
#2755 = DIRECTION ( 'NONE',  ( 1.000000000000000000, 1.164243943608595441E-16, -0.000000000000000000 ) ) ;
#2756 = DIRECTION ( 'NONE',  ( 0.000000000000000000, -1.000000000000000000, 0.000000000000000000 ) ) ;
#2757 = FILL_AREA_STYLE ('',( #704 ) ) ;
#2758 = ORIENTED_EDGE ( 'NONE', *, *, #5986, .F. ) ;
#2759 = CARTESIAN_POINT ( 'NONE',  ( -0.4963061586800907032, 0.03088751775256767806, 0.8000000000000000444 ) ) ;
#2760 = CARTESIAN_POINT ( 'NONE',  ( -1.252564102564102777, 0.05120192307692308237, 0.6999999999999999556 ) ) ;
#2761 = ADVANCED_FACE ( 'NONE', ( #5625 ), #4361, .T. ) ;
#2762 = VECTOR ( 'NONE', #1299, 1000.000000000000000 ) ;
#2763 = CARTESIAN_POINT ( 'NONE',  ( -2.043570218841597175, -2.731627296587916032, 2.900000000000000355 ) ) ;
#2764 = AXIS2_PLACEMENT_3D ( 'NONE', #3527, #4606, #4626 ) ;
#2765 = AXIS2_PLACEMENT_3D ( 'NONE', #1346, #1826, #981 ) ;
#2766 = DIRECTION ( 'NONE',  ( 1.000000000000000000, 1.164243943608595441E-16, -0.000000000000000000 ) ) ;
#2767 = CARTESIAN_POINT ( 'NONE',  ( -2.690000000000000391, 3.349999999999999645, 3.523657060577889411E-16 ) ) ;
#2768 = CARTESIAN_POINT ( 'NONE',  ( -1.221045050600807036, 0.04491113933348862830, 0.8000000000000001554 ) ) ;
#2769 = FACE_OUTER_BOUND ( 'NONE', #6569, .T. ) ;
#2770 =( NAMED_UNIT ( * ) SI_UNIT ( $, .STERADIAN. ) SOLID_ANGLE_UNIT ( ) );
#2771 = ADVANCED_FACE ( 'NONE', ( #5869 ), #3842, .F. ) ;
#2772 = DIRECTION ( 'NONE',  ( -0.000000000000000000, -0.000000000000000000, 1.000000000000000000 ) ) ;
#2773 = UNCERTAINTY_MEASURE_WITH_UNIT (LENGTH_MEASURE( 1.000000000000000082E-05 ), #2842, 'distance_accuracy_value', 'NONE');
#2774 = CARTESIAN_POINT ( 'NONE',  ( 0.1499999999999996614, 2.850000000000000089, 0.6999999999999999556 ) ) ;
#2775 = DIRECTION ( 'NONE',  ( -1.164243943608595441E-16, 1.000000000000000000, 0.000000000000000000 ) ) ;
#2776 = CARTESIAN_POINT ( 'NONE',  ( -0.6346355158810372821, 0.3693543430750872436, 0.7000000000000000666 ) ) ;
#2777 = SURFACE_STYLE_USAGE ( .BOTH. , #6444 ) ;
#2778 = B_SPLINE_SURFACE_WITH_KNOTS ( 'NONE', 3, 1, ( 
 ( #502, #1553 ),
 ( #2102, #4633 ),
 ( #1537, #6191 ),
 ( #3095, #6346 ),
 ( #3203, #1146 ),
 ( #4783, #6309 ),
 ( #5248, #83 ),
 ( #1639, #144 ),
 ( #5755, #3741 ),
 ( #5291, #682 ),
 ( #4292, #124 ) ),
 .UNSPECIFIED., .F., .F., .F.,
 ( 4, 1, 1, 1, 1, 1, 1, 1, 4 ),
 ( 2, 2 ),
 ( 0.000000000000000000, 0.1285151895116620202, 0.2529486363526580739, 0.3747547340060052301, 0.4959397538670500261, 0.6171806414298928178, 0.7409094692781375002, 0.8678111481862031962, 1.000000000000000000 ),
 ( 0.000000000000000000, 1.000000000000000000 ),
 .UNSPECIFIED. ) ;
#2779 = CARTESIAN_POINT ( 'NONE',  ( -0.4763233689346232924, 0.3678802248214749770, 0.6999999999999998446 ) ) ;
#2780 = DIRECTION ( 'NONE',  ( 1.000000000000000000, 1.164243943608595441E-16, -0.000000000000000000 ) ) ;
#2781 = CARTESIAN_POINT ( 'NONE',  ( -1.221223736039660723, 0.3528077877372744475, 0.6999999999999999556 ) ) ;
#2782 = CARTESIAN_POINT ( 'NONE',  ( -1.268730534309124414, 0.3838134138604806789, 0.8000000000000000444 ) ) ;
#2783 = B_SPLINE_SURFACE_WITH_KNOTS ( 'NONE', 3, 1, ( 
 ( #2095, #1629 ),
 ( #2653, #5215 ),
 ( #1564, #70 ),
 ( #6272, #531 ),
 ( #1017, #4700 ),
 ( #5768, #5180 ),
 ( #5264, #3104 ),
 ( #4142, #3670 ),
 ( #29, #561 ),
 ( #1058, #2117 ),
 ( #1614, #5238 ),
 ( #2627, #6253 ),
 ( #1116, #3684 ),
 ( #1084, #3169 ),
 ( #2160, #99 ),
 ( #3705, #599 ),
 ( #3246, #3222 ),
 ( #162, #2716 ),
 ( #4796, #5827 ) ),
 .UNSPECIFIED., .F., .F., .F.,
 ( 4, 1, 1, 1, 1, 1, 1, 1, 1, 1, 1, 1, 1, 1, 1, 1, 4 ),
 ( 2, 2 ),
 ( 0.000000000000000000, 0.06167423887742603389, 0.1230530616348058798, 0.1834750007317021148, 0.2437265005106117599, 0.3042789165122536943, 0.3648629209606826795, 0.4259462039686196522, 0.4873912299654080127, 0.5492203840754762423, 0.6111435886926029903, 0.6735285303101521404, 0.7369614566573042813, 0.8007852828728402317, 0.8660125956416149240, 0.9321007477905784988, 1.000000000000000000 ),
 ( 0.000000000000000000, 1.000000000000000000 ),
 .UNSPECIFIED. ) ;
#2784 = CARTESIAN_POINT ( 'NONE',  ( 3.025000000000001243, 3.425000000000000266, 3.000000000000000000 ) ) ;
#2785 = VERTEX_POINT ( 'NONE', #1739 ) ;
#2786 = EDGE_CURVE ( 'NONE', #5831, #5432, #3110, .T. ) ;
#2787 = SURFACE_SIDE_STYLE ('',( #5820 ) ) ;
#2788 = FACE_OUTER_BOUND ( 'NONE', #1441, .T. ) ;
#2789 = DIRECTION ( 'NONE',  ( 0.000000000000000000, 0.000000000000000000, 1.000000000000000000 ) ) ;
#2790 = UNCERTAINTY_MEASURE_WITH_UNIT (LENGTH_MEASURE( 1.000000000000000082E-05 ), #4162, 'distance_accuracy_value', 'NONE');
#2791 = LINE ( 'NONE', #606, #1504 ) ;
#2792 = CARTESIAN_POINT ( 'NONE',  ( -0.9846153846153847811, 0.2358974358974359198, 0.8000000000000000444 ) ) ;
#2793 = ORIENTED_EDGE ( 'NONE', *, *, #6683, .F. ) ;
#2794 = STYLED_ITEM ( 'NONE', ( #4155 ), #4080 ) ;
#2795 = CARTESIAN_POINT ( 'NONE',  ( -2.354330708661414917, -2.731627296587916032, 2.900000000000000355 ) ) ;
#2796 = CARTESIAN_POINT ( 'NONE',  ( -0.4881689087632510859, 0.3690926962734671357, 0.6999999999999999556 ) ) ;
#2797 = CARTESIAN_POINT ( 'NONE',  ( -0.7948717948717949344, 0.1948717948717949011, 0.8000000000000000444 ) ) ;
#2798 = EDGE_LOOP ( 'NONE', ( #5495, #918, #2836, #857 ) ) ;
#2799 = LINE ( 'NONE', #5032, #1749 ) ;
#2800 = ORIENTED_EDGE ( 'NONE', *, *, #3024, .T. ) ;
#2801 = VECTOR ( 'NONE', #5846, 1000.000000000000000 ) ;
#2802 = UNCERTAINTY_MEASURE_WITH_UNIT (LENGTH_MEASURE( 1.000000000000000082E-05 ), #6260, 'distance_accuracy_value', 'NONE');
#2803 = CARTESIAN_POINT ( 'NONE',  ( -0.3358138989908136529, 0.2659095493080942396, 0.7000000000000007327 ) ) ;
#2804 = VECTOR ( 'NONE', #4455, 1000.000000000000000 ) ;
#2805 = CARTESIAN_POINT ( 'NONE',  ( -0.5024038461538462563, 0.4102564102564102977, 0.8000000000000000444 ) ) ;
#2806 = VECTOR ( 'NONE', #3538, 1000.000000000000000 ) ;
#2807 = EDGE_LOOP ( 'NONE', ( #4776, #2435, #253, #575 ) ) ;
#2808 = CARTESIAN_POINT ( 'NONE',  ( -0.3732543912439684752, 0.3200563773325066919, 0.8000000000000000444 ) ) ;
#2809 = ORIENTED_EDGE ( 'NONE', *, *, #1223, .F. ) ;
#2810 = ORIENTED_EDGE ( 'NONE', *, *, #1046, .F. ) ;
#2811 = EDGE_CURVE ( 'NONE', #5890, #4752, #2868, .T. ) ;
#2812 = CARTESIAN_POINT ( 'NONE',  ( -1.348500291220261049, 0.1818923248583181884, 0.7000000000000000666 ) ) ;
#2813 = FACE_OUTER_BOUND ( 'NONE', #6256, .T. ) ;
#2814 =( GEOMETRIC_REPRESENTATION_CONTEXT ( 3 ) GLOBAL_UNCERTAINTY_ASSIGNED_CONTEXT ( ( #2295 ) ) GLOBAL_UNIT_ASSIGNED_CONTEXT ( ( #5406, #5149, #5621 ) ) REPRESENTATION_CONTEXT ( 'NONE', 'WORKASPACE' ) );
#2815 = CARTESIAN_POINT ( 'NONE',  ( -1.345279786943733180, 0.1568043825591096396, 0.7000000000000002887 ) ) ;
#2816 = SURFACE_SIDE_STYLE ('',( #4830 ) ) ;
#2817 = ORIENTED_EDGE ( 'NONE', *, *, #6128, .F. ) ;
#2818 = VECTOR ( 'NONE', #5648, 1000.000000000000000 ) ;
#2819 = VECTOR ( 'NONE', #5552, 1000.000000000000000 ) ;
#2820 = DIRECTION ( 'NONE',  ( 0.000000000000000000, -1.000000000000000000, 0.000000000000000000 ) ) ;
#2821 = CARTESIAN_POINT ( 'NONE',  ( -1.630769230769230971, 0.4000000000000000222, 0.8000000000000000444 ) ) ;
#2822 =( LENGTH_UNIT ( ) NAMED_UNIT ( * ) SI_UNIT ( .MILLI., .METRE. ) );
#2823 = VERTEX_POINT ( 'NONE', #6359 ) ;
#2824 = B_SPLINE_SURFACE_WITH_KNOTS ( 'NONE', 3, 1, ( 
 ( #4618, #1518 ),
 ( #6664, #2573 ),
 ( #6151, #5129 ),
 ( #459, #2018 ),
 ( #2040, #5662 ),
 ( #6127, #4635 ),
 ( #2546, #6194 ),
 ( #4115, #1539 ),
 ( #964, #4073 ),
 ( #6171, #3078 ),
 ( #4594, #6707 ),
 ( #4973, #1897 ),
 ( #2358, #366 ),
 ( #6055, #5052 ),
 ( #2413, #1348 ),
 ( #1950, #1392 ),
 ( #4002, #2383 ),
 ( #5990, #5030 ),
 ( #3915, #874 ) ),
 .UNSPECIFIED., .F., .F., .F.,
 ( 4, 1, 1, 1, 1, 1, 1, 1, 1, 1, 1, 1, 1, 1, 1, 1, 4 ),
 ( 2, 2 ),
 ( 0.000000000000000000, 0.06455784592971902658, 0.1270135315497587514, 0.1879548102020905109, 0.2480139127896341666, 0.3077476818488372179, 0.3682345146974851935, 0.4294698439426693493, 0.4927434367465849951, 0.5562577687060831222, 0.6182167855431436321, 0.6796554755875547915, 0.7412455456206293869, 0.8034152647056966856, 0.8668154615439920274, 0.9323283119492650206, 0.9999999999999998890 ),
 ( 0.000000000000000000, 1.000000000000000000 ),
 .UNSPECIFIED. ) ;
#2825 = CARTESIAN_POINT ( 'NONE',  ( -0.3244131509957871029, 0.2228251130048951589, 0.6999999999999998446 ) ) ;
#2826 = EDGE_CURVE ( 'NONE', #2709, #1620, #1137, .T. ) ;
#2827 = ORIENTED_EDGE ( 'NONE', *, *, #5522, .F. ) ;
#2828 = SURFACE_STYLE_FILL_AREA ( #1656 ) ;
#2829 = VERTEX_POINT ( 'NONE', #1247 ) ;
#2830 = CARTESIAN_POINT ( 'NONE',  ( -0.3261420267984690979, 0.2340469173420355598, 0.7000000000000007327 ) ) ;
#2831 = CARTESIAN_POINT ( 'NONE',  ( -3.324999999999998845, -1.043175853018396326, 0.2999999999999999889 ) ) ;
#2832 = DIRECTION ( 'NONE',  ( -0.000000000000000000, -0.000000000000000000, -1.000000000000000000 ) ) ;
#2833 = CLOSED_SHELL ( 'NONE', ( #6655, #2166, #6681, #5053, #600, #6199, #4258, #4223, #1996, #2198, #5814, #4128, #4730, #1214, #677, #897, #1752, #2030, #4637, #5895, #3082, #4845, #5217, #3210, #3695, #4788, #176, #2497, #1104, #969, #641, #1482, #3766, #2628, #57, #5754, #206, #4714, #1060, #1717, #591, #4744, #710, #2616, #6370, #3247, #6413, #1028, #3599, #2692, #1630, #5206, #2526, #6306, #4070, #3672, #6334, #1575, #112, #1548, #4809, #2599, #480, #2975, #1685, #2771, #6262, #624, #3570, #2225, #5829, #533, #5722, #5021, #4563, #5954, #2057, #4297, #5194, #3637, #4186, #2565, #6166, #3808, #2668, #6132, #74, #196, #3840, #2187, #13, #4820, #4241, #1170, #2096, #1643, #6240, #39, #4675, #1617, #2268, #4147, #572, #6289, #5626, #5691, #2733, #1603, #5287, #3107, #4862, #2719, #4324, #4097, #5362, #2654, #5857, #2761, #996, #136, #5130, #3276, #829, #6507, #368, #5252, #663, #507, #1524, #5325, #4701, #3171, #5240, #4775, #6353, #3142, #4610, #1141, #5157, #1709, #2123, #3734, #562, #5665, #5785, #3048, #4490 ) ) ;
#2834 = EDGE_CURVE ( 'NONE', #5744, #4706, #1254, .T. ) ;
#2835 = ORIENTED_EDGE ( 'NONE', *, *, #6666, .F. ) ;
#2836 = ORIENTED_EDGE ( 'NONE', *, *, #6485, .T. ) ;
#2837 = CARTESIAN_POINT ( 'NONE',  ( 2.689999999999999503, 3.050000000000000266, -0.2999999999999999334 ) ) ;
#2838 = AXIS2_PLACEMENT_3D ( 'NONE', #1196, #191, #3352 ) ;
#2839 = ORIENTED_EDGE ( 'NONE', *, *, #4564, .T. ) ;
#2840 = CARTESIAN_POINT ( 'NONE',  ( -1.301153447802997354, 0.07818865889731614616, 0.8000000000000002665 ) ) ;
#2841 = MECHANICAL_DESIGN_GEOMETRIC_PRESENTATION_REPRESENTATION (  '', ( #1312 ), #1661 ) ;
#2842 =( LENGTH_UNIT ( ) NAMED_UNIT ( * ) SI_UNIT ( .MILLI., .METRE. ) );
#2843 = FACE_BOUND ( 'NONE', #1606, .T. ) ;
#2844 = CARTESIAN_POINT ( 'NONE',  ( -1.137179487179487358, 0.4000000000000000222, 0.8000000000000000444 ) ) ;
#2845 = EDGE_CURVE ( 'NONE', #4033, #5397, #1736, .T. ) ;
#2846 = DIRECTION ( 'NONE',  ( -0.000000000000000000, -0.000000000000000000, -1.000000000000000000 ) ) ;
#2847 =( NAMED_UNIT ( * ) SI_UNIT ( $, .STERADIAN. ) SOLID_ANGLE_UNIT ( ) );
#2849 = ORIENTED_EDGE ( 'NONE', *, *, #5220, .T. ) ;
#2848 = CARTESIAN_POINT ( 'NONE',  ( -2.689999999999999503, -3.150000000000000355, 0.2000000000000003997 ) ) ;
#2850 = CARTESIAN_POINT ( 'NONE',  ( -0.3379006410256411019, 0.05969551282051283048, 0.8000000000000001554 ) ) ;
#2851 = AXIS2_PLACEMENT_3D ( 'NONE', #2397, #4984, #4500 ) ;
#2852 =( GEOMETRIC_REPRESENTATION_CONTEXT ( 3 ) GLOBAL_UNCERTAINTY_ASSIGNED_CONTEXT ( ( #486 ) ) GLOBAL_UNIT_ASSIGNED_CONTEXT ( ( #2167, #5771, #5850 ) ) REPRESENTATION_CONTEXT ( 'NONE', 'WORKASPACE' ) );
#2853 = DIRECTION ( 'NONE',  ( 1.000000000000000000, 1.164243943608595688E-16, -0.000000000000000000 ) ) ;
#2854 = CARTESIAN_POINT ( 'NONE',  ( -3.024999999999998579, -3.425000000000000266, 2.700000000000000178 ) ) ;
#2855 = CARTESIAN_POINT ( 'NONE',  ( 2.389999999999999680, 3.850000000000000089, -0.2999999999999998224 ) ) ;
#2856 = CARTESIAN_POINT ( 'NONE',  ( 0.000000000000000000, 0.000000000000000000, 0.000000000000000000 ) ) ;
#2857 = CARTESIAN_POINT ( 'NONE',  ( -1.283503541435316198, 0.06515457021159777595, 0.7000000000000000666 ) ) ;
#2858 = DIRECTION ( 'NONE',  ( -0.000000000000000000, -0.000000000000000000, -1.000000000000000000 ) ) ;
#2859 = DIRECTION ( 'NONE',  ( 0.000000000000000000, -1.000000000000000000, 0.000000000000000000 ) ) ;
#2860 = CARTESIAN_POINT ( 'NONE',  ( 2.390000000000000568, -3.050000000000000266, -0.2999999999999999334 ) ) ;
#2861 = EDGE_CURVE ( 'NONE', #3224, #1221, #5072, .T. ) ;
#2862 =( LENGTH_UNIT ( ) NAMED_UNIT ( * ) SI_UNIT ( .MILLI., .METRE. ) );
#2863 = CARTESIAN_POINT ( 'NONE',  ( -3.024999999999999467, 3.425000000000000266, 2.700000000000000178 ) ) ;
#2864 = CARTESIAN_POINT ( 'NONE',  ( -0.7948717948717949344, 0.1948717948717949011, 0.8000000000000000444 ) ) ;
#2865 = DIRECTION ( 'NONE',  ( 0.000000000000000000, -1.000000000000000000, 0.000000000000000000 ) ) ;
#2866 = PLANE ( 'NONE',  #1013 ) ;
#2867 = ORIENTED_EDGE ( 'NONE', *, *, #4469, .F. ) ;
#2868 = LINE ( 'NONE', #1266, #6604 ) ;
#2869 = CARTESIAN_POINT ( 'NONE',  ( 3.325000000000001066, 3.725000000000000089, 0.000000000000000000 ) ) ;
#2870 = DIRECTION ( 'NONE',  ( 0.4285960263555439465, -0.9034962347415942396, 0.000000000000000000 ) ) ;
#2871 = CARTESIAN_POINT ( 'NONE',  ( -1.197745164339180990, 0.0001447873880530645976, 0.7000000000000000666 ) ) ;
#2872 = LINE ( 'NONE', #2792, #6349 ) ;
#2873 = VERTEX_POINT ( 'NONE', #4466 ) ;
#2874 = UNCERTAINTY_MEASURE_WITH_UNIT (LENGTH_MEASURE( 1.000000000000000082E-05 ), #5342, 'distance_accuracy_value', 'NONE');
#2875 = AXIS2_PLACEMENT_3D ( 'NONE', #1341, #6557, #890 ) ;
#2876 = CARTESIAN_POINT ( 'NONE',  ( -2.689999999999999503, -3.050000000000000711, -0.2999999999999999334 ) ) ;
#2877 = PRESENTATION_STYLE_ASSIGNMENT (( #466 ) ) ;
#2878 = FILL_AREA_STYLE_COLOUR ( '', #4167 ) ;
#2879 = EDGE_LOOP ( 'NONE', ( #1186, #2835, #178, #6544 ) ) ;
#2880 = ORIENTED_EDGE ( 'NONE', *, *, #380, .F. ) ;
#2881 = UNCERTAINTY_MEASURE_WITH_UNIT (LENGTH_MEASURE( 1.000000000000000082E-05 ), #2451, 'distance_accuracy_value', 'NONE');
#2882 = EDGE_CURVE ( 'NONE', #1758, #2136, #3277, .T. ) ;
#2883 = CARTESIAN_POINT ( 'NONE',  ( -1.323151187878236712, 0.1031502503760153705, 0.7000000000000001776 ) ) ;
#2884 = LINE ( 'NONE', #1261, #3129 ) ;
#2885 = COLOUR_RGB ( '',0.7960784313725489669, 0.8235294117647058432, 0.9372549019607843146 ) ;
#2886 = DIRECTION ( 'NONE',  ( -1.000000000000000000, -1.164243943608595688E-16, 0.000000000000000000 ) ) ;
#2887 = ORIENTED_EDGE ( 'NONE', *, *, #1083, .T. ) ;
#2888 = FACE_BOUND ( 'NONE', #6389, .T. ) ;
#2889 = CARTESIAN_POINT ( 'NONE',  ( -0.5217463307230768566, 0.3686850997999704393, 0.6999999999999998446 ) ) ;
#2890 = PRESENTATION_STYLE_ASSIGNMENT (( #3010 ) ) ;
#2891 = ORIENTED_EDGE ( 'NONE', *, *, #194, .T. ) ;
#2892 = ORIENTED_EDGE ( 'NONE', *, *, #1070, .T. ) ;
#2893 = CARTESIAN_POINT ( 'NONE',  ( -0.9846153846153847811, 0.04102564102564103254, 0.8000000000000000444 ) ) ;
#2894 = DIRECTION ( 'NONE',  ( -0.000000000000000000, -0.000000000000000000, -1.000000000000000000 ) ) ;
#2895 = B_SPLINE_SURFACE_WITH_KNOTS ( 'NONE', 3, 1, ( 
 ( #4885, #6426 ),
 ( #3236, #5841 ),
 ( #2736, #1697 ),
 ( #1203, #751 ),
 ( #5393, #4316 ),
 ( #3796, #5879 ),
 ( #2288, #6355 ),
 ( #5326, #3821 ),
 ( #5425, #3256 ),
 ( #3860, #177 ),
 ( #686, #5350 ),
 ( #3339, #4298 ),
 ( #2269, #1737 ),
 ( #4832, #1718 ),
 ( #6385, #3278 ),
 ( #240, #711 ),
 ( #1227, #5906 ),
 ( #1265, #4864 ),
 ( #214, #3841 ),
 ( #4337, #2803 ),
 ( #5977, #1833 ),
 ( #4465, #4426 ),
 ( #330, #2830 ),
 ( #6475, #3426 ),
 ( #6545, #5943 ),
 ( #4449, #5485 ),
 ( #1473, #3939 ) ),
 .UNSPECIFIED., .F., .F., .F.,
 ( 4, 1, 1, 1, 1, 1, 1, 1, 1, 1, 1, 1, 1, 1, 1, 1, 1, 1, 1, 1, 1, 1, 1, 1, 4 ),
 ( 2, 2 ),
 ( 0.000000000000000000, 0.04395490890619430102, 0.08750187479760462850, 0.1304626267314902832, 0.1727520205665172559, 0.2154030673796033246, 0.2576498297432394669, 0.3001527489572938245, 0.3431214895020865963, 0.3859251632064335524, 0.4276857274028016409, 0.4688179504865898073, 0.5094918001549957332, 0.5498830310733487936, 0.5899800229668862306, 0.6304052300068399006, 0.6708686260826384196, 0.7113839438381757141, 0.7516272580635842138, 0.7917755768651915105, 0.8324589188037424536, 0.8733190450172881869, 0.9145429556263491300, 0.9569235582098846171, 1.000000000000000000 ),
 ( 0.000000000000000000, 1.000000000000000000 ),
 .UNSPECIFIED. ) ;
#2896 = VECTOR ( 'NONE', #1842, 1000.000000000000000 ) ;
#2897 = PRESENTATION_LAYER_ASSIGNMENT (  '', '', ( #3237 ) ) ;
#2898 = LINE ( 'NONE', #6297, #4338 ) ;
#2899 = PRESENTATION_LAYER_ASSIGNMENT (  '', '', ( #3724 ) ) ;
#2900 = DIRECTION ( 'NONE',  ( 0.000000000000000000, -1.000000000000000000, 0.000000000000000000 ) ) ;
#2901 = LINE ( 'NONE', #4986, #2486 ) ;
#2902 = ORIENTED_EDGE ( 'NONE', *, *, #4372, .T. ) ;
#2903 = ORIENTED_EDGE ( 'NONE', *, *, #6439, .F. ) ;
#2904 = CARTESIAN_POINT ( 'NONE',  ( -0.4534283507634817578, -0.005929314739086059480, 0.8000000000000002665 ) ) ;
#2905 = FILL_AREA_STYLE_COLOUR ( '', #3050 ) ;
#2906 = VECTOR ( 'NONE', #2550, 1000.000000000000000 ) ;
#2907 = VERTEX_POINT ( 'NONE', #5009 ) ;
#2908 = SURFACE_STYLE_FILL_AREA ( #2025 ) ;
#2909 = PRESENTATION_LAYER_ASSIGNMENT (  '', '', ( #48 ) ) ;
#2910 = CARTESIAN_POINT ( 'NONE',  ( -3.324999999999999289, 3.725000000000000089, 2.700000000000000178 ) ) ;
#2911 = DIRECTION ( 'NONE',  ( 1.000000000000000000, 0.000000000000000000, 0.000000000000000000 ) ) ;
#2912 = ORIENTED_EDGE ( 'NONE', *, *, #6225, .F. ) ;
#2913 = SURFACE_STYLE_USAGE ( .BOTH. , #919 ) ;
#2914 =( NAMED_UNIT ( * ) SI_UNIT ( $, .STERADIAN. ) SOLID_ANGLE_UNIT ( ) );
#2915 = CARTESIAN_POINT ( 'NONE',  ( -1.290910913149264205, 0.3737485229560012501, 0.6999999999999999556 ) ) ;
#2916 = DIRECTION ( 'NONE',  ( 1.000000000000000000, 1.164243943608595441E-16, -0.000000000000000000 ) ) ;
#2917 = CARTESIAN_POINT ( 'NONE',  ( -0.5427190276927575940, 0.3653455368646211787, 0.6999999999999998446 ) ) ;
#2918 = SPHERICAL_SURFACE ( 'NONE', #139, 0.2999999999999999889 ) ;
#2919 = SURFACE_SIDE_STYLE ('',( #3638 ) ) ;
#2920 = PLANE ( 'NONE',  #1310 ) ;
#2921 = VERTEX_POINT ( 'NONE', #2302 ) ;
#2922 = CARTESIAN_POINT ( 'NONE',  ( -0.5909698187783485324, 0.3478469800156653302, 0.7000000000000000666 ) ) ;
#2923 = EDGE_CURVE ( 'NONE', #4513, #2462, #377, .T. ) ;
#2924 = CARTESIAN_POINT ( 'NONE',  ( -0.3155000920109308216, 0.09059652774436213751, 0.7000000000000001776 ) ) ;
#2925 = VERTEX_POINT ( 'NONE', #5428 ) ;
#2926 = VECTOR ( 'NONE', #636, 1000.000000000000000 ) ;
#2927 = ORIENTED_EDGE ( 'NONE', *, *, #801, .T. ) ;
#2928 = CARTESIAN_POINT ( 'NONE',  ( -0.4652883080053903941, -0.007899615432111430427, 0.8000000000000000444 ) ) ;
#2929 = FILL_AREA_STYLE_COLOUR ( '', #5775 ) ;
#2930 = CARTESIAN_POINT ( 'NONE',  ( -0.9846153846153847811, 0.2358974358974359198, 0.8000000000000000444 ) ) ;
#2931 = CARTESIAN_POINT ( 'NONE',  ( 3.325000000000002398, 1.343175853018396149, 0.7000000000000002887 ) ) ;
#2932 = DIRECTION ( 'NONE',  ( 1.000000000000000000, 1.164243943608595441E-16, -0.000000000000000000 ) ) ;
#2933 =( LENGTH_UNIT ( ) NAMED_UNIT ( * ) SI_UNIT ( .MILLI., .METRE. ) );
#2934 = AXIS2_PLACEMENT_3D ( 'NONE', #4470, #5108, #3031 ) ;
#2935 = CARTESIAN_POINT ( 'NONE',  ( -0.6525820826912340777, 0.04606588869331802727, 0.8000000000000000444 ) ) ;
#2936 = CARTESIAN_POINT ( 'NONE',  ( -1.180368589743589824, 0.000000000000000000, 0.8000000000000000444 ) ) ;
#2937 = LINE ( 'NONE', #5897, #6004 ) ;
#2938 = CARTESIAN_POINT ( 'NONE',  ( -1.382776819126121826, 0.2283995529464314944, 0.7000000000000002887 ) ) ;
#2939 = CARTESIAN_POINT ( 'NONE',  ( -0.6388210107778339308, 0.3105392894846122354, 0.6999999999999999556 ) ) ;
#2940 = MECHANICAL_DESIGN_GEOMETRIC_PRESENTATION_REPRESENTATION (  '', ( #4441 ), #6410 ) ;
#2941 = DIRECTION ( 'NONE',  ( 0.000000000000000000, 0.000000000000000000, 1.000000000000000000 ) ) ;
#2942 = CARTESIAN_POINT ( 'NONE',  ( -1.316445552679278874, 0.09412074619740362635, 0.8000000000000002665 ) ) ;
#2943 = FILL_AREA_STYLE ('',( #1733 ) ) ;
#2944 = CARTESIAN_POINT ( 'NONE',  ( -0.3338508531970925675, 0.06467164869675562366, 0.7000000000000000666 ) ) ;
#2945 = EDGE_CURVE ( 'NONE', #5592, #6197, #5221, .T. ) ;
#2946 = MECHANICAL_DESIGN_GEOMETRIC_PRESENTATION_REPRESENTATION (  '', ( #2158 ), #770 ) ;
#2947 = AXIS2_PLACEMENT_3D ( 'NONE', #3266, #6342, #3781 ) ;
#2948 =( NAMED_UNIT ( * ) SI_UNIT ( $, .STERADIAN. ) SOLID_ANGLE_UNIT ( ) );
#2949 = CARTESIAN_POINT ( 'NONE',  ( 2.389999999999999680, 3.050000000000000266, -0.2999999999999999334 ) ) ;
#2950 = CARTESIAN_POINT ( 'NONE',  ( -1.177389681576034075, 0.3992321138210237486, 0.8000000000000001554 ) ) ;
#2951 =( NAMED_UNIT ( * ) SI_UNIT ( $, .STERADIAN. ) SOLID_ANGLE_UNIT ( ) );
#2952 = CARTESIAN_POINT ( 'NONE',  ( -0.3214833026301965324, 0.3187713705101441475, 0.6999999999999999556 ) ) ;
#2953 = DIRECTION ( 'NONE',  ( 1.000000000000000000, -0.000000000000000000, -0.000000000000000000 ) ) ;
#2954 = CARTESIAN_POINT ( 'NONE',  ( -0.6239139896693790543, 0.02359915519525818128, 0.8000000000000000444 ) ) ;
#2955 = VECTOR ( 'NONE', #3076, 1000.000000000000000 ) ;
#2956 = CARTESIAN_POINT ( 'NONE',  ( -1.056410256410256654, 0.4000000000000000222, 0.8000000000000000444 ) ) ;
#2957 = EDGE_CURVE ( 'NONE', #6113, #2127, #5706, .T. ) ;
#2958 = FACE_OUTER_BOUND ( 'NONE', #1905, .T. ) ;
#2959 = CARTESIAN_POINT ( 'NONE',  ( -0.5997924525162439124, 0.3429020956793767394, 0.6999999999999998446 ) ) ;
#2960 = EDGE_LOOP ( 'NONE', ( #5750, #2249, #3551, #4948, #3201, #4200, #2315, #2218 ) ) ;
#2961 =( LENGTH_UNIT ( ) NAMED_UNIT ( * ) SI_UNIT ( .MILLI., .METRE. ) );
#2962 = VERTEX_POINT ( 'NONE', #6011 ) ;
#2963 = EDGE_CURVE ( 'NONE', #6213, #937, #2461, .T. ) ;
#2964 = FACE_OUTER_BOUND ( 'NONE', #3424, .T. ) ;
#2965 = PRODUCT ( 'XFMR-SMD_L7.5-W6.7-P2.54-LS7.7-BL', 'XFMR-SMD_L7.5-W6.7-P2.54-LS7.7-BL', '', ( #955 ) ) ;
#2966 = CARTESIAN_POINT ( 'NONE',  ( -0.5024038461538462563, 0.4102564102564102977, 0.8000000000000000444 ) ) ;
#2967 = ORIENTED_EDGE ( 'NONE', *, *, #3649, .T. ) ;
#2968 = AXIS2_PLACEMENT_3D ( 'NONE', #2115, #4182, #4694 ) ;
#2969 = CARTESIAN_POINT ( 'NONE',  ( -1.137179487179487580, 0.4000000000000000777, 0.8000000000000001554 ) ) ;
#2970 = ORIENTED_EDGE ( 'NONE', *, *, #27, .T. ) ;
#2971 = DIRECTION ( 'NONE',  ( 0.000000000000000000, -1.000000000000000000, 0.000000000000000000 ) ) ;
#2972 = VECTOR ( 'NONE', #5613, 1000.000000000000000 ) ;
#2973 = EDGE_CURVE ( 'NONE', #3849, #1355, #1562, .T. ) ;
#2974 = FILL_AREA_STYLE ('',( #2402 ) ) ;
#2975 = ADVANCED_FACE ( 'NONE', ( #3859 ), #916, .F. ) ;
#2976 = CARTESIAN_POINT ( 'NONE',  ( -0.5028846153846154854, -0.01025641025641025814, 0.8000000000000000444 ) ) ;
#2977 = ORIENTED_EDGE ( 'NONE', *, *, #5179, .F. ) ;
#2978 =( LENGTH_UNIT ( ) NAMED_UNIT ( * ) SI_UNIT ( .MILLI., .METRE. ) );
#2979 = EDGE_LOOP ( 'NONE', ( #1373, #3411, #6624, #4931, #5305, #4938, #1932, #1511, #3053, #4122, #6519 ) ) ;
#2980 = LINE ( 'NONE', #516, #4174 ) ;
#2981 = DIRECTION ( 'NONE',  ( -0.000000000000000000, -0.000000000000000000, -1.000000000000000000 ) ) ;
#2982 = VECTOR ( 'NONE', #1162, 1000.000000000000000 ) ;
#2983 = FILL_AREA_STYLE ('',( #6075 ) ) ;
#2984 = VECTOR ( 'NONE', #6257, 1000.000000000000000 ) ;
#2985 = APPLICATION_CONTEXT ( 'automotive_design' ) ;
#2986 = ORIENTED_EDGE ( 'NONE', *, *, #5855, .F. ) ;
#2987 = PRESENTATION_STYLE_ASSIGNMENT (( #4572 ) ) ;
#2988 = MECHANICAL_DESIGN_GEOMETRIC_PRESENTATION_REPRESENTATION (  '', ( #6321 ), #5284 ) ;
#2989 = PRESENTATION_LAYER_ASSIGNMENT (  '', '', ( #185 ) ) ;
#2990 =( NAMED_UNIT ( * ) PLANE_ANGLE_UNIT ( ) SI_UNIT ( $, .RADIAN. ) );
#2991 = ORIENTED_EDGE ( 'NONE', *, *, #2510, .T. ) ;
#2992 =( NAMED_UNIT ( * ) PLANE_ANGLE_UNIT ( ) SI_UNIT ( $, .RADIAN. ) );
#2993 =( NAMED_UNIT ( * ) SI_UNIT ( $, .STERADIAN. ) SOLID_ANGLE_UNIT ( ) );
#2994 = SURFACE_STYLE_USAGE ( .BOTH. , #2487 ) ;
#2995 = EDGE_LOOP ( 'NONE', ( #158, #3320, #2149, #1011, #3688, #3402, #2640, #3942 ) ) ;
#2996 = ORIENTED_EDGE ( 'NONE', *, *, #4402, .F. ) ;
#2997 = CARTESIAN_POINT ( 'NONE',  ( -1.056410256410256654, 0.4000000000000000222, 0.6999999999999999556 ) ) ;
#2998 = CARTESIAN_POINT ( 'NONE',  ( -0.05128205128205128721, 0.000000000000000000, 0.8000000000000000444 ) ) ;
#2999 = LINE ( 'NONE', #728, #5591 ) ;
#3000 = SURFACE_STYLE_USAGE ( .BOTH. , #5622 ) ;
#3001 = ORIENTED_EDGE ( 'NONE', *, *, #2882, .T. ) ;
#3002 = PLANE ( 'NONE',  #1719 ) ;
#3003 = ORIENTED_EDGE ( 'NONE', *, *, #6275, .T. ) ;
#3004 =( NAMED_UNIT ( * ) PLANE_ANGLE_UNIT ( ) SI_UNIT ( $, .RADIAN. ) );
#3005 = VECTOR ( 'NONE', #2755, 1000.000000000000000 ) ;
#3006 = DIRECTION ( 'NONE',  ( 0.000000000000000000, 1.000000000000000000, 0.000000000000000000 ) ) ;
#3007 = UNCERTAINTY_MEASURE_WITH_UNIT (LENGTH_MEASURE( 1.000000000000000082E-05 ), #898, 'distance_accuracy_value', 'NONE');
#3008 =( GEOMETRIC_REPRESENTATION_CONTEXT ( 3 ) GLOBAL_UNCERTAINTY_ASSIGNED_CONTEXT ( ( #3007 ) ) GLOBAL_UNIT_ASSIGNED_CONTEXT ( ( #898, #6084, #2993 ) ) REPRESENTATION_CONTEXT ( 'NONE', 'WORKASPACE' ) );
#3009 = CARTESIAN_POINT ( 'NONE',  ( -1.333149181004108508, 0.2711812019366882098, 0.6999999999999996225 ) ) ;
#3010 = SURFACE_STYLE_USAGE ( .BOTH. , #879 ) ;
#3011 = EDGE_CURVE ( 'NONE', #483, #5710, #2694, .T. ) ;
#3012 = CARTESIAN_POINT ( 'NONE',  ( -1.264102564102564052, 0.3855769230769230949, 0.6999999999999998446 ) ) ;
#3013 = CARTESIAN_POINT ( 'NONE',  ( -0.5997924525162439124, 0.3429020956793767394, 0.8000000000000000444 ) ) ;
#3014 = FILL_AREA_STYLE ('',( #3034 ) ) ;
#3015 = CARTESIAN_POINT ( 'NONE',  ( -2.390000000000000568, 3.049999999999999822, -0.09999999999999993616 ) ) ;
#3016 = PRESENTATION_LAYER_ASSIGNMENT (  '', '', ( #2669 ) ) ;
#3017 =( LENGTH_UNIT ( ) NAMED_UNIT ( * ) SI_UNIT ( .MILLI., .METRE. ) );
#3018 = MECHANICAL_DESIGN_GEOMETRIC_PRESENTATION_REPRESENTATION (  '', ( #3724 ), #4067 ) ;
#3019 = VERTEX_POINT ( 'NONE', #854 ) ;
#3020 = CARTESIAN_POINT ( 'NONE',  ( -0.4963061586800907032, 0.03088751775256767806, 0.6999999999999998446 ) ) ;
#3021 = CARTESIAN_POINT ( 'NONE',  ( 2.689999999999999503, 3.050000000000000266, -0.09999999999999993616 ) ) ;
#3022 = CARTESIAN_POINT ( 'NONE',  ( -1.535897435897435992, 0.1282051282051282215, 0.8000000000000000444 ) ) ;
#3023 = B_SPLINE_SURFACE_WITH_KNOTS ( 'NONE', 3, 1, ( 
 ( #497, #6095 ),
 ( #432, #5674 ),
 ( #994, #2048 ),
 ( #3556, #4068 ),
 ( #1440, #957 ),
 ( #2029, #5095 ),
 ( #6180, #4104 ),
 ( #1532, #4609 ),
 ( #4628, #5607 ),
 ( #2475, #1507 ),
 ( #415, #4082 ),
 ( #6694, #6674 ),
 ( #1980, #4048 ),
 ( #11, #4579 ),
 ( #3090, #6165 ),
 ( #4027, #1965 ),
 ( #930, #2535 ),
 ( #5156, #3020 ),
 ( #905, #2516 ) ),
 .UNSPECIFIED., .F., .F., .F.,
 ( 4, 1, 1, 1, 1, 1, 1, 1, 1, 1, 1, 1, 1, 1, 1, 1, 4 ),
 ( 2, 2 ),
 ( 0.000000000000000000, 0.06432321657984212127, 0.1262901037035559504, 0.1867264692161328676, 0.2461464323353446393, 0.3055756426461386788, 0.3654293856180519939, 0.4263263089482600687, 0.4888399064006413997, 0.5517249718140475601, 0.6139185964661593164, 0.6754837657683966379, 0.7373338970992860952, 0.8002290443945266896, 0.8645022981233231318, 0.9310407391556975165, 1.000000000000000000 ),
 ( 0.000000000000000000, 1.000000000000000000 ),
 .UNSPECIFIED. ) ;
#3024 = EDGE_CURVE ( 'NONE', #2631, #1102, #5386, .T. ) ;
#3025 = SURFACE_STYLE_USAGE ( .BOTH. , #5164 ) ;
#3026 =( GEOMETRIC_REPRESENTATION_CONTEXT ( 3 ) GLOBAL_UNCERTAINTY_ASSIGNED_CONTEXT ( ( #6617 ) ) GLOBAL_UNIT_ASSIGNED_CONTEXT ( ( #6603, #352, #5540 ) ) REPRESENTATION_CONTEXT ( 'NONE', 'WORKASPACE' ) );
#3027 = CARTESIAN_POINT ( 'NONE',  ( 0.1500000000000002998, -2.849999999999999645, -0.09999999999999996392 ) ) ;
#3028 = PLANE ( 'NONE',  #5100 ) ;
#3029 = EDGE_LOOP ( 'NONE', ( #539, #301, #2502, #6311 ) ) ;
#3030 = DIRECTION ( 'NONE',  ( 0.000000000000000000, 0.000000000000000000, -1.000000000000000000 ) ) ;
#3031 = DIRECTION ( 'NONE',  ( 1.164243943608595441E-16, -1.000000000000000000, 0.000000000000000000 ) ) ;
#3032 = ORIENTED_EDGE ( 'NONE', *, *, #4333, .T. ) ;
#3033 = DIRECTION ( 'NONE',  ( 0.000000000000000000, -0.000000000000000000, 1.000000000000000000 ) ) ;
#3034 = FILL_AREA_STYLE_COLOUR ( '', #3529 ) ;
#3035 = ORIENTED_EDGE ( 'NONE', *, *, #1880, .F. ) ;
#3036 =( LENGTH_UNIT ( ) NAMED_UNIT ( * ) SI_UNIT ( .MILLI., .METRE. ) );
#3037 = LINE ( 'NONE', #802, #4743 ) ;
#3038 = DIRECTION ( 'NONE',  ( 1.164243943608595441E-16, -1.000000000000000000, 0.000000000000000000 ) ) ;
#3039 = EDGE_CURVE ( 'NONE', #5239, #1197, #1974, .T. ) ;
#3040 = CARTESIAN_POINT ( 'NONE',  ( -1.535897435897435992, 0.1282051282051282215, 0.8000000000000000444 ) ) ;
#3041 = LINE ( 'NONE', #825, #2228 ) ;
#3042 = VERTEX_POINT ( 'NONE', #3027 ) ;
#3043 = LINE ( 'NONE', #1766, #6195 ) ;
#3044 = ORIENTED_EDGE ( 'NONE', *, *, #4118, .T. ) ;
#3045 = APPLICATION_PROTOCOL_DEFINITION ( 'draft international standard', 'automotive_design', 1998, #4549 ) ;
#3046 = PLANE ( 'NONE',  #6504 ) ;
#3047 = COLOUR_RGB ( '',0.1803921568627450955, 0.1803921568627450955, 0.1803921568627450955 ) ;
#3048 = ADVANCED_FACE ( 'NONE', ( #3105 ), #5612, .F. ) ;
#3049 = DIRECTION ( 'NONE',  ( 0.4285960263555439465, -0.9034962347415942396, 0.000000000000000000 ) ) ;
#3050 = COLOUR_RGB ( '',0.1803921568627450955, 0.1803921568627450955, 0.1803921568627450955 ) ;
#3051 = ORIENTED_EDGE ( 'NONE', *, *, #5801, .F. ) ;
#3052 = LINE ( 'NONE', #4899, #468 ) ;
#3053 = ORIENTED_EDGE ( 'NONE', *, *, #1899, .T. ) ;
#3054 = COLOUR_RGB ( '',0.7960784313725489669, 0.8235294117647058432, 0.9372549019607843146 ) ;
#3055 = ORIENTED_EDGE ( 'NONE', *, *, #1789, .F. ) ;
#3056 =( LENGTH_UNIT ( ) NAMED_UNIT ( * ) SI_UNIT ( .MILLI., .METRE. ) );
#3057 = COLOUR_RGB ( '',0.7960784313725489669, 0.8235294117647058432, 0.9372549019607843146 ) ;
#3058 = PRESENTATION_LAYER_ASSIGNMENT (  '', '', ( #5953 ) ) ;
#3059 = EDGE_LOOP ( 'NONE', ( #4096, #3306, #4521, #4588 ) ) ;
#3060 = LINE ( 'NONE', #6268, #3955 ) ;
#3061 = VERTEX_POINT ( 'NONE', #6637 ) ;
#3062 = VECTOR ( 'NONE', #509, 1000.000000000000000 ) ;
#3063 = AXIS2_PLACEMENT_3D ( 'NONE', #4568, #4062, #6135 ) ;
#3064 = DIRECTION ( 'NONE',  ( 1.000000000000000000, 0.000000000000000000, -0.000000000000000000 ) ) ;
#3065 = DIRECTION ( 'NONE',  ( 0.9034962347415942396, 0.4285960263555440020, -0.000000000000000000 ) ) ;
#3066 = VERTEX_POINT ( 'NONE', #1968 ) ;
#3067 = CIRCLE ( 'NONE', #1937, 0.2000000000000000944 ) ;
#3068 = SURFACE_SIDE_STYLE ('',( #3312 ) ) ;
#3069 = CARTESIAN_POINT ( 'NONE',  ( -3.024999999999999467, 3.725000000000000089, 0.6999999999999999556 ) ) ;
#3070 = FILL_AREA_STYLE_COLOUR ( '', #1864 ) ;
#3071 = AXIS2_PLACEMENT_3D ( 'NONE', #203, #184, #1706 ) ;
#3072 =( NAMED_UNIT ( * ) SI_UNIT ( $, .STERADIAN. ) SOLID_ANGLE_UNIT ( ) );
#3073 = SURFACE_STYLE_USAGE ( .BOTH. , #1662 ) ;
#3074 = VERTEX_POINT ( 'NONE', #1933 ) ;
#3075 = FILL_AREA_STYLE_COLOUR ( '', #3876 ) ;
#3076 = DIRECTION ( 'NONE',  ( -1.164243943608595688E-16, 1.000000000000000000, 3.614007241618349264E-16 ) ) ;
#3077 = CARTESIAN_POINT ( 'NONE',  ( -1.384533966690088436, 0.2006448497321173807, 0.6999999999999999556 ) ) ;
#3078 = CARTESIAN_POINT ( 'NONE',  ( -0.3483535551907714356, 0.3504892620477516596, 0.6999999999999998446 ) ) ;
#3079 = ORIENTED_EDGE ( 'NONE', *, *, #440, .T. ) ;
#3080 = LINE ( 'NONE', #504, #5035 ) ;
#3081 = ORIENTED_EDGE ( 'NONE', *, *, #3257, .F. ) ;
#3082 = ADVANCED_FACE ( 'NONE', ( #1248 ), #3926, .T. ) ;
#3083 = CARTESIAN_POINT ( 'NONE',  ( -0.6241969141583996183, 0.3249672673014806779, 0.8000000000000001554 ) ) ;
#3084 = EDGE_CURVE ( 'NONE', #2703, #1573, #837, .T. ) ;
#3085 = FILL_AREA_STYLE ('',( #3642 ) ) ;
#3086 = DIRECTION ( 'NONE',  ( 1.000000000000000000, 0.000000000000000000, 0.000000000000000000 ) ) ;
#3087 = CARTESIAN_POINT ( 'NONE',  ( -0.05128205128205128721, 0.4000000000000000222, 0.8000000000000000444 ) ) ;
#3088 = UNCERTAINTY_MEASURE_WITH_UNIT (LENGTH_MEASURE( 1.000000000000000082E-05 ), #6602, 'distance_accuracy_value', 'NONE');
#3089 = EDGE_CURVE ( 'NONE', #5069, #3578, #2056, .T. ) ;
#3090 = CARTESIAN_POINT ( 'NONE',  ( -0.4482083075310652753, 0.03726923113702642482, 0.8000000000000002665 ) ) ;
#3091 = CARTESIAN_POINT ( 'NONE',  ( -0.6743952929366635596, 0.07037628315015613534, 0.7000000000000001776 ) ) ;
#3092 = AXIS2_PLACEMENT_3D ( 'NONE', #2100, #4708, #2610 ) ;
#3093 =( GEOMETRIC_REPRESENTATION_CONTEXT ( 3 ) GLOBAL_UNCERTAINTY_ASSIGNED_CONTEXT ( ( #2678 ) ) GLOBAL_UNIT_ASSIGNED_CONTEXT ( ( #1012, #2581, #3101 ) ) REPRESENTATION_CONTEXT ( 'NONE', 'WORKASPACE' ) );
#3094 =( LENGTH_UNIT ( ) NAMED_UNIT ( * ) SI_UNIT ( .MILLI., .METRE. ) );
#3095 = CARTESIAN_POINT ( 'NONE',  ( -0.5435282792554941844, 0.03456031093075295074, 0.8000000000000001554 ) ) ;
#3096 = CARTESIAN_POINT ( 'NONE',  ( -1.325350379919869370, 0.3484990014790579904, 0.7999999999999999334 ) ) ;
#3097 = EDGE_CURVE ( 'NONE', #3189, #2578, #6261, .T. ) ;
#3098 = DIRECTION ( 'NONE',  ( -0.000000000000000000, -0.000000000000000000, -1.000000000000000000 ) ) ;
#3099 =( NAMED_UNIT ( * ) PLANE_ANGLE_UNIT ( ) SI_UNIT ( $, .RADIAN. ) );
#3100 = LINE ( 'NONE', #1761, #1724 ) ;
#3101 =( NAMED_UNIT ( * ) SI_UNIT ( $, .STERADIAN. ) SOLID_ANGLE_UNIT ( ) );
#3102 = DIRECTION ( 'NONE',  ( 1.000000000000000000, 0.000000000000000000, 0.000000000000000000 ) ) ;
#3103 = AXIS2_PLACEMENT_3D ( 'NONE', #3718, #608, #2170 ) ;
#3104 = CARTESIAN_POINT ( 'NONE',  ( -0.6339793967944827857, 0.03049079305533804879, 0.6999999999999999556 ) ) ;
#3105 = FACE_OUTER_BOUND ( 'NONE', #1816, .T. ) ;
#3106 = FILL_AREA_STYLE_COLOUR ( '', #5317 ) ;
#3107 = ADVANCED_FACE ( 'NONE', ( #6680 ), #2597, .T. ) ;
#3108 = CARTESIAN_POINT ( 'NONE',  ( -0.6025170169367060069, 0.01149426276160554934, 0.6999999999999998446 ) ) ;
#3109 = ORIENTED_EDGE ( 'NONE', *, *, #3316, .F. ) ;
#3110 = LINE ( 'NONE', #3342, #2621 ) ;
#3111 = CARTESIAN_POINT ( 'NONE',  ( -0.1499999999999996336, -3.050000000000000266, -0.2999999999999999334 ) ) ;
#3112 = CARTESIAN_POINT ( 'NONE',  ( -0.3258001701310614950, 0.07456384417196772196, 0.6999999999999999556 ) ) ;
#3113 = CARTESIAN_POINT ( 'NONE',  ( -1.277881527712995791, 0.3803263859655178769, 0.7999999999999999334 ) ) ;
#3114 = CARTESIAN_POINT ( 'NONE',  ( -0.5024038461538462563, 0.4102564102564102977, 0.7000000000000003997 ) ) ;
#3115 = ORIENTED_EDGE ( 'NONE', *, *, #4041, .F. ) ;
#3116 = B_SPLINE_SURFACE_WITH_KNOTS ( 'NONE', 3, 1, ( 
 ( #3121, #1560 ),
 ( #3146, #6318 ),
 ( #41, #5282 ),
 ( #2180, #64 ),
 ( #3681, #6249 ),
 ( #576, #5729 ),
 ( #3751, #3665 ),
 ( #1076, #555 ),
 ( #1055, #1583 ),
 ( #4179, #1609 ),
 ( #5235, #2128 ),
 ( #2645, #1229 ),
 ( #715, #2710 ),
 ( #5376, #736 ),
 ( #6337, #3282 ),
 ( #669, #5490 ),
 ( #4869, #3433 ),
 ( #2369, #1154 ),
 ( #5299, #5885 ),
 ( #3241, #4277 ),
 ( #1206, #1178 ),
 ( #6000, #3770 ),
 ( #6391, #179 ),
 ( #835, #6522 ),
 ( #1721, #4433 ),
 ( #201, #339 ),
 ( #5332, #3825 ) ),
 .UNSPECIFIED., .F., .F., .F.,
 ( 4, 1, 1, 1, 1, 1, 1, 1, 1, 1, 1, 1, 1, 1, 1, 1, 1, 1, 1, 1, 1, 1, 1, 1, 4 ),
 ( 2, 2 ),
 ( 0.000000000000000000, 0.04608068338724800178, 0.09080679960761624259, 0.1342952705290696991, 0.1770243856662441773, 0.2188227336826556457, 0.2602441163273735980, 0.3010798671134451432, 0.3416138942851569271, 0.3815834185517459898, 0.4201195913296165152, 0.4580746185423134609, 0.4947384876076563742, 0.5311946228937135528, 0.5669336984503784427, 0.6027126507379957365, 0.6383266061284351700, 0.6748532488548240060, 0.7134673707840597512, 0.7544418038483806654, 0.7978153607124988111, 0.8439894562081102780, 0.8930715698796480861, 0.9449633461781439259, 1.000000000000000000 ),
 ( 0.000000000000000000, 1.000000000000000000 ),
 .UNSPECIFIED. ) ;
#3117 = ORIENTED_EDGE ( 'NONE', *, *, #6502, .T. ) ;
#3118 = COLOUR_RGB ( '',0.1803921568627450955, 0.1803921568627450955, 0.1803921568627450955 ) ;
#3119 = CIRCLE ( 'NONE', #6665, 0.2000000000000000944 ) ;
#3120 = ORIENTED_EDGE ( 'NONE', *, *, #1491, .F. ) ;
#3121 = CARTESIAN_POINT ( 'NONE',  ( -1.384615384615384803, 0.1949519230769231060, 0.8000000000000000444 ) ) ;
#3122 = CARTESIAN_POINT ( 'NONE',  ( -0.2871794871794872139, 0.2023237179487179793, 0.8000000000000000444 ) ) ;
#3123 = VECTOR ( 'NONE', #3800, 1000.000000000000000 ) ;
#3124 = DIRECTION ( 'NONE',  ( -0.000000000000000000, -0.000000000000000000, -1.000000000000000000 ) ) ;
#3125 = B_SPLINE_CURVE_WITH_KNOTS ( 'NONE', 3,
 ( #2319, #275, #2796, #2779, #6409, #6471, #4313, #1222, #3902, #3308, #791, #4356, #4387, #210, #3838, #1240, #4882, #6424, #3335, #3856, #1260, #4894, #1788, #2825, #5478, #5031, #6586 ),
 .UNSPECIFIED., .F., .F.,
 ( 4, 1, 1, 1, 1, 1, 1, 1, 1, 1, 1, 1, 1, 1, 1, 1, 1, 1, 1, 1, 1, 1, 1, 1, 4 ),
 ( 0.000000000000000000, 0.04395490890619430102, 0.08750187479760462850, 0.1304626267314902832, 0.1727520205665172559, 0.2154030673796033246, 0.2576498297432394669, 0.3001527489572938245, 0.3431214895020865963, 0.3859251632064335524, 0.4276857274028016409, 0.4688179504865898073, 0.5094918001549957332, 0.5498830310733487936, 0.5899800229668862306, 0.6304052300068399006, 0.6708686260826384196, 0.7113839438381757141, 0.7516272580635842138, 0.7917755768651915105, 0.8324589188037424536, 0.8733190450172881869, 0.9145429556263491300, 0.9569235582098846171, 1.000000000000000000 ),
 .UNSPECIFIED. ) ;
#3126 = STYLED_ITEM ( 'NONE', ( #4111 ), #5829 ) ;
#3127 =( NAMED_UNIT ( * ) PLANE_ANGLE_UNIT ( ) SI_UNIT ( $, .RADIAN. ) );
#3128 = ORIENTED_EDGE ( 'NONE', *, *, #2605, .T. ) ;
#3129 = VECTOR ( 'NONE', #5373, 1000.000000000000000 ) ;
#3130 = SURFACE_STYLE_FILL_AREA ( #3667 ) ;
#3131 = CARTESIAN_POINT ( 'NONE',  ( -1.630769230769230971, 0.4000000000000000222, 0.6999999999999999556 ) ) ;
#3132 = ORIENTED_EDGE ( 'NONE', *, *, #4619, .F. ) ;
#3133 = PLANE ( 'NONE',  #895 ) ;
#3134 = FACE_OUTER_BOUND ( 'NONE', #2879, .T. ) ;
#3135 = EDGE_CURVE ( 'NONE', #3330, #1993, #4898, .T. ) ;
#3136 = COLOUR_RGB ( '',0.1803921568627450955, 0.1803921568627450955, 0.1803921568627450955 ) ;
#3137 = ORIENTED_EDGE ( 'NONE', *, *, #5663, .T. ) ;
#3138 = DIRECTION ( 'NONE',  ( 1.000000000000000000, 1.164243943608595441E-16, -0.000000000000000000 ) ) ;
#3139 = CARTESIAN_POINT ( 'NONE',  ( -1.314744571188083411, 0.3579577841626070955, 0.8000000000000000444 ) ) ;
#3140 = CARTESIAN_POINT ( 'NONE',  ( -0.5069997858048641559, 0.4102013087488826093, 0.7000000000000003997 ) ) ;
#3141 = PRODUCT_DEFINITION ( '未知', '', #1936, #3409 ) ;
#3142 = ADVANCED_FACE ( 'NONE', ( #5065 ), #655, .T. ) ;
#3143 =( LENGTH_UNIT ( ) NAMED_UNIT ( * ) SI_UNIT ( .MILLI., .METRE. ) );
#3144 = ORIENTED_EDGE ( 'NONE', *, *, #4747, .T. ) ;
#3145 = ORIENTED_EDGE ( 'NONE', *, *, #1549, .T. ) ;
#3146 = CARTESIAN_POINT ( 'NONE',  ( -1.384543502617771260, 0.1900077815355854238, 0.8000000000000000444 ) ) ;
#3147 = CARTESIAN_POINT ( 'NONE',  ( 0.1500000000000004385, -3.850000000000000089, -0.2999999999999998224 ) ) ;
#3148 = ORIENTED_EDGE ( 'NONE', *, *, #3676, .T. ) ;
#3149 = CARTESIAN_POINT ( 'NONE',  ( -1.365390195101121362, 0.1007603269633943477, 0.7000000000000000666 ) ) ;
#3150 = CARTESIAN_POINT ( 'NONE',  ( -0.1500000000000004385, 3.850000000000000089, 1.626303258728256651E-16 ) ) ;
#3151 = COLOUR_RGB ( '',0.1803921568627450955, 0.1803921568627450955, 0.1803921568627450955 ) ;
#3152 = DIRECTION ( 'NONE',  ( 0.000000000000000000, -0.000000000000000000, 1.000000000000000000 ) ) ;
#3153 = VERTEX_POINT ( 'NONE', #422 ) ;
#3154 = EDGE_CURVE ( 'NONE', #2060, #4052, #1322, .T. ) ;
#3155 = STYLED_ITEM ( 'NONE', ( #2574 ), #4845 ) ;
#3156 = ORIENTED_EDGE ( 'NONE', *, *, #1342, .T. ) ;
#3157 = COLOUR_RGB ( '',0.1803921568627450955, 0.1803921568627450955, 0.1803921568627450955 ) ;
#3158 = SURFACE_SIDE_STYLE ('',( #6099 ) ) ;
#3159 = CARTESIAN_POINT ( 'NONE',  ( -0.3799241160028677400, 0.02276318310317203275, 0.7000000000000011768 ) ) ;
#3160 = DIRECTION ( 'NONE',  ( 1.000000000000000000, 1.164243943608595688E-16, 0.000000000000000000 ) ) ;
#3161 = VECTOR ( 'NONE', #6072, 999.9999999999998863 ) ;
#3162 = EDGE_CURVE ( 'NONE', #2739, #2073, #3524, .T. ) ;
#3163 = CARTESIAN_POINT ( 'NONE',  ( 2.389999999999999680, 3.050000000000000266, -0.2999999999999999334 ) ) ;
#3164 = AXIS2_PLACEMENT_3D ( 'NONE', #1475, #5619, #2086 ) ;
#3165 = DIRECTION ( 'NONE',  ( 0.000000000000000000, -1.000000000000000000, 0.000000000000000000 ) ) ;
#3166 = SURFACE_SIDE_STYLE ('',( #149 ) ) ;
#3167 = B_SPLINE_CURVE_WITH_KNOTS ( 'NONE', 3,
 ( #4293, #5873, #4824, #5344, #2236, #3855, #5853, #3881, #6407, #4312, #3305, #4880, #1220, #5369, #4857, #5388, #6423, #4355, #1259 ),
 .UNSPECIFIED., .F., .F.,
 ( 4, 1, 1, 1, 1, 1, 1, 1, 1, 1, 1, 1, 1, 1, 1, 1, 4 ),
 ( 0.000000000000000000, 0.06455784592971902658, 0.1270135315497587514, 0.1879548102020905109, 0.2480139127896341666, 0.3077476818488372179, 0.3682345146974851935, 0.4294698439426693493, 0.4927434367465849951, 0.5562577687060831222, 0.6182167855431436321, 0.6796554755875547915, 0.7412455456206293869, 0.8034152647056966856, 0.8668154615439920274, 0.9323283119492650206, 0.9999999999999998890 ),
 .UNSPECIFIED. ) ;
#3168 = EDGE_CURVE ( 'NONE', #2480, #4322, #1728, .T. ) ;
#3169 = CARTESIAN_POINT ( 'NONE',  ( -0.5552901447472550212, -0.004934061932441139060, 0.6999999999999997335 ) ) ;
#3170 = FILL_AREA_STYLE_COLOUR ( '', #3047 ) ;
#3171 = ADVANCED_FACE ( 'NONE', ( #1161 ), #2778, .T. ) ;
#3172 = DIRECTION ( 'NONE',  ( 0.000000000000000000, 1.000000000000000000, 0.000000000000000000 ) ) ;
#3173 = MECHANICAL_DESIGN_GEOMETRIC_PRESENTATION_REPRESENTATION (  '', ( #2794 ), #3539 ) ;
#3174 = AXIS2_PLACEMENT_3D ( 'NONE', #5542, #298, #2385 ) ;
#3175 = PLANE ( 'NONE',  #2622 ) ;
#3176 = ORIENTED_EDGE ( 'NONE', *, *, #1821, .T. ) ;
#3177 = ORIENTED_EDGE ( 'NONE', *, *, #5037, .F. ) ;
#3178 = SURFACE_SIDE_STYLE ('',( #5013 ) ) ;
#3179 = CARTESIAN_POINT ( 'NONE',  ( -0.7948717948717949344, 0.04102564102564103254, 0.6999999999999999556 ) ) ;
#3180 = CARTESIAN_POINT ( 'NONE',  ( -0.4198692913468239363, 0.003003801063799598804, 0.7999999999999997113 ) ) ;
#3181 = EDGE_CURVE ( 'NONE', #838, #5239, #763, .T. ) ;
#3182 =( NAMED_UNIT ( * ) SI_UNIT ( $, .STERADIAN. ) SOLID_ANGLE_UNIT ( ) );
#3183 = CYLINDRICAL_SURFACE ( 'NONE', #5329, 0.2999999999999999334 ) ;
#3184 = DIRECTION ( 'NONE',  ( 0.000000000000000000, 1.000000000000000000, 0.000000000000000000 ) ) ;
#3185 = CARTESIAN_POINT ( 'NONE',  ( -1.221045050600807036, 0.04491113933348862830, 0.7000000000000000666 ) ) ;
#3186 = ORIENTED_EDGE ( 'NONE', *, *, #4079, .T. ) ;
#3187 = DIRECTION ( 'NONE',  ( -0.000000000000000000, -0.000000000000000000, -1.000000000000000000 ) ) ;
#3188 = VECTOR ( 'NONE', #1811, 1000.000000000000000 ) ;
#3189 = VERTEX_POINT ( 'NONE', #5274 ) ;
#3190 = CARTESIAN_POINT ( 'NONE',  ( -0.6455128205128205510, 0.09743589743589745056, 0.8000000000000000444 ) ) ;
#3191 = AXIS2_PLACEMENT_3D ( 'NONE', #3996, #5062, #403 ) ;
#3192 = CARTESIAN_POINT ( 'NONE',  ( -0.08717948717948718895, 0.04102564102564103254, 0.8000000000000000444 ) ) ;
#3193 = PRESENTATION_LAYER_ASSIGNMENT (  '', '', ( #434 ) ) ;
#3194 = VECTOR ( 'NONE', #1636, 1000.000000000000000 ) ;
#3195 = ORIENTED_EDGE ( 'NONE', *, *, #266, .T. ) ;
#3196 =( NAMED_UNIT ( * ) SI_UNIT ( $, .STERADIAN. ) SOLID_ANGLE_UNIT ( ) );
#3197 = DIRECTION ( 'NONE',  ( 1.164243943608595441E-16, -1.000000000000000000, 0.000000000000000000 ) ) ;
#3198 = CARTESIAN_POINT ( 'NONE',  ( -0.1500000000000002998, 2.849999999999999645, -0.09999999999999996392 ) ) ;
#3199 = EDGE_LOOP ( 'NONE', ( #143, #4906, #2912, #1353 ) ) ;
#3200 = PRESENTATION_STYLE_ASSIGNMENT (( #3250 ) ) ;
#3201 = ORIENTED_EDGE ( 'NONE', *, *, #4262, .F. ) ;
#3202 = DIRECTION ( 'NONE',  ( 0.000000000000000000, 1.000000000000000000, 0.000000000000000000 ) ) ;
#3203 = CARTESIAN_POINT ( 'NONE',  ( -0.5628237953273550476, 0.03977835868332680463, 0.8000000000000000444 ) ) ;
#3204 = CARTESIAN_POINT ( 'NONE',  ( 3.325000000000002398, 1.343175853018396149, 0.2999999999999999889 ) ) ;
#3205 = DIRECTION ( 'NONE',  ( 0.000000000000000000, 0.000000000000000000, 1.000000000000000000 ) ) ;
#3206 = EDGE_CURVE ( 'NONE', #1952, #3061, #3447, .T. ) ;
#3207 = FACE_OUTER_BOUND ( 'NONE', #4431, .T. ) ;
#3208 = ORIENTED_EDGE ( 'NONE', *, *, #2144, .F. ) ;
#3209 = ORIENTED_EDGE ( 'NONE', *, *, #2751, .F. ) ;
#3210 = ADVANCED_FACE ( 'NONE', ( #3771 ), #3183, .T. ) ;
#3211 = ORIENTED_EDGE ( 'NONE', *, *, #3168, .T. ) ;
#3212 = PLANE ( 'NONE',  #4081 ) ;
#3213 = LINE ( 'NONE', #1134, #5805 ) ;
#3214 = CARTESIAN_POINT ( 'NONE',  ( -1.192426703893319395, 0.04236900299097510342, 0.7000000000000000666 ) ) ;
#3215 = DIRECTION ( 'NONE',  ( -1.000000000000000000, 0.000000000000000000, 0.000000000000000000 ) ) ;
#3216 = ORIENTED_EDGE ( 'NONE', *, *, #719, .F. ) ;
#3217 = PRESENTATION_STYLE_ASSIGNMENT (( #4718 ) ) ;
#3218 = ORIENTED_EDGE ( 'NONE', *, *, #6293, .T. ) ;
#3219 = CARTESIAN_POINT ( 'NONE',  ( -0.4900755459955360993, -0.01016726164021984624, 0.7000000000000000666 ) ) ;
#3220 = VECTOR ( 'NONE', #5518, 1000.000000000000000 ) ;
#3221 = MECHANICAL_DESIGN_GEOMETRIC_PRESENTATION_REPRESENTATION (  '', ( #5451 ), #3920 ) ;
#3222 = CARTESIAN_POINT ( 'NONE',  ( -0.5163923040456379621, -0.01010351029279037138, 0.6999999999999996225 ) ) ;
#3223 = MECHANICAL_DESIGN_GEOMETRIC_PRESENTATION_REPRESENTATION (  '', ( #5404 ), #3583 ) ;
#3224 = VERTEX_POINT ( 'NONE', #5808 ) ;
#3225 = CIRCLE ( 'NONE', #757, 0.2999999999999999889 ) ;
#3226 = CARTESIAN_POINT ( 'NONE',  ( -2.354330708661414917, -2.731627296587916032, 2.900000000000000355 ) ) ;
#3227 = EDGE_CURVE ( 'NONE', #277, #1783, #5769, .T. ) ;
#3228 = SPHERICAL_SURFACE ( 'NONE', #1868, 0.2999999999999999889 ) ;
#3229 = CARTESIAN_POINT ( 'NONE',  ( -1.475080128205128238, 0.000000000000000000, 0.8000000000000000444 ) ) ;
#3230 = SURFACE_STYLE_USAGE ( .BOTH. , #3178 ) ;
#3231 = DIRECTION ( 'NONE',  ( -1.000000000000000000, -1.164243943608595441E-16, 0.000000000000000000 ) ) ;
#3232 = CARTESIAN_POINT ( 'NONE',  ( -0.3991803724333711223, 0.01173764898175506943, 0.7000000000000010658 ) ) ;
#3233 = CARTESIAN_POINT ( 'NONE',  ( -0.3298532269254325633, 0.1487890516493685644, 0.8000000000000001554 ) ) ;
#3234 = VERTEX_POINT ( 'NONE', #3252 ) ;
#3235 = ORIENTED_EDGE ( 'NONE', *, *, #2684, .F. ) ;
#3236 = CARTESIAN_POINT ( 'NONE',  ( -0.4961507364856381219, 0.3691846020867876055, 0.8000000000000000444 ) ) ;
#3237 = STYLED_ITEM ( 'NONE', ( #6196 ), #1060 ) ;
#3238 =( GEOMETRIC_REPRESENTATION_CONTEXT ( 3 ) GLOBAL_UNCERTAINTY_ASSIGNED_CONTEXT ( ( #4711 ) ) GLOBAL_UNIT_ASSIGNED_CONTEXT ( ( #3304, #3854, #3835 ) ) REPRESENTATION_CONTEXT ( 'NONE', 'WORKASPACE' ) );
#3239 = CARTESIAN_POINT ( 'NONE',  ( -1.625641025641025861, 0.4000000000000000222, 0.8000000000000000444 ) ) ;
#3240 = ORIENTED_EDGE ( 'NONE', *, *, #3572, .T. ) ;
#3241 = CARTESIAN_POINT ( 'NONE',  ( -1.271206977842831432, 0.01193611755297174781, 0.8000000000000000444 ) ) ;
#3242 = VECTOR ( 'NONE', #5066, 1000.000000000000000 ) ;
#3243 = CARTESIAN_POINT ( 'NONE',  ( -0.4205164571915385174, 0.3519042926924290660, 0.8000000000000000444 ) ) ;
#3244 = VERTEX_POINT ( 'NONE', #3761 ) ;
#3245 = DIRECTION ( 'NONE',  ( 0.000000000000000000, 0.000000000000000000, -1.000000000000000000 ) ) ;
#3246 = CARTESIAN_POINT ( 'NONE',  ( -0.5163923040456379621, -0.01010351029279037138, 0.7999999999999998224 ) ) ;
#3247 = ADVANCED_FACE ( 'NONE', ( #364 ), #4077, .F. ) ;
#3248 = CARTESIAN_POINT ( 'NONE',  ( -0.5912326040453197429, 0.006360863101664558303, 0.6999999999999997335 ) ) ;
#3249 = AXIS2_PLACEMENT_3D ( 'NONE', #2172, #5345, #1094 ) ;
#3250 = SURFACE_STYLE_USAGE ( .BOTH. , #5678 ) ;
#3251 = CARTESIAN_POINT ( 'NONE',  ( -3.024999999999998579, 1.343175853018395705, 0.6999999999999999556 ) ) ;
#3252 = CARTESIAN_POINT ( 'NONE',  ( -2.665091198481232659, -2.731627296587916032, 3.000000000000000000 ) ) ;
#3253 = CARTESIAN_POINT ( 'NONE',  ( 2.390000000000000568, -3.350000000000000089, 0.2000000000000003997 ) ) ;
#3254 = VECTOR ( 'NONE', #4371, 1000.000000000000000 ) ;
#3255 = CARTESIAN_POINT ( 'NONE',  ( -1.175754772868079501, 0.04158706727631122924, 0.6999999999999999556 ) ) ;
#3256 = CARTESIAN_POINT ( 'NONE',  ( -0.4205164571915385174, 0.3519042926924290660, 0.7000000000000007327 ) ) ;
#3257 = EDGE_CURVE ( 'NONE', #5353, #5397, #5466, .T. ) ;
#3258 = CARTESIAN_POINT ( 'NONE',  ( -1.327587281659164953, 0.2821531869507271639, 0.7000000000000001776 ) ) ;
#3259 = PRESENTATION_LAYER_ASSIGNMENT (  '', '', ( #6030 ) ) ;
#3260 = CARTESIAN_POINT ( 'NONE',  ( -1.335408425261079168, 0.3383210488360887114, 0.8000000000000002665 ) ) ;
#3261 = CARTESIAN_POINT ( 'NONE',  ( -0.3318133135958852287, 0.2556119375331149524, 0.8000000000000000444 ) ) ;
#3262 = DIRECTION ( 'NONE',  ( 1.164243943608595195E-16, -1.000000000000000000, -1.355252715606880789E-16 ) ) ;
#3263 = SURFACE_SIDE_STYLE ('',( #6388 ) ) ;
#3264 = FACE_OUTER_BOUND ( 'NONE', #6376, .T. ) ;
#3265 = SURFACE_STYLE_USAGE ( .BOTH. , #3807 ) ;
#3266 = CARTESIAN_POINT ( 'NONE',  ( -0.08717948717948718895, 0.04102564102564103254, 0.8000000000000000444 ) ) ;
#3267 = PRESENTATION_LAYER_ASSIGNMENT (  '', '', ( #6085 ) ) ;
#3268 = LINE ( 'NONE', #3163, #297 ) ;
#3269 = CARTESIAN_POINT ( 'NONE',  ( -2.689999999999999503, -2.850000000000000089, -0.09999999999999996392 ) ) ;
#3270 = SURFACE_STYLE_USAGE ( .BOTH. , #233 ) ;
#3271 =( NAMED_UNIT ( * ) SI_UNIT ( $, .STERADIAN. ) SOLID_ANGLE_UNIT ( ) );
#3272 = COLOUR_RGB ( '',0.7960784313725489669, 0.8235294117647058432, 0.9372549019607843146 ) ;
#3273 = PRESENTATION_LAYER_ASSIGNMENT (  '', '', ( #1765 ) ) ;
#3274 = DIRECTION ( 'NONE',  ( -0.000000000000000000, -1.000000000000000000, -0.000000000000000000 ) ) ;
#3275 = VERTEX_POINT ( 'NONE', #2697 ) ;
#3276 = ADVANCED_FACE ( 'NONE', ( #3264 ), #6282, .T. ) ;
#3277 = LINE ( 'NONE', #1380, #6026 ) ;
#3278 = CARTESIAN_POINT ( 'NONE',  ( -0.3654633114342003553, 0.3122115818495883044, 0.7000000000000009548 ) ) ;
#3279 = DIRECTION ( 'NONE',  ( 1.000000000000000000, 1.164243943608595441E-16, 0.000000000000000000 ) ) ;
#3280 = CYLINDRICAL_SURFACE ( 'NONE', #6140, 0.2000000000000000944 ) ;
#3281 = ORIENTED_EDGE ( 'NONE', *, *, #319, .F. ) ;
#3282 = CARTESIAN_POINT ( 'NONE',  ( -1.321946417784788830, 0.04137223683696550358, 0.7000000000000006217 ) ) ;
#3283 = VECTOR ( 'NONE', #1907, 1000.000000000000000 ) ;
#3284 = PLANE ( 'NONE',  #4613 ) ;
#3285 = EDGE_CURVE ( 'NONE', #3746, #5772, #2052, .T. ) ;
#3286 =( GEOMETRIC_REPRESENTATION_CONTEXT ( 3 ) GLOBAL_UNCERTAINTY_ASSIGNED_CONTEXT ( ( #6271 ) ) GLOBAL_UNIT_ASSIGNED_CONTEXT ( ( #882, #338, #2951 ) ) REPRESENTATION_CONTEXT ( 'NONE', 'WORKASPACE' ) );
#3287 = DIRECTION ( 'NONE',  ( 1.000000000000000000, 1.164243943608595441E-16, -0.000000000000000000 ) ) ;
#3288 = MECHANICAL_DESIGN_GEOMETRIC_PRESENTATION_REPRESENTATION (  '', ( #4678 ), #3992 ) ;
#3289 = COLOUR_RGB ( '',0.7960784313725489669, 0.8235294117647058432, 0.9372549019607843146 ) ;
#3290 = DIRECTION ( 'NONE',  ( 0.000000000000000000, 1.000000000000000000, 0.000000000000000000 ) ) ;
#3291 = VERTEX_POINT ( 'NONE', #6258 ) ;
#3292 = SURFACE_STYLE_FILL_AREA ( #20 ) ;
#3293 = SURFACE_STYLE_FILL_AREA ( #1881 ) ;
#3294 = FILL_AREA_STYLE ('',( #3779 ) ) ;
#3295 = EDGE_LOOP ( 'NONE', ( #3240, #3128, #1031 ) ) ;
#3296 = DIRECTION ( 'NONE',  ( 1.000000000000000000, 1.164243943608595441E-16, -0.000000000000000000 ) ) ;
#3297 = FACE_OUTER_BOUND ( 'NONE', #212, .T. ) ;
#3298 = UNCERTAINTY_MEASURE_WITH_UNIT (LENGTH_MEASURE( 1.000000000000000082E-05 ), #6123, 'distance_accuracy_value', 'NONE');
#3299 = CARTESIAN_POINT ( 'NONE',  ( -1.092307692307692424, 0.3589743589743589758, 0.6999999999999999556 ) ) ;
#3300 = LINE ( 'NONE', #5599, #3714 ) ;
#3301 = ORIENTED_EDGE ( 'NONE', *, *, #2469, .F. ) ;
#3302 = CIRCLE ( 'NONE', #2351, 0.2999999999999999889 ) ;
#3303 = LINE ( 'NONE', #2046, #5887 ) ;
#3304 =( LENGTH_UNIT ( ) NAMED_UNIT ( * ) SI_UNIT ( .MILLI., .METRE. ) );
#3305 = CARTESIAN_POINT ( 'NONE',  ( -0.3640755363678860879, 0.3644937594902960543, 0.7999999999999998224 ) ) ;
#3306 = ORIENTED_EDGE ( 'NONE', *, *, #2811, .F. ) ;
#3307 = COLOUR_RGB ( '',0.7960784313725489669, 0.8235294117647058432, 0.9372549019607843146 ) ;
#3308 = CARTESIAN_POINT ( 'NONE',  ( -0.4100458013956266301, 0.3466804915544969279, 0.6999999999999998446 ) ) ;
#3309 = EDGE_CURVE ( 'NONE', #6403, #2925, #4795, .T. ) ;
#3310 = DIRECTION ( 'NONE',  ( -0.000000000000000000, -0.000000000000000000, -1.000000000000000000 ) ) ;
#3311 = ORIENTED_EDGE ( 'NONE', *, *, #5610, .T. ) ;
#3312 = SURFACE_STYLE_FILL_AREA ( #3644 ) ;
#3313 = DIRECTION ( 'NONE',  ( 1.000000000000000000, 0.000000000000000000, 0.000000000000000000 ) ) ;
#3314 = SURFACE_STYLE_USAGE ( .BOTH. , #4276 ) ;
#3315 = LINE ( 'NONE', #4040, #3564 ) ;
#3316 = EDGE_CURVE ( 'NONE', #2169, #247, #2690, .T. ) ;
#3317 = CARTESIAN_POINT ( 'NONE',  ( -1.380356026931788493, 0.2443668519247708393, 0.7999999999999998224 ) ) ;
#3318 = CARTESIAN_POINT ( 'NONE',  ( 2.690000000000000391, -3.050000000000000266, -0.09999999999999993616 ) ) ;
#3319 = CARTESIAN_POINT ( 'NONE',  ( -1.334348848843054602, 0.1230620937260164804, 0.7000000000000001776 ) ) ;
#3320 = ORIENTED_EDGE ( 'NONE', *, *, #6425, .T. ) ;
#3321 = CARTESIAN_POINT ( 'NONE',  ( -1.323151187878236712, 0.1031502503760153705, 0.7999999999999999334 ) ) ;
#3322 = MECHANICAL_DESIGN_GEOMETRIC_PRESENTATION_REPRESENTATION (  '', ( #2394 ), #205 ) ;
#3323 = DIRECTION ( 'NONE',  ( 0.000000000000000000, -1.000000000000000000, 0.000000000000000000 ) ) ;
#3324 = VERTEX_POINT ( 'NONE', #5900 ) ;
#3325 = DIRECTION ( 'NONE',  ( -6.018531076210113136E-32, 5.421010862427523156E-16, 1.000000000000000000 ) ) ;
#3326 =( NAMED_UNIT ( * ) SI_UNIT ( $, .STERADIAN. ) SOLID_ANGLE_UNIT ( ) );
#3327 = EDGE_CURVE ( 'NONE', #2274, #4192, #2213, .T. ) ;
#3328 = VERTEX_POINT ( 'NONE', #4879 ) ;
#3329 = CARTESIAN_POINT ( 'NONE',  ( -0.1500000000000002998, 2.850000000000000089, 0.6999999999999999556 ) ) ;
#3330 = VERTEX_POINT ( 'NONE', #726 ) ;
#3331 = LINE ( 'NONE', #2848, #1039 ) ;
#3332 = CARTESIAN_POINT ( 'NONE',  ( -0.5295544314856857060, 0.4090286817650846118, 0.6999999999999998446 ) ) ;
#3333 = CARTESIAN_POINT ( 'NONE',  ( -0.5024038461538462563, 0.4102564102564102977, 0.7000000000000000666 ) ) ;
#3334 = ORIENTED_EDGE ( 'NONE', *, *, #5440, .F. ) ;
#3335 = CARTESIAN_POINT ( 'NONE',  ( -0.3403315994926306987, 0.2759752716439228259, 0.6999999999999998446 ) ) ;
#3336 = CARTESIAN_POINT ( 'NONE',  ( -1.435897435897435903, 0.000000000000000000, 0.8000000000000000444 ) ) ;
#3337 = ORIENTED_EDGE ( 'NONE', *, *, #194, .F. ) ;
#3338 = COLOUR_RGB ( '',0.1803921568627450955, 0.1803921568627450955, 0.1803921568627450955 ) ;
#3339 = CARTESIAN_POINT ( 'NONE',  ( -0.3905218861073250780, 0.3343444005116584239, 0.7999999999999999334 ) ) ;
#3340 = PRESENTATION_LAYER_ASSIGNMENT (  '', '', ( #6675 ) ) ;
#3341 =( GEOMETRIC_REPRESENTATION_CONTEXT ( 3 ) GLOBAL_UNCERTAINTY_ASSIGNED_CONTEXT ( ( #5005 ) ) GLOBAL_UNIT_ASSIGNED_CONTEXT ( ( #2699, #4295, #2730 ) ) REPRESENTATION_CONTEXT ( 'NONE', 'WORKASPACE' ) );
#3342 = CARTESIAN_POINT ( 'NONE',  ( 2.390000000000000568, -3.050000000000000266, -0.3000000000000002109 ) ) ;
#3343 = CARTESIAN_POINT ( 'NONE',  ( -1.233011193444533582, 0.04652541393320326624, 0.8000000000000000444 ) ) ;
#3344 = DIRECTION ( 'NONE',  ( -0.000000000000000000, -0.000000000000000000, -1.000000000000000000 ) ) ;
#3345 = CARTESIAN_POINT ( 'NONE',  ( -1.348500291220261049, 0.1818923248583181884, 0.8000000000000001554 ) ) ;
#3346 = DIRECTION ( 'NONE',  ( -1.000000000000000000, 0.000000000000000000, 0.000000000000000000 ) ) ;
#3347 = DIRECTION ( 'NONE',  ( -1.000000000000000000, -1.164243943608595688E-16, -0.000000000000000000 ) ) ;
#3348 = CARTESIAN_POINT ( 'NONE',  ( -0.9846153846153847811, 0.000000000000000000, 0.8000000000000000444 ) ) ;
#3349 = EDGE_CURVE ( 'NONE', #657, #936, #6678, .T. ) ;
#3350 = CARTESIAN_POINT ( 'NONE',  ( -2.689999999999999503, -3.850000000000000533, 1.626303258728256651E-16 ) ) ;
#3351 = CARTESIAN_POINT ( 'NONE',  ( -0.6531046655396223199, 0.3539187162516532204, 0.7000000000000002887 ) ) ;
#3352 = DIRECTION ( 'NONE',  ( 0.000000000000000000, 0.000000000000000000, -1.000000000000000000 ) ) ;
#3353 = CARTESIAN_POINT ( 'NONE',  ( -1.127324177634531965, 0.3589536750514458752, 0.7000000000000000666 ) ) ;
#3354 = CARTESIAN_POINT ( 'NONE',  ( -2.690000000000000391, 3.849999999999999645, 1.626303258728256651E-16 ) ) ;
#3355 = ORIENTED_EDGE ( 'NONE', *, *, #2523, .F. ) ;
#3356 = CARTESIAN_POINT ( 'NONE',  ( -0.4900755459955360993, -0.01016726164021984624, 0.8000000000000001554 ) ) ;
#3357 = CARTESIAN_POINT ( 'NONE',  ( -1.338424514854325675, 0.05826300145765993255, 0.6999999999999998446 ) ) ;
#3358 = PRESENTATION_LAYER_ASSIGNMENT (  '', '', ( #4792 ) ) ;
#3359 = FILL_AREA_STYLE_COLOUR ( '', #787 ) ;
#3360 = CARTESIAN_POINT ( 'NONE',  ( -1.273817026617285242, 0.05966404795450654802, 0.6999999999999997335 ) ) ;
#3361 = ORIENTED_EDGE ( 'NONE', *, *, #1446, .F. ) ;
#3362 = EDGE_CURVE ( 'NONE', #1850, #2165, #1559, .T. ) ;
#3363 = CARTESIAN_POINT ( 'NONE',  ( -1.323151187878236712, 0.1031502503760153705, 0.7999999999999999334 ) ) ;
#3364 = VECTOR ( 'NONE', #2429, 1000.000000000000000 ) ;
#3365 = CARTESIAN_POINT ( 'NONE',  ( -1.717227564102564275, 0.1282051282051282215, 0.6999999999999999556 ) ) ;
#3366 = VECTOR ( 'NONE', #6336, 1000.000000000000000 ) ;
#3367 = ORIENTED_EDGE ( 'NONE', *, *, #1801, .F. ) ;
#3368 = DIRECTION ( 'NONE',  ( -1.000000000000000000, -1.164243943608595441E-16, 0.000000000000000000 ) ) ;
#3369 = VECTOR ( 'NONE', #1316, 1000.000000000000000 ) ;
#3370 = CARTESIAN_POINT ( 'NONE',  ( -1.127324177634531965, 0.3589536750514458752, 0.8000000000000001554 ) ) ;
#3371 = ORIENTED_EDGE ( 'NONE', *, *, #1126, .F. ) ;
#3372 = FACE_OUTER_BOUND ( 'NONE', #4910, .T. ) ;
#3373 = CARTESIAN_POINT ( 'NONE',  ( -0.5160969854957013769, 0.4100922408638996708, 0.7000000000000000666 ) ) ;
#3374 = CARTESIAN_POINT ( 'NONE',  ( -0.1500000000000004385, 3.850000000000000089, 1.626303258728256651E-16 ) ) ;
#3375 = CARTESIAN_POINT ( 'NONE',  ( -1.776362179487179782, 0.000000000000000000, 0.8000000000000000444 ) ) ;
#3376 = AXIS2_PLACEMENT_3D ( 'NONE', #5538, #2434, #1529 ) ;
#3377 = PRESENTATION_LAYER_ASSIGNMENT (  '', '', ( #3595 ) ) ;
#3378 = CARTESIAN_POINT ( 'NONE',  ( -2.389999999999999680, -2.850000000000000533, 0.6999999999999999556 ) ) ;
#3379 = ORIENTED_EDGE ( 'NONE', *, *, #2676, .T. ) ;
#3380 = CIRCLE ( 'NONE', #5143, 0.2999999999999999334 ) ;
#3381 = ORIENTED_EDGE ( 'NONE', *, *, #1126, .T. ) ;
#3382 = FACE_BOUND ( 'NONE', #1870, .T. ) ;
#3383 = DIRECTION ( 'NONE',  ( -0.000000000000000000, -0.000000000000000000, -1.000000000000000000 ) ) ;
#3384 = CARTESIAN_POINT ( 'NONE',  ( -0.9846153846153847811, 0.04102564102564103254, 0.8000000000000000444 ) ) ;
#3385 = PLANE ( 'NONE',  #581 ) ;
#3386 = VERTEX_POINT ( 'NONE', #4385 ) ;
#3387 = DIRECTION ( 'NONE',  ( 0.6077508431907272524, 0.7941277684358859501, -0.000000000000000000 ) ) ;
#3388 = VERTEX_POINT ( 'NONE', #2235 ) ;
#3389 = EDGE_CURVE ( 'NONE', #4985, #3882, #2529, .T. ) ;
#3390 = DIRECTION ( 'NONE',  ( -0.000000000000000000, -0.000000000000000000, -1.000000000000000000 ) ) ;
#3391 = VECTOR ( 'NONE', #32, 1000.000000000000000 ) ;
#3392 = CIRCLE ( 'NONE', #617, 0.2000000000000000944 ) ;
#3393 = CARTESIAN_POINT ( 'NONE',  ( -1.316445552679278874, 0.09412074619740362635, 0.8000000000000002665 ) ) ;
#3394 = CARTESIAN_POINT ( 'NONE',  ( -0.1500000000000003275, 3.050000000000000266, -0.09999999999999993616 ) ) ;
#3395 = ORIENTED_EDGE ( 'NONE', *, *, #3790, .T. ) ;
#3396 = PRESENTATION_STYLE_ASSIGNMENT (( #5467 ) ) ;
#3397 = CARTESIAN_POINT ( 'NONE',  ( -3.324999999999999289, 3.425000000000000266, 0.6999999999999999556 ) ) ;
#3398 = ORIENTED_EDGE ( 'NONE', *, *, #2376, .T. ) ;
#3399 =( NAMED_UNIT ( * ) SI_UNIT ( $, .STERADIAN. ) SOLID_ANGLE_UNIT ( ) );
#3400 = CARTESIAN_POINT ( 'NONE',  ( -1.292658972896590486, 0.07125768723823845685, 0.8000000000000001554 ) ) ;
#3401 = CARTESIAN_POINT ( 'NONE',  ( -0.6311924197341232112, 0.08171543529932032146, 0.8000000000000001554 ) ) ;
#3402 = ORIENTED_EDGE ( 'NONE', *, *, #2957, .T. ) ;
#3403 = MANIFOLD_SOLID_BREP ( '切除-拉伸4', #2833 ) ;
#3404 = EDGE_CURVE ( 'NONE', #6686, #615, #3441, .T. ) ;
#3405 = CARTESIAN_POINT ( 'NONE',  ( -0.7948717948717949344, 0.2358974358974359198, 0.8000000000000000444 ) ) ;
#3406 = AXIS2_PLACEMENT_3D ( 'NONE', #3111, #3626, #5186 ) ;
#3407 = CARTESIAN_POINT ( 'NONE',  ( 2.690000000000000391, -3.050000000000000266, -0.3000000000000002109 ) ) ;
#3408 = SURFACE_STYLE_USAGE ( .BOTH. , #1834 ) ;
#3409 = PRODUCT_DEFINITION_CONTEXT ( 'detailed design', #2985, 'design' ) ;
#3410 = CARTESIAN_POINT ( 'NONE',  ( -0.3231230197849257468, 0.2035287710378473336, 0.8000000000000000444 ) ) ;
#3411 = ORIENTED_EDGE ( 'NONE', *, *, #1773, .T. ) ;
#3412 = DIRECTION ( 'NONE',  ( -0.000000000000000000, 0.000000000000000000, 1.000000000000000000 ) ) ;
#3413 = ORIENTED_EDGE ( 'NONE', *, *, #6059, .T. ) ;
#3414 = CARTESIAN_POINT ( 'NONE',  ( -1.338903309596359392, 0.1337371577511493881, 0.7000000000000002887 ) ) ;
#3415 = STYLED_ITEM ( 'NONE', ( #547 ), #600 ) ;
#3416 = DIRECTION ( 'NONE',  ( 0.000000000000000000, 1.000000000000000000, 0.000000000000000000 ) ) ;
#3417 = LINE ( 'NONE', #5602, #2193 ) ;
#3418 = CARTESIAN_POINT ( 'NONE',  ( -0.7948717948717949344, 0.1948717948717949011, 0.6999999999999999556 ) ) ;
#3419 = CARTESIAN_POINT ( 'NONE',  ( -3.324999999999999289, 3.425000000000000266, 2.700000000000000178 ) ) ;
#3420 = AXIS2_PLACEMENT_3D ( 'NONE', #2493, #6202, #1494 ) ;
#3421 = CARTESIAN_POINT ( 'NONE',  ( -2.389999999999999680, -3.850000000000000533, 1.626303258728256651E-16 ) ) ;
#3422 = DIRECTION ( 'NONE',  ( 0.000000000000000000, 0.000000000000000000, 1.000000000000000000 ) ) ;
#3423 = SURFACE_SIDE_STYLE ('',( #3659 ) ) ;
#3424 = EDGE_LOOP ( 'NONE', ( #6531, #716, #1216, #1495 ) ) ;
#3425 = SURFACE_SIDE_STYLE ('',( #3293 ) ) ;
#3426 = CARTESIAN_POINT ( 'NONE',  ( -0.3244131509957871029, 0.2228251130048951589, 0.7000000000000006217 ) ) ;
#3427 = MECHANICAL_DESIGN_GEOMETRIC_PRESENTATION_REPRESENTATION (  '', ( #6675 ), #183 ) ;
#3428 = SURFACE_STYLE_FILL_AREA ( #5267 ) ;
#3429 =( GEOMETRIC_REPRESENTATION_CONTEXT ( 3 ) GLOBAL_UNCERTAINTY_ASSIGNED_CONTEXT ( ( #5992 ) ) GLOBAL_UNIT_ASSIGNED_CONTEXT ( ( #2978, #6669, #3575 ) ) REPRESENTATION_CONTEXT ( 'NONE', 'WORKASPACE' ) );
#3430 = CARTESIAN_POINT ( 'NONE',  ( -1.312995065719942955, 0.03400172079729321672, 0.6999999999999997335 ) ) ;
#3431 = CARTESIAN_POINT ( 'NONE',  ( -1.258517700359157221, 0.008296504367708101499, 0.7999999999999998224 ) ) ;
#3432 = CARTESIAN_POINT ( 'NONE',  ( -1.329152136910612958, 0.1128290841634935482, 0.8000000000000001554 ) ) ;
#3433 = CARTESIAN_POINT ( 'NONE',  ( -1.303527288488641300, 0.02746954310037300409, 0.7000000000000005107 ) ) ;
#3434 = SURFACE_SIDE_STYLE ('',( #6302 ) ) ;
#3435 = CARTESIAN_POINT ( 'NONE',  ( -0.1500000000000003553, 3.149999999999999911, 0.2000000000000003997 ) ) ;
#3436 = ORIENTED_EDGE ( 'NONE', *, *, #2479, .F. ) ;
#3437 = CARTESIAN_POINT ( 'NONE',  ( 3.025000000000002132, -1.043175853018394994, 0.000000000000000000 ) ) ;
#3438 = CARTESIAN_POINT ( 'NONE',  ( -1.335408425261079168, 0.3383210488360887114, 0.7000000000000001776 ) ) ;
#3439 = EDGE_CURVE ( 'NONE', #6362, #6270, #3703, .T. ) ;
#3440 = CARTESIAN_POINT ( 'NONE',  ( -0.5217463307230768566, 0.3686850997999704393, 0.8000000000000000444 ) ) ;
#3441 = LINE ( 'NONE', #703, #5380 ) ;
#3442 = CARTESIAN_POINT ( 'NONE',  ( 3.325000000000002398, 1.343175853018396149, 0.7000000000000002887 ) ) ;
#3443 = CARTESIAN_POINT ( 'NONE',  ( -0.5628237953273550476, 0.03977835868332680463, 0.8000000000000000444 ) ) ;
#3444 = CARTESIAN_POINT ( 'NONE',  ( -0.5217463307230768566, 0.3686850997999704393, 0.6999999999999999556 ) ) ;
#3445 = DIRECTION ( 'NONE',  ( 0.000000000000000000, -0.000000000000000000, -1.000000000000000000 ) ) ;
#3446 = EDGE_CURVE ( 'NONE', #1748, #4761, #3765, .T. ) ;
#3447 = CIRCLE ( 'NONE', #354, 0.2000000000000000944 ) ;
#3448 = CARTESIAN_POINT ( 'NONE',  ( 2.689999999999999059, 3.149999999999999911, 0.6999999999999999556 ) ) ;
#3449 = CARTESIAN_POINT ( 'NONE',  ( -1.243349358974359165, 0.3477564102564102977, 0.6999999999999999556 ) ) ;
#3450 = CARTESIAN_POINT ( 'NONE',  ( -0.05128205128205128721, 0.4000000000000000222, 0.8000000000000000444 ) ) ;
#3451 = VECTOR ( 'NONE', #1823, 1000.000000000000000 ) ;
#3452 = ORIENTED_EDGE ( 'NONE', *, *, #4340, .T. ) ;
#3453 = STYLED_ITEM ( 'NONE', ( #1278 ), #5954 ) ;
#3454 = CARTESIAN_POINT ( 'NONE',  ( -0.3244131509957871029, 0.2228251130048951589, 0.7999999999999999334 ) ) ;
#3455 = CARTESIAN_POINT ( 'NONE',  ( -0.3340166903126438047, 0.3351732904708904504, 0.6999999999999999556 ) ) ;
#3456 = PRESENTATION_STYLE_ASSIGNMENT (( #4608 ) ) ;
#3457 = EDGE_CURVE ( 'NONE', #625, #2344, #3100, .T. ) ;
#3458 = CARTESIAN_POINT ( 'NONE',  ( -0.6769230769230770717, 0.3266025641025641635, 0.8000000000000000444 ) ) ;
#3459 =( NAMED_UNIT ( * ) SI_UNIT ( $, .STERADIAN. ) SOLID_ANGLE_UNIT ( ) );
#3460 = VERTEX_POINT ( 'NONE', #4413 ) ;
#3461 = SURFACE_STYLE_USAGE ( .BOTH. , #1369 ) ;
#3462 = LINE ( 'NONE', #1631, #618 ) ;
#3463 = CARTESIAN_POINT ( 'NONE',  ( -1.138221153846153966, 0.04102564102564103254, 0.8000000000000000444 ) ) ;
#3464 = CARTESIAN_POINT ( 'NONE',  ( -0.6432721475578256909, 0.3052344991162319054, 0.6999999999999997335 ) ) ;
#3465 = SURFACE_STYLE_FILL_AREA ( #2698 ) ;
#3466 = EDGE_LOOP ( 'NONE', ( #3664, #1415, #2374, #5721, #5586, #1768, #2809, #570 ) ) ;
#3467 = LINE ( 'NONE', #3378, #5162 ) ;
#3468 = ORIENTED_EDGE ( 'NONE', *, *, #2811, .T. ) ;
#3469 = CARTESIAN_POINT ( 'NONE',  ( -0.5435282792554941844, 0.03456031093075295074, 0.8000000000000001554 ) ) ;
#3470 = CARTESIAN_POINT ( 'NONE',  ( -0.5427190276927575940, 0.3653455368646211787, 0.6999999999999999556 ) ) ;
#3471 = VECTOR ( 'NONE', #5825, 1000.000000000000000 ) ;
#3472 = PRESENTATION_LAYER_ASSIGNMENT (  '', '', ( #6494 ) ) ;
#3473 = LINE ( 'NONE', #2389, #2080 ) ;
#3474 = AXIS2_PLACEMENT_3D ( 'NONE', #2863, #296, #6533 ) ;
#3475 = CARTESIAN_POINT ( 'NONE',  ( -1.630769230769230971, 0.4000000000000000222, 0.8000000000000000444 ) ) ;
#3476 = CIRCLE ( 'NONE', #2744, 0.2000000000000000944 ) ;
#3477 = ORIENTED_EDGE ( 'NONE', *, *, #5818, .F. ) ;
#3478 = VERTEX_POINT ( 'NONE', #3442 ) ;
#3479 = DIRECTION ( 'NONE',  ( 1.000000000000000000, 1.164243943608595688E-16, -0.000000000000000000 ) ) ;
#3480 = DIRECTION ( 'NONE',  ( 1.577844766204413196E-32, -1.355252715606880789E-16, 1.000000000000000000 ) ) ;
#3481 = SURFACE_STYLE_FILL_AREA ( #4789 ) ;
#3482 = VECTOR ( 'NONE', #1514, 1000.000000000000000 ) ;
#3483 = CARTESIAN_POINT ( 'NONE',  ( -1.212157295467698237, 0.3965395433087104959, 0.6999999999999996225 ) ) ;
#3484 = EDGE_LOOP ( 'NONE', ( #3355, #2, #4232, #2399 ) ) ;
#3485 = CARTESIAN_POINT ( 'NONE',  ( -0.08717948717948718895, 0.4000000000000000222, 0.8000000000000000444 ) ) ;
#3486 = DIRECTION ( 'NONE',  ( 0.000000000000000000, -0.000000000000000000, 1.000000000000000000 ) ) ;
#3487 = SURFACE_STYLE_FILL_AREA ( #2974 ) ;
#3488 = CARTESIAN_POINT ( 'NONE',  ( -0.5074275702026971313, -0.01020498638635794833, 0.8000000000000000444 ) ) ;
#3489 = CARTESIAN_POINT ( 'NONE',  ( -0.5074380336228493382, 0.3690467959667322329, 0.6999999999999999556 ) ) ;
#3490 = VERTEX_POINT ( 'NONE', #4972 ) ;
#3491 = LINE ( 'NONE', #2437, #5904 ) ;
#3492 = CARTESIAN_POINT ( 'NONE',  ( -0.5812595195035172857, 0.04708097837694762838, 0.7999999999999999334 ) ) ;
#3493 = VERTEX_POINT ( 'NONE', #1219 ) ;
#3494 = DIRECTION ( 'NONE',  ( 0.9036123719369737461, 0.4283511191562786036, -0.000000000000000000 ) ) ;
#3495 = DIRECTION ( 'NONE',  ( 1.000000000000000000, 1.164243943608595441E-16, 0.000000000000000000 ) ) ;
#3496 = ORIENTED_EDGE ( 'NONE', *, *, #5533, .T. ) ;
#3497 =( GEOMETRIC_REPRESENTATION_CONTEXT ( 3 ) GLOBAL_UNCERTAINTY_ASSIGNED_CONTEXT ( ( #405 ) ) GLOBAL_UNIT_ASSIGNED_CONTEXT ( ( #5222, #4266, #633 ) ) REPRESENTATION_CONTEXT ( 'NONE', 'WORKASPACE' ) );
#3498 = VECTOR ( 'NONE', #2894, 1000.000000000000000 ) ;
#3499 = EDGE_LOOP ( 'NONE', ( #2892, #1252, #2421, #1450, #5740, #2104 ) ) ;
#3500 = B_SPLINE_CURVE_WITH_KNOTS ( 'NONE', 3,
 ( #806, #3914, #6535, #3469, #3443, #3492, #6025, #6584, #3401, #324, #3932 ),
 .UNSPECIFIED., .F., .F.,
 ( 4, 1, 1, 1, 1, 1, 1, 1, 4 ),
 ( 0.000000000000000000, 0.1285151895116620202, 0.2529486363526580739, 0.3747547340060052301, 0.4959397538670500261, 0.6171806414298928178, 0.7409094692781375002, 0.8678111481862031962, 1.000000000000000000 ),
 .UNSPECIFIED. ) ;
#3501 = CARTESIAN_POINT ( 'NONE',  ( -1.347095553820074842, 0.2223850067035061939, 0.6999999999999997335 ) ) ;
#3502 = CARTESIAN_POINT ( 'NONE',  ( -0.5426564117077689042, 0.4072556981962708877, 0.8000000000000003775 ) ) ;
#3503 = EDGE_CURVE ( 'NONE', #2823, #1043, #4468, .T. ) ;
#3504 = ORIENTED_EDGE ( 'NONE', *, *, #993, .T. ) ;
#3505 = CARTESIAN_POINT ( 'NONE',  ( -1.157776830439176230, 0.3998517013800071962, 0.8000000000000000444 ) ) ;
#3506 = FACE_OUTER_BOUND ( 'NONE', #950, .T. ) ;
#3507 = CARTESIAN_POINT ( 'NONE',  ( -3.024999999999998579, -1.343175853018395705, 0.000000000000000000 ) ) ;
#3508 = CARTESIAN_POINT ( 'NONE',  ( 1.214511168995398135E-16, -1.043175853018395882, 0.000000000000000000 ) ) ;
#3509 = DIRECTION ( 'NONE',  ( 0.000000000000000000, 1.000000000000000000, 0.000000000000000000 ) ) ;
#3510 = FACE_OUTER_BOUND ( 'NONE', #6630, .T. ) ;
#3511 = CARTESIAN_POINT ( 'NONE',  ( -2.389999999999999680, -3.850000000000000533, -0.2999999999999998224 ) ) ;
#3512 = MECHANICAL_DESIGN_GEOMETRIC_PRESENTATION_REPRESENTATION (  '', ( #2019 ), #1544 ) ;
#3513 = CARTESIAN_POINT ( 'NONE',  ( -0.5997924525162439124, 0.3429020956793767394, 0.6999999999999999556 ) ) ;
#3514 =( NAMED_UNIT ( * ) PLANE_ANGLE_UNIT ( ) SI_UNIT ( $, .RADIAN. ) );
#3515 = UNCERTAINTY_MEASURE_WITH_UNIT (LENGTH_MEASURE( 1.000000000000000082E-05 ), #4602, 'distance_accuracy_value', 'NONE');
#3516 = EDGE_CURVE ( 'NONE', #4322, #3042, #5058, .T. ) ;
#3517 = PRESENTATION_LAYER_ASSIGNMENT (  '', '', ( #3155 ) ) ;
#3518 = CARTESIAN_POINT ( 'NONE',  ( -1.338017140061957821, 0.2597732579142618126, 0.8000000000000001554 ) ) ;
#3519 = PLANE ( 'NONE',  #4740 ) ;
#3520 = ORIENTED_EDGE ( 'NONE', *, *, #3404, .F. ) ;
#3521 = CARTESIAN_POINT ( 'NONE',  ( -1.384543502617771260, 0.1900077815355854238, 0.8000000000000000444 ) ) ;
#3522 = CARTESIAN_POINT ( 'NONE',  ( -1.625641025641025861, 0.4000000000000000222, 0.6999999999999999556 ) ) ;
#3523 = FILL_AREA_STYLE_COLOUR ( '', #1115 ) ;
#3524 = LINE ( 'NONE', #4652, #4822 ) ;
#3525 = EDGE_CURVE ( 'NONE', #1464, #2525, #2449, .T. ) ;
#3526 = VECTOR ( 'NONE', #3554, 1000.000000000000000 ) ;
#3527 = CARTESIAN_POINT ( 'NONE',  ( -1.180368589743589824, 0.000000000000000000, 0.8000000000000000444 ) ) ;
#3528 = ORIENTED_EDGE ( 'NONE', *, *, #5359, .F. ) ;
#3529 = COLOUR_RGB ( '',0.7960784313725489669, 0.8235294117647058432, 0.9372549019607843146 ) ;
#3530 = AXIS2_PLACEMENT_3D ( 'NONE', #5823, #4793, #156 ) ;
#3531 = CARTESIAN_POINT ( 'NONE',  ( -2.689999999999999503, -3.350000000000000533, 3.794707603699265519E-16 ) ) ;
#3532 = CARTESIAN_POINT ( 'NONE',  ( -1.266850768795168225, 0.3388967709914514903, 0.8000000000000001554 ) ) ;
#3533 = LINE ( 'NONE', #4310, #3451 ) ;
#3534 = ORIENTED_EDGE ( 'NONE', *, *, #2826, .T. ) ;
#3535 = EDGE_CURVE ( 'NONE', #1843, #2027, #6591, .T. ) ;
#3536 = VECTOR ( 'NONE', #4890, 1000.000000000000000 ) ;
#3537 = ORIENTED_EDGE ( 'NONE', *, *, #3285, .T. ) ;
#3538 = DIRECTION ( 'NONE',  ( -0.000000000000000000, -0.000000000000000000, -1.000000000000000000 ) ) ;
#3539 =( GEOMETRIC_REPRESENTATION_CONTEXT ( 3 ) GLOBAL_UNCERTAINTY_ASSIGNED_CONTEXT ( ( #2881 ) ) GLOBAL_UNIT_ASSIGNED_CONTEXT ( ( #2451, #3579, #1964 ) ) REPRESENTATION_CONTEXT ( 'NONE', 'WORKASPACE' ) );
#3540 = ORIENTED_EDGE ( 'NONE', *, *, #1315, .F. ) ;
#3541 = PRESENTATION_LAYER_ASSIGNMENT (  '', '', ( #78 ) ) ;
#3542 = COLOUR_RGB ( '',0.1803921568627450955, 0.1803921568627450955, 0.1803921568627450955 ) ;
#3543 =( NAMED_UNIT ( * ) SI_UNIT ( $, .STERADIAN. ) SOLID_ANGLE_UNIT ( ) );
#3544 = EDGE_LOOP ( 'NONE', ( #164, #732, #4858, #4575 ) ) ;
#3545 = EDGE_CURVE ( 'NONE', #2013, #4926, #1594, .T. ) ;
#3546 = DIRECTION ( 'NONE',  ( -1.000000000000000000, -1.164243943608595441E-16, 0.000000000000000000 ) ) ;
#3547 = VERTEX_POINT ( 'NONE', #4953 ) ;
#3548 = LINE ( 'NONE', #3995, #2000 ) ;
#3549 = DIRECTION ( 'NONE',  ( 1.164243943608595441E-16, -1.000000000000000000, 0.000000000000000000 ) ) ;
#3550 = ORIENTED_EDGE ( 'NONE', *, *, #3966, .T. ) ;
#3551 = ORIENTED_EDGE ( 'NONE', *, *, #4057, .F. ) ;
#3552 = CARTESIAN_POINT ( 'NONE',  ( 2.389999999999999680, 3.350000000000000089, 3.523657060577889411E-16 ) ) ;
#3553 = VECTOR ( 'NONE', #522, 1000.000000000000000 ) ;
#3554 = DIRECTION ( 'NONE',  ( -0.000000000000000000, -0.000000000000000000, -1.000000000000000000 ) ) ;
#3555 = LINE ( 'NONE', #332, #6129 ) ;
#3556 = CARTESIAN_POINT ( 'NONE',  ( -0.3260240736353015589, 0.1650771286528283088, 0.8000000000000001554 ) ) ;
#3557 = ORIENTED_EDGE ( 'NONE', *, *, #1632, .F. ) ;
#3558 = SURFACE_STYLE_FILL_AREA ( #5981 ) ;
#3559 = DIRECTION ( 'NONE',  ( -0.000000000000000000, -0.000000000000000000, -1.000000000000000000 ) ) ;
#3560 = AXIS2_PLACEMENT_3D ( 'NONE', #6014, #1400, #1940 ) ;
#3561 = SURFACE_SIDE_STYLE ('',( #6218 ) ) ;
#3562 =( GEOMETRIC_REPRESENTATION_CONTEXT ( 3 ) GLOBAL_UNCERTAINTY_ASSIGNED_CONTEXT ( ( #2583 ) ) GLOBAL_UNIT_ASSIGNED_CONTEXT ( ( #1891, #1314, #2914 ) ) REPRESENTATION_CONTEXT ( 'NONE', 'WORKASPACE' ) );
#3563 = CARTESIAN_POINT ( 'NONE',  ( -0.1500000000000004385, 3.850000000000000089, -0.2999999999999998224 ) ) ;
#3564 = VECTOR ( 'NONE', #2491, 1000.000000000000000 ) ;
#3565 = ORIENTED_EDGE ( 'NONE', *, *, #5770, .F. ) ;
#3566 = DIRECTION ( 'NONE',  ( 0.000000000000000000, -0.000000000000000000, 1.000000000000000000 ) ) ;
#3567 = CARTESIAN_POINT ( 'NONE',  ( -1.627804487179487447, 0.3220352564102564319, 0.6999999999999999556 ) ) ;
#3568 = CARTESIAN_POINT ( 'NONE',  ( -1.384615384615384803, 0.1949519230769231060, 0.6999999999999999556 ) ) ;
#3569 = CARTESIAN_POINT ( 'NONE',  ( -0.5554119525116941736, 0.4048424330747723010, 0.7999999999999997113 ) ) ;
#3570 = ADVANCED_FACE ( 'NONE', ( #4417 ), #6116, .T. ) ;
#3571 = EDGE_LOOP ( 'NONE', ( #6474, #4916, #4992, #56 ) ) ;
#3572 = EDGE_CURVE ( 'NONE', #1919, #4590, #471, .T. ) ;
#3573 = ORIENTED_EDGE ( 'NONE', *, *, #3587, .F. ) ;
#3574 = FACE_OUTER_BOUND ( 'NONE', #5816, .T. ) ;
#3575 =( NAMED_UNIT ( * ) SI_UNIT ( $, .STERADIAN. ) SOLID_ANGLE_UNIT ( ) );
#3576 = VERTEX_POINT ( 'NONE', #6490 ) ;
#3577 = DIRECTION ( 'NONE',  ( 0.000000000000000000, 1.000000000000000000, 0.000000000000000000 ) ) ;
#3578 = VERTEX_POINT ( 'NONE', #6656 ) ;
#3579 =( NAMED_UNIT ( * ) PLANE_ANGLE_UNIT ( ) SI_UNIT ( $, .RADIAN. ) );
#3580 = SURFACE_STYLE_USAGE ( .BOTH. , #5071 ) ;
#3581 = DIRECTION ( 'NONE',  ( 0.4188422247446084157, 0.9080590238365492395, 0.000000000000000000 ) ) ;
#3582 = PRESENTATION_LAYER_ASSIGNMENT (  '', '', ( #3126 ) ) ;
#3583 =( GEOMETRIC_REPRESENTATION_CONTEXT ( 3 ) GLOBAL_UNCERTAINTY_ASSIGNED_CONTEXT ( ( #6505 ) ) GLOBAL_UNIT_ASSIGNED_CONTEXT ( ( #6320, #1111, #4736 ) ) REPRESENTATION_CONTEXT ( 'NONE', 'WORKASPACE' ) );
#3584 = CARTESIAN_POINT ( 'NONE',  ( -1.255382692088441221, 0.3438128728587397931, 0.8000000000000000444 ) ) ;
#3585 =( NAMED_UNIT ( * ) PLANE_ANGLE_UNIT ( ) SI_UNIT ( $, .RADIAN. ) );
#3586 = CARTESIAN_POINT ( 'NONE',  ( -3.324999999999998845, -1.343175853018396149, 0.000000000000000000 ) ) ;
#3587 = EDGE_CURVE ( 'NONE', #1993, #2480, #311, .T. ) ;
#3588 = DIRECTION ( 'NONE',  ( -1.164243943608595441E-16, 1.000000000000000000, 0.000000000000000000 ) ) ;
#3589 = VECTOR ( 'NONE', #3347, 1000.000000000000000 ) ;
#3590 = CARTESIAN_POINT ( 'NONE',  ( -0.6388210107778339308, 0.3105392894846122354, 0.8000000000000001554 ) ) ;
#3591 = CARTESIAN_POINT ( 'NONE',  ( 2.389999999999999680, 2.850000000000000089, 0.6999999999999999556 ) ) ;
#3592 = CARTESIAN_POINT ( 'NONE',  ( -3.324999999999998845, 1.043175853018395438, 0.2999999999999999889 ) ) ;
#3593 = MECHANICAL_DESIGN_GEOMETRIC_PRESENTATION_REPRESENTATION (  '', ( #5880 ), #3934 ) ;
#3594 =( NAMED_UNIT ( * ) SI_UNIT ( $, .STERADIAN. ) SOLID_ANGLE_UNIT ( ) );
#3595 = STYLED_ITEM ( 'NONE', ( #5300 ), #3048 ) ;
#3596 = ORIENTED_EDGE ( 'NONE', *, *, #411, .T. ) ;
#3597 = CARTESIAN_POINT ( 'NONE',  ( 3.025000000000001243, 3.725000000000000089, 0.6999999999999999556 ) ) ;
#3598 = DIRECTION ( 'NONE',  ( 1.000000000000000000, 0.000000000000000000, -0.000000000000000000 ) ) ;
#3599 = ADVANCED_FACE ( 'NONE', ( #5803 ), #2381, .F. ) ;
#3600 =( NAMED_UNIT ( * ) SI_UNIT ( $, .STERADIAN. ) SOLID_ANGLE_UNIT ( ) );
#3601 = CARTESIAN_POINT ( 'NONE',  ( -1.381281207528946897, 0.1519728951469312694, 0.7000000000000000666 ) ) ;
#3602 = STYLED_ITEM ( 'NONE', ( #335 ), #4744 ) ;
#3603 = UNCERTAINTY_MEASURE_WITH_UNIT (LENGTH_MEASURE( 1.000000000000000082E-05 ), #2438, 'distance_accuracy_value', 'NONE');
#3604 = CARTESIAN_POINT ( 'NONE',  ( -1.384373503682707618, 0.2118647884443046192, 0.7000000000000001776 ) ) ;
#3605 = CARTESIAN_POINT ( 'NONE',  ( -3.024999999999998579, -3.725000000000000089, 0.6999999999999999556 ) ) ;
#3606 = SURFACE_STYLE_FILL_AREA ( #1674 ) ;
#3607 = DIRECTION ( 'NONE',  ( -1.000000000000000000, 0.000000000000000000, 0.000000000000000000 ) ) ;
#3608 = COLOUR_RGB ( '',0.1803921568627450955, 0.1803921568627450955, 0.1803921568627450955 ) ;
#3609 = CARTESIAN_POINT ( 'NONE',  ( -0.5628098664439719068, 0.3600994532874552401, 0.8000000000000002665 ) ) ;
#3610 = VECTOR ( 'NONE', #3816, 1000.000000000000000 ) ;
#3611 =( NAMED_UNIT ( * ) PLANE_ANGLE_UNIT ( ) SI_UNIT ( $, .RADIAN. ) );
#3612 = ORIENTED_EDGE ( 'NONE', *, *, #4079, .F. ) ;
#3613 = VECTOR ( 'NONE', #2372, 1000.000000000000000 ) ;
#3614 = DIRECTION ( 'NONE',  ( -0.000000000000000000, -0.000000000000000000, -1.000000000000000000 ) ) ;
#3615 = EDGE_CURVE ( 'NONE', #3291, #5336, #4762, .T. ) ;
#3616 = VECTOR ( 'NONE', #1372, 1000.000000000000000 ) ;
#3617 = FACE_OUTER_BOUND ( 'NONE', #337, .T. ) ;
#3618 = SURFACE_STYLE_FILL_AREA ( #680 ) ;
#3619 = EDGE_LOOP ( 'NONE', ( #2867, #2734, #470, #472 ) ) ;
#3620 = AXIS2_PLACEMENT_3D ( 'NONE', #6553, #6105, #5045 ) ;
#3621 = DIRECTION ( 'NONE',  ( -1.000000000000000000, -0.000000000000000000, -0.000000000000000000 ) ) ;
#3622 = CARTESIAN_POINT ( 'NONE',  ( -3.024999999999998579, 3.725000000000000089, 0.6999999999999999556 ) ) ;
#3623 = FILL_AREA_STYLE_COLOUR ( '', #6419 ) ;
#3624 = ORIENTED_EDGE ( 'NONE', *, *, #6502, .F. ) ;
#3625 = ORIENTED_EDGE ( 'NONE', *, *, #4689, .T. ) ;
#3626 = DIRECTION ( 'NONE',  ( -1.577844766204413196E-32, 1.355252715606880789E-16, 1.000000000000000000 ) ) ;
#3627 = VECTOR ( 'NONE', #1774, 1000.000000000000000 ) ;
#3628 = ORIENTED_EDGE ( 'NONE', *, *, #4517, .F. ) ;
#3629 = CARTESIAN_POINT ( 'NONE',  ( -0.2901209600998653215, 0.1622115036649684483, 0.8000000000000000444 ) ) ;
#3630 = CARTESIAN_POINT ( 'NONE',  ( -1.335408425261079168, 0.3383210488360887114, 0.8000000000000002665 ) ) ;
#3631 = LINE ( 'NONE', #262, #5881 ) ;
#3632 = MECHANICAL_DESIGN_GEOMETRIC_PRESENTATION_REPRESENTATION (  '', ( #4654 ), #5832 ) ;
#3633 = FACE_OUTER_BOUND ( 'NONE', #3901, .T. ) ;
#3634 = FILL_AREA_STYLE ('',( #4621 ) ) ;
#3635 = ORIENTED_EDGE ( 'NONE', *, *, #880, .T. ) ;
#3636 = ORIENTED_EDGE ( 'NONE', *, *, #276, .F. ) ;
#3637 = ADVANCED_FACE ( 'NONE', ( #6626 ), #3651, .F. ) ;
#3638 = SURFACE_STYLE_FILL_AREA ( #4083 ) ;
#3639 = DIRECTION ( 'NONE',  ( 0.000000000000000000, 1.000000000000000000, 0.000000000000000000 ) ) ;
#3640 = PRESENTATION_STYLE_ASSIGNMENT (( #1672 ) ) ;
#3641 = STYLED_ITEM ( 'NONE', ( #4482 ), #2526 ) ;
#3642 = FILL_AREA_STYLE_COLOUR ( '', #131 ) ;
#3643 = ORIENTED_EDGE ( 'NONE', *, *, #2684, .T. ) ;
#3644 = FILL_AREA_STYLE ('',( #4120 ) ) ;
#3645 = CARTESIAN_POINT ( 'NONE',  ( -0.1499999999999996059, -3.149999999999999911, 0.2000000000000003997 ) ) ;
#3646 = VECTOR ( 'NONE', #6395, 1000.000000000000000 ) ;
#3647 = ORIENTED_EDGE ( 'NONE', *, *, #5734, .F. ) ;
#3648 =( NAMED_UNIT ( * ) SI_UNIT ( $, .STERADIAN. ) SOLID_ANGLE_UNIT ( ) );
#3649 = EDGE_CURVE ( 'NONE', #1783, #1596, #4677, .T. ) ;
#3650 = PRESENTATION_LAYER_ASSIGNMENT (  '', '', ( #6321 ) ) ;
#3651 = PLANE ( 'NONE',  #593 ) ;
#3652 = ORIENTED_EDGE ( 'NONE', *, *, #6466, .T. ) ;
#3653 = DIRECTION ( 'NONE',  ( 1.000000000000000000, 0.000000000000000000, -0.000000000000000000 ) ) ;
#3654 = CARTESIAN_POINT ( 'NONE',  ( -0.3338508531970925675, 0.06467164869675562366, 0.8000000000000001554 ) ) ;
#3655 = CARTESIAN_POINT ( 'NONE',  ( -1.382776819126121826, 0.2283995529464314944, 0.7000000000000003997 ) ) ;
#3656 = ORIENTED_EDGE ( 'NONE', *, *, #2342, .T. ) ;
#3657 = CARTESIAN_POINT ( 'NONE',  ( -0.5426564117077689042, 0.4072556981962708877, 0.8000000000000003775 ) ) ;
#3658 = EDGE_LOOP ( 'NONE', ( #5382, #5503, #875, #3148 ) ) ;
#3659 = SURFACE_STYLE_FILL_AREA ( #6585 ) ;
#3660 = VERTEX_POINT ( 'NONE', #450 ) ;
#3661 =( NAMED_UNIT ( * ) PLANE_ANGLE_UNIT ( ) SI_UNIT ( $, .RADIAN. ) );
#3662 = EDGE_CURVE ( 'NONE', #4033, #219, #5723, .T. ) ;
#3663 = CARTESIAN_POINT ( 'NONE',  ( -1.144818681930727333, 0.04105399489696306969, 0.8000000000000001554 ) ) ;
#3664 = ORIENTED_EDGE ( 'NONE', *, *, #3545, .F. ) ;
#3665 = CARTESIAN_POINT ( 'NONE',  ( -1.374944440526174594, 0.1254661616694129345, 0.7000000000000003997 ) ) ;
#3666 = SURFACE_STYLE_FILL_AREA ( #2663 ) ;
#3667 = FILL_AREA_STYLE ('',( #5670 ) ) ;
#3668 = B_SPLINE_CURVE_WITH_KNOTS ( 'NONE', 3,
 ( #5516, #3974, #1402, #404, #2425, #4013, #6041, #2952, #3455, #2400, #6015, #5044, #4502, #1425, #1941, #1365, #381, #4523, #1887 ),
 .UNSPECIFIED., .F., .F.,
 ( 4, 1, 1, 1, 1, 1, 1, 1, 1, 1, 1, 1, 1, 1, 1, 1, 4 ),
 ( 0.000000000000000000, 0.06455784592971902658, 0.1270135315497587514, 0.1879548102020905109, 0.2480139127896341666, 0.3077476818488372179, 0.3682345146974851935, 0.4294698439426693493, 0.4927434367465849951, 0.5562577687060831222, 0.6182167855431436321, 0.6796554755875547915, 0.7412455456206293869, 0.8034152647056966856, 0.8668154615439920274, 0.9323283119492650206, 0.9999999999999998890 ),
 .UNSPECIFIED. ) ;
#3669 = EDGE_CURVE ( 'NONE', #920, #1620, #2980, .T. ) ;
#3670 = CARTESIAN_POINT ( 'NONE',  ( -0.6239139896693790543, 0.02359915519525818128, 0.6999999999999998446 ) ) ;
#3671 =( NAMED_UNIT ( * ) PLANE_ANGLE_UNIT ( ) SI_UNIT ( $, .RADIAN. ) );
#3672 = ADVANCED_FACE ( 'NONE', ( #2813 ), #3133, .F. ) ;
#3673 = FILL_AREA_STYLE_COLOUR ( '', #2085 ) ;
#3674 = CARTESIAN_POINT ( 'NONE',  ( -1.287684001942349665, 0.3266281587662107078, 0.6999999999999998446 ) ) ;
#3675 = CARTESIAN_POINT ( 'NONE',  ( -1.277881527712995791, 0.3803263859655178769, 0.6999999999999999556 ) ) ;
#3676 = EDGE_CURVE ( 'NONE', #5956, #3234, #1231, .T. ) ;
#3677 = CARTESIAN_POINT ( 'NONE',  ( -0.6031569184685513507, 0.3883461339845254434, 0.7999999999999999334 ) ) ;
#3678 = CARTESIAN_POINT ( 'NONE',  ( 2.390000000000000568, -2.850000000000000089, 0.6999999999999999556 ) ) ;
#3679 = PLANE ( 'NONE',  #3899 ) ;
#3680 = ORIENTED_EDGE ( 'NONE', *, *, #6635, .F. ) ;
#3681 = CARTESIAN_POINT ( 'NONE',  ( -1.381281207528946897, 0.1519728951469312694, 0.8000000000000001554 ) ) ;
#3682 = AXIS2_PLACEMENT_3D ( 'NONE', #12, #2607, #3152 ) ;
#3683 = DIRECTION ( 'NONE',  ( -1.000000000000000000, -1.164243943608595441E-16, 0.000000000000000000 ) ) ;
#3684 = CARTESIAN_POINT ( 'NONE',  ( -0.5675943171372067608, -0.001819554878283214955, 0.7000000000000001776 ) ) ;
#3685 = VECTOR ( 'NONE', #1448, 1000.000000000000114 ) ;
#3686 = SURFACE_STYLE_USAGE ( .BOTH. , #4630 ) ;
#3687 = FACE_OUTER_BOUND ( 'NONE', #5324, .T. ) ;
#3688 = ORIENTED_EDGE ( 'NONE', *, *, #6514, .T. ) ;
#3689 = CARTESIAN_POINT ( 'NONE',  ( -0.9846153846153847811, 0.3589743589743589758, 0.8000000000000000444 ) ) ;
#3690 = ORIENTED_EDGE ( 'NONE', *, *, #3039, .T. ) ;
#3691 = SURFACE_STYLE_USAGE ( .BOTH. , #6284 ) ;
#3692 = EDGE_CURVE ( 'NONE', #1573, #290, #5261, .T. ) ;
#3693 = CARTESIAN_POINT ( 'NONE',  ( -0.5799745647495774259, 0.3979455622420680072, 0.8000000000000000444 ) ) ;
#3694 = ORIENTED_EDGE ( 'NONE', *, *, #1158, .T. ) ;
#3695 = ADVANCED_FACE ( 'NONE', ( #192 ), #5048, .T. ) ;
#3696 = VECTOR ( 'NONE', #4634, 1000.000000000000000 ) ;
#3697 = SURFACE_SIDE_STYLE ('',( #3769 ) ) ;
#3698 = EDGE_LOOP ( 'NONE', ( #4748, #6379, #4699, #1292 ) ) ;
#3699 = CYLINDRICAL_SURFACE ( 'NONE', #3174, 0.2999999999999999334 ) ;
#3700 = ORIENTED_EDGE ( 'NONE', *, *, #5133, .T. ) ;
#3701 = DIRECTION ( 'NONE',  ( -0.000000000000000000, 0.000000000000000000, -1.000000000000000000 ) ) ;
#3702 = CARTESIAN_POINT ( 'NONE',  ( -2.689999999999999503, -3.150000000000000799, 0.6999999999999999556 ) ) ;
#3703 = B_SPLINE_CURVE_WITH_KNOTS ( 'NONE', 3,
 ( #3817, #5387, #2284, #1238, #6422, #746, #323, #6676, #5121, #5098, #2518 ),
 .UNSPECIFIED., .F., .F.,
 ( 4, 1, 1, 1, 1, 1, 1, 1, 4 ),
 ( 0.000000000000000000, 0.1642892164747606909, 0.3174059112304910002, 0.4588436116410199439, 0.5893665423053090491, 0.7078313187781720695, 0.8157700306990054440, 0.9128799029021265055, 1.000000000000000000 ),
 .UNSPECIFIED. ) ;
#3704 = AXIS2_PLACEMENT_3D ( 'NONE', #5695, #2015, #3202 ) ;
#3705 = CARTESIAN_POINT ( 'NONE',  ( -0.5296802897849561820, -0.008990148643094029307, 0.8000000000000001554 ) ) ;
#3706 = ORIENTED_EDGE ( 'NONE', *, *, #4459, .F. ) ;
#3707 = FACE_OUTER_BOUND ( 'NONE', #1225, .T. ) ;
#3708 = LINE ( 'NONE', #4140, #1271 ) ;
#3709 = SURFACE_SIDE_STYLE ('',( #4249 ) ) ;
#3710 = ORIENTED_EDGE ( 'NONE', *, *, #523, .F. ) ;
#3711 = VECTOR ( 'NONE', #1468, 1000.000000000000000 ) ;
#3712 = EDGE_CURVE ( 'NONE', #1109, #2785, #5683, .T. ) ;
#3713 = CARTESIAN_POINT ( 'NONE',  ( -1.555368589743590269, 0.1692307692307687406, 0.6999999999999999556 ) ) ;
#3714 = VECTOR ( 'NONE', #4524, 1000.000000000000000 ) ;
#3715 = ORIENTED_EDGE ( 'NONE', *, *, #6080, .T. ) ;
#3716 = LINE ( 'NONE', #2931, #2562 ) ;
#3717 = CARTESIAN_POINT ( 'NONE',  ( -3.024999999999998579, -3.725000000000000089, 2.700000000000000178 ) ) ;
#3718 = CARTESIAN_POINT ( 'NONE',  ( -0.7948717948717949344, 0.1948717948717949011, 0.8000000000000000444 ) ) ;
#3719 = CARTESIAN_POINT ( 'NONE',  ( -0.4093586238386960896, 0.007107228120340132113, 0.7000000000000011768 ) ) ;
#3720 = PLANE ( 'NONE',  #4721 ) ;
#3721 = VERTEX_POINT ( 'NONE', #4779 ) ;
#3722 = CARTESIAN_POINT ( 'NONE',  ( 3.025000000000001688, 3.521837929416003343E-16, 2.700000000000000178 ) ) ;
#3723 = PRESENTATION_LAYER_ASSIGNMENT (  '', '', ( #2289 ) ) ;
#3724 = STYLED_ITEM ( 'NONE', ( #6510 ), #3247 ) ;
#3725 = CARTESIAN_POINT ( 'NONE',  ( 2.389999999999999680, 3.850000000000000089, 1.626303258728256651E-16 ) ) ;
#3726 = CARTESIAN_POINT ( 'NONE',  ( -3.324999999999998845, 1.043175853018395882, 0.000000000000000000 ) ) ;
#3727 = PLANE ( 'NONE',  #5059 ) ;
#3728 = CARTESIAN_POINT ( 'NONE',  ( -0.3454579438759768917, 0.05113312110878143885, 0.6999999999999998446 ) ) ;
#3729 = ORIENTED_EDGE ( 'NONE', *, *, #2097, .F. ) ;
#3730 = DIRECTION ( 'NONE',  ( 0.000000000000000000, 1.000000000000000000, 0.000000000000000000 ) ) ;
#3731 = CYLINDRICAL_SURFACE ( 'NONE', #4538, 0.2000000000000000944 ) ;
#3732 = DIRECTION ( 'NONE',  ( 0.000000000000000000, 0.000000000000000000, 1.000000000000000000 ) ) ;
#3733 = EDGE_LOOP ( 'NONE', ( #1604, #3209, #4673, #2384 ) ) ;
#3734 = ADVANCED_FACE ( 'NONE', ( #6330 ), #4745, .T. ) ;
#3735 = CARTESIAN_POINT ( 'NONE',  ( -0.5552901447472550212, -0.004934061932441139060, 0.6999999999999998446 ) ) ;
#3736 = PRESENTATION_LAYER_ASSIGNMENT (  '', '', ( #3602 ) ) ;
#3737 = PLANE ( 'NONE',  #5656 ) ;
#3738 = ORIENTED_EDGE ( 'NONE', *, *, #2054, .F. ) ;
#3739 = CARTESIAN_POINT ( 'NONE',  ( 0.1499999999999996059, 3.149999999999999911, 0.2000000000000003997 ) ) ;
#3740 = DIRECTION ( 'NONE',  ( 0.000000000000000000, -0.000000000000000000, 1.000000000000000000 ) ) ;
#3741 = CARTESIAN_POINT ( 'NONE',  ( -0.6311924197341232112, 0.08171543529932032146, 0.7000000000000000666 ) ) ;
#3742 = CARTESIAN_POINT ( 'NONE',  ( -0.5028846153846155964, -0.01025641025641025987, 0.8000000000000001554 ) ) ;
#3743 =( NAMED_UNIT ( * ) SI_UNIT ( $, .STERADIAN. ) SOLID_ANGLE_UNIT ( ) );
#3744 = CARTESIAN_POINT ( 'NONE',  ( -1.263430616879651414, 0.05502888667593165695, 0.8000000000000002665 ) ) ;
#3745 = DIRECTION ( 'NONE',  ( -1.164243943608595688E-16, 1.000000000000000000, 4.336808689942017736E-16 ) ) ;
#3746 = VERTEX_POINT ( 'NONE', #2135 ) ;
#3747 = DIRECTION ( 'NONE',  ( 1.000000000000000000, 0.000000000000000000, -0.000000000000000000 ) ) ;
#3748 = EDGE_CURVE ( 'NONE', #2482, #3330, #3837, .T. ) ;
#3749 = CARTESIAN_POINT ( 'NONE',  ( -1.243385508681660978, 0.04853655116246716195, 0.6999999999999998446 ) ) ;
#3750 = MECHANICAL_DESIGN_GEOMETRIC_PRESENTATION_REPRESENTATION (  '', ( #369 ), #5136 ) ;
#3751 = CARTESIAN_POINT ( 'NONE',  ( -1.374944440526174594, 0.1254661616694129345, 0.8000000000000000444 ) ) ;
#3752 = DIRECTION ( 'NONE',  ( 1.000000000000000000, 0.000000000000000000, -0.000000000000000000 ) ) ;
#3753 = LINE ( 'NONE', #5957, #2517 ) ;
#3754 = CARTESIAN_POINT ( 'NONE',  ( -0.5026442307692308153, 0.03076923076923077441, 0.8000000000000000444 ) ) ;
#3755 = B_SPLINE_CURVE_WITH_KNOTS ( 'NONE', 3,
 ( #1385, #3521, #2424, #6039, #1454, #5999, #3946, #1364, #4454, #6576, #378, #2549, #521, #6174, #549, #1051, #4687, #318, #840, #6647, #3431, #4453, #2508, #2212, #705, #4536, #872 ),
 .UNSPECIFIED., .F., .F.,
 ( 4, 1, 1, 1, 1, 1, 1, 1, 1, 1, 1, 1, 1, 1, 1, 1, 1, 1, 1, 1, 1, 1, 1, 1, 4 ),
 ( 0.000000000000000000, 0.04608068338724800178, 0.09080679960761624259, 0.1342952705290696991, 0.1770243856662441773, 0.2188227336826556457, 0.2602441163273735980, 0.3010798671134451432, 0.3416138942851569271, 0.3815834185517459898, 0.4201195913296165152, 0.4580746185423134609, 0.4947384876076563742, 0.5311946228937135528, 0.5669336984503784427, 0.6027126507379957365, 0.6383266061284351700, 0.6748532488548240060, 0.7134673707840597512, 0.7544418038483806654, 0.7978153607124988111, 0.8439894562081102780, 0.8930715698796480861, 0.9449633461781439259, 1.000000000000000000 ),
 .UNSPECIFIED. ) ;
#3756 = CARTESIAN_POINT ( 'NONE',  ( -2.689999999999999503, -2.850000000000000533, 0.6999999999999999556 ) ) ;
#3757 = PLANE ( 'NONE',  #2593 ) ;
#3758 = MECHANICAL_DESIGN_GEOMETRIC_PRESENTATION_REPRESENTATION (  '', ( #78 ), #5493 ) ;
#3759 = DIRECTION ( 'NONE',  ( 0.4283511191562784926, -0.9036123719369736351, 0.000000000000000000 ) ) ;
#3760 = ORIENTED_EDGE ( 'NONE', *, *, #1571, .T. ) ;
#3761 = CARTESIAN_POINT ( 'NONE',  ( -0.3379006410256411019, 0.05969551282051283048, 0.8000000000000001554 ) ) ;
#3762 = CARTESIAN_POINT ( 'NONE',  ( -0.3707577821908382143, 0.02898661286587423877, 0.7000000000000009548 ) ) ;
#3763 = CARTESIAN_POINT ( 'NONE',  ( -0.3235042640261070468, 0.1820794841432559208, 0.8000000000000000444 ) ) ;
#3764 = CARTESIAN_POINT ( 'NONE',  ( -0.6441770985595010046, 0.3619642658854137496, 0.7999999999999999334 ) ) ;
#3765 = LINE ( 'NONE', #6144, #2366 ) ;
#3766 = ADVANCED_FACE ( 'NONE', ( #5370 ), #6325, .T. ) ;
#3767 = CARTESIAN_POINT ( 'NONE',  ( -1.221223736039660723, 0.3528077877372744475, 0.8000000000000000444 ) ) ;
#3768 = DIRECTION ( 'NONE',  ( -0.000000000000000000, 0.000000000000000000, -1.000000000000000000 ) ) ;
#3769 = SURFACE_STYLE_FILL_AREA ( #2152 ) ;
#3770 = CARTESIAN_POINT ( 'NONE',  ( -1.244842962425348754, 0.005259830562448422966, 0.7000000000000003997 ) ) ;
#3771 = FACE_OUTER_BOUND ( 'NONE', #4685, .T. ) ;
#3772 = ORIENTED_EDGE ( 'NONE', *, *, #1486, .F. ) ;
#3773 = CARTESIAN_POINT ( 'NONE',  ( -0.3582876187707474402, 0.3038270856679790577, 0.7999999999999999334 ) ) ;
#3774 = AXIS2_PLACEMENT_3D ( 'NONE', #2856, #3412, #6484 ) ;
#3775 = CARTESIAN_POINT ( 'NONE',  ( -2.390000000000000568, 3.849999999999999645, -0.2999999999999998224 ) ) ;
#3776 = AXIS2_PLACEMENT_3D ( 'NONE', #903, #4020, #1478 ) ;
#3777 = ORIENTED_EDGE ( 'NONE', *, *, #2657, .T. ) ;
#3778 = LINE ( 'NONE', #6487, #2380 ) ;
#3779 = FILL_AREA_STYLE_COLOUR ( '', #5079 ) ;
#3780 = PRESENTATION_STYLE_ASSIGNMENT (( #2619 ) ) ;
#3781 = DIRECTION ( 'NONE',  ( 0.000000000000000000, -0.000000000000000000, -1.000000000000000000 ) ) ;
#3782 = LINE ( 'NONE', #5476, #2463 ) ;
#3783 = VECTOR ( 'NONE', #4883, 1000.000000000000000 ) ;
#3784 = VECTOR ( 'NONE', #393, 1000.000000000000000 ) ;
#3785 =( NAMED_UNIT ( * ) SI_UNIT ( $, .STERADIAN. ) SOLID_ANGLE_UNIT ( ) );
#3786 = ORIENTED_EDGE ( 'NONE', *, *, #4459, .T. ) ;
#3787 = VECTOR ( 'NONE', #4039, 1000.000000000000000 ) ;
#3788 = SURFACE_STYLE_USAGE ( .BOTH. , #1164 ) ;
#3789 = CARTESIAN_POINT ( 'NONE',  ( -0.4838525129783744494, 0.03111993924618347909, 0.8000000000000000444 ) ) ;
#3790 = EDGE_CURVE ( 'NONE', #4924, #759, #1148, .T. ) ;
#3791 = VECTOR ( 'NONE', #1762, 1000.000000000000000 ) ;
#3792 = ORIENTED_EDGE ( 'NONE', *, *, #6683, .T. ) ;
#3793 = COLOUR_RGB ( '',0.7960784313725489669, 0.8235294117647058432, 0.9372549019607843146 ) ;
#3794 = ORIENTED_EDGE ( 'NONE', *, *, #6635, .T. ) ;
#3795 = VERTEX_POINT ( 'NONE', #678 ) ;
#3796 = CARTESIAN_POINT ( 'NONE',  ( -0.4533034240946238191, 0.3636474781622735519, 0.8000000000000000444 ) ) ;
#3797 = VECTOR ( 'NONE', #2260, 1000.000000000000000 ) ;
#3798 = CARTESIAN_POINT ( 'NONE',  ( -1.320969757448418269, 0.2924359716060198067, 0.6999999999999998446 ) ) ;
#3799 = EDGE_CURVE ( 'NONE', #5575, #2480, #5201, .T. ) ;
#3800 = DIRECTION ( 'NONE',  ( -0.000000000000000000, -1.000000000000000000, -0.000000000000000000 ) ) ;
#3801 = ORIENTED_EDGE ( 'NONE', *, *, #2469, .T. ) ;
#3802 = VECTOR ( 'NONE', #283, 1000.000000000000000 ) ;
#3803 = EDGE_LOOP ( 'NONE', ( #402, #2639, #3885, #2063 ) ) ;
#3804 = CARTESIAN_POINT ( 'NONE',  ( -0.4652883080053903941, -0.007899615432111430427, 0.6999999999999999556 ) ) ;
#3805 = AXIS2_PLACEMENT_3D ( 'NONE', #4631, #3566, #3653 ) ;
#3806 =( LENGTH_UNIT ( ) NAMED_UNIT ( * ) SI_UNIT ( .MILLI., .METRE. ) );
#3807 = SURFACE_SIDE_STYLE ('',( #3864 ) ) ;
#3808 = ADVANCED_FACE ( 'NONE', ( #2769 ), #3757, .F. ) ;
#3809 = FACE_OUTER_BOUND ( 'NONE', #4032, .T. ) ;
#3810 = VECTOR ( 'NONE', #3983, 1000.000000000000000 ) ;
#3811 = DIRECTION ( 'NONE',  ( 1.000000000000000000, 0.000000000000000000, -0.000000000000000000 ) ) ;
#3812 = UNCERTAINTY_MEASURE_WITH_UNIT (LENGTH_MEASURE( 1.000000000000000082E-05 ), #720, 'distance_accuracy_value', 'NONE');
#3813 = EDGE_CURVE ( 'NONE', #6242, #2829, #6246, .T. ) ;
#3814 = COLOUR_RGB ( '',0.1803921568627450955, 0.1803921568627450955, 0.1803921568627450955 ) ;
#3815 = ORIENTED_EDGE ( 'NONE', *, *, #4689, .F. ) ;
#3816 = DIRECTION ( 'NONE',  ( -0.000000000000000000, -0.000000000000000000, -1.000000000000000000 ) ) ;
#3817 = CARTESIAN_POINT ( 'NONE',  ( -1.137179487179487358, 0.4000000000000000222, 0.6999999999999999556 ) ) ;
#3818 =( NAMED_UNIT ( * ) PLANE_ANGLE_UNIT ( ) SI_UNIT ( $, .RADIAN. ) );
#3819 = PRESENTATION_STYLE_ASSIGNMENT (( #1038 ) ) ;
#3820 = ORIENTED_EDGE ( 'NONE', *, *, #5359, .T. ) ;
#3821 = CARTESIAN_POINT ( 'NONE',  ( -0.4311690971683505014, 0.3566305601049936658, 0.7000000000000006217 ) ) ;
#3822 = STYLED_ITEM ( 'NONE', ( #6380 ), #3599 ) ;
#3823 = CARTESIAN_POINT ( 'NONE',  ( -1.347095553820074842, 0.2223850067035061939, 0.6999999999999997335 ) ) ;
#3824 = ORIENTED_EDGE ( 'NONE', *, *, #6439, .T. ) ;
#3825 = CARTESIAN_POINT ( 'NONE',  ( -1.180368589743589824, 0.000000000000000000, 0.7000000000000003997 ) ) ;
#3826 = ORIENTED_EDGE ( 'NONE', *, *, #6428, .T. ) ;
#3827 = SURFACE_STYLE_FILL_AREA ( #2943 ) ;
#3828 = DIRECTION ( 'NONE',  ( -1.000000000000000000, -0.000000000000000000, -0.000000000000000000 ) ) ;
#3829 = ORIENTED_EDGE ( 'NONE', *, *, #6708, .F. ) ;
#3830 = DIRECTION ( 'NONE',  ( -1.000000000000000000, 0.000000000000000000, 0.000000000000000000 ) ) ;
#3831 = ORIENTED_EDGE ( 'NONE', *, *, #6613, .F. ) ;
#3832 =( NAMED_UNIT ( * ) SI_UNIT ( $, .STERADIAN. ) SOLID_ANGLE_UNIT ( ) );
#3833 = LINE ( 'NONE', #1961, #3242 ) ;
#3834 = DIRECTION ( 'NONE',  ( 0.000000000000000000, 0.000000000000000000, 1.000000000000000000 ) ) ;
#3835 =( NAMED_UNIT ( * ) SI_UNIT ( $, .STERADIAN. ) SOLID_ANGLE_UNIT ( ) );
#3836 = CARTESIAN_POINT ( 'NONE',  ( -0.1499999999999995226, -3.850000000000000089, -0.2999999999999998224 ) ) ;
#3837 = CIRCLE ( 'NONE', #2500, 0.2000000000000000944 ) ;
#3838 = CARTESIAN_POINT ( 'NONE',  ( -0.3654633114342003553, 0.3122115818495883044, 0.7000000000000001776 ) ) ;
#3839 = DIRECTION ( 'NONE',  ( 0.000000000000000000, 0.000000000000000000, 1.000000000000000000 ) ) ;
#3840 = ADVANCED_FACE ( 'NONE', ( #3510 ), #5311, .T. ) ;
#3841 = CARTESIAN_POINT ( 'NONE',  ( -0.3403315994926306987, 0.2759752716439228259, 0.7000000000000006217 ) ) ;
#3842 = PLANE ( 'NONE',  #843 ) ;
#3843 = MECHANICAL_DESIGN_GEOMETRIC_PRESENTATION_REPRESENTATION (  '', ( #3453 ), #4051 ) ;
#3844 = CARTESIAN_POINT ( 'NONE',  ( -1.384373503682707618, 0.2118647884443046192, 0.8000000000000001554 ) ) ;
#3845 = CARTESIAN_POINT ( 'NONE',  ( 2.390000000000000568, -2.849999999999999645, -0.09999999999999996392 ) ) ;
#3846 = CARTESIAN_POINT ( 'NONE',  ( -1.301153447802997354, 0.07818865889731614616, 0.7000000000000001776 ) ) ;
#3847 = EDGE_CURVE ( 'NONE', #4192, #3490, #5303, .T. ) ;
#3848 = CARTESIAN_POINT ( 'NONE',  ( 0.1500000000000003553, -3.149999999999999911, 0.6999999999999998446 ) ) ;
#3849 = VERTEX_POINT ( 'NONE', #760 ) ;
#3850 = DIRECTION ( 'NONE',  ( -1.000000000000000000, 0.000000000000000000, 0.000000000000000000 ) ) ;
#3851 = DIRECTION ( 'NONE',  ( -1.164243943608595441E-16, 1.000000000000000000, 0.000000000000000000 ) ) ;
#3852 = CARTESIAN_POINT ( 'NONE',  ( -1.193507753120449877, 0.3563120778360293062, 0.8000000000000002665 ) ) ;
#3853 = PRESENTATION_STYLE_ASSIGNMENT (( #940 ) ) ;
#3854 =( NAMED_UNIT ( * ) PLANE_ANGLE_UNIT ( ) SI_UNIT ( $, .RADIAN. ) );
#3855 = CARTESIAN_POINT ( 'NONE',  ( -0.3022453637564939677, 0.2833460579297081283, 0.8000000000000000444 ) ) ;
#3856 = CARTESIAN_POINT ( 'NONE',  ( -0.3358138989908136529, 0.2659095493080942396, 0.6999999999999999556 ) ) ;
#3857 = VECTOR ( 'NONE', #4066, 1000.000000000000000 ) ;
#3858 = EDGE_LOOP ( 'NONE', ( #4380, #5210, #3826, #6221 ) ) ;
#3859 = FACE_OUTER_BOUND ( 'NONE', #3937, .T. ) ;
#3860 = CARTESIAN_POINT ( 'NONE',  ( -0.4100458013956266301, 0.3466804915544969279, 0.7999999999999999334 ) ) ;
#3861 = SURFACE_STYLE_FILL_AREA ( #4026 ) ;
#3862 = CARTESIAN_POINT ( 'NONE',  ( -1.333149181004108508, 0.2711812019366882098, 0.6999999999999996225 ) ) ;
#3863 = EDGE_LOOP ( 'NONE', ( #4996, #478, #1 ) ) ;
#3864 = SURFACE_STYLE_FILL_AREA ( #3294 ) ;
#3865 =( NAMED_UNIT ( * ) SI_UNIT ( $, .STERADIAN. ) SOLID_ANGLE_UNIT ( ) );
#3866 = EDGE_CURVE ( 'NONE', #1829, #1379, #6082, .T. ) ;
#3867 = CARTESIAN_POINT ( 'NONE',  ( -1.338903309596359392, 0.1337371577511493881, 0.6999999999999999556 ) ) ;
#3868 = MECHANICAL_DESIGN_GEOMETRIC_PRESENTATION_REPRESENTATION (  '', ( #3155 ), #4190 ) ;
#3869 = UNCERTAINTY_MEASURE_WITH_UNIT (LENGTH_MEASURE( 1.000000000000000082E-05 ), #4624, 'distance_accuracy_value', 'NONE');
#3870 = CARTESIAN_POINT ( 'NONE',  ( -1.252564102564102777, 0.05120192307692308237, 0.7000000000000002887 ) ) ;
#3871 = ORIENTED_EDGE ( 'NONE', *, *, #3897, .T. ) ;
#3872 = VECTOR ( 'NONE', #3274, 1000.000000000000000 ) ;
#3873 = CARTESIAN_POINT ( 'NONE',  ( -1.252564102564102777, 0.05120192307692308237, 0.8000000000000000444 ) ) ;
#3874 = ORIENTED_EDGE ( 'NONE', *, *, #5390, .T. ) ;
#3875 = VECTOR ( 'NONE', #3830, 1000.000000000000000 ) ;
#3876 = COLOUR_RGB ( '',0.7960784313725489669, 0.8235294117647058432, 0.9372549019607843146 ) ;
#3877 = COLOUR_RGB ( '',0.7960784313725489669, 0.8235294117647058432, 0.9372549019607843146 ) ;
#3878 = EDGE_LOOP ( 'NONE', ( #5876, #3565, #5912, #3468 ) ) ;
#3879 = DIRECTION ( 'NONE',  ( 0.000000000000000000, 0.000000000000000000, 1.000000000000000000 ) ) ;
#3880 = ORIENTED_EDGE ( 'NONE', *, *, #4262, .T. ) ;
#3881 = CARTESIAN_POINT ( 'NONE',  ( -0.3214833026301965324, 0.3187713705101441475, 0.8000000000000000444 ) ) ;
#3882 = VERTEX_POINT ( 'NONE', #2189 ) ;
#3883 = EDGE_CURVE ( 'NONE', #4785, #6710, #748, .T. ) ;
#3884 = LINE ( 'NONE', #3522, #793 ) ;
#3885 = ORIENTED_EDGE ( 'NONE', *, *, #1486, .T. ) ;
#3886 = CARTESIAN_POINT ( 'NONE',  ( -0.3707577821908382143, 0.02898661286587423877, 0.8000000000000000444 ) ) ;
#3887 = CARTESIAN_POINT ( 'NONE',  ( -2.690000000000000391, 3.849999999999999645, 1.626303258728256651E-16 ) ) ;
#3888 = EDGE_CURVE ( 'NONE', #1432, #6119, #3753, .T. ) ;
#3889 = UNCERTAINTY_MEASURE_WITH_UNIT (LENGTH_MEASURE( 1.000000000000000082E-05 ), #45, 'distance_accuracy_value', 'NONE');
#3890 = CARTESIAN_POINT ( 'NONE',  ( 2.389999999999999680, 3.149999999999999911, 0.2000000000000003997 ) ) ;
#3891 = ORIENTED_EDGE ( 'NONE', *, *, #5085, .T. ) ;
#3892 = CARTESIAN_POINT ( 'NONE',  ( -1.347264322710567397, 0.1690965212175804255, 0.7000000000000003997 ) ) ;
#3893 = AXIS2_PLACEMENT_3D ( 'NONE', #1330, #3387, #5929 ) ;
#3894 = ORIENTED_EDGE ( 'NONE', *, *, #3011, .T. ) ;
#3895 = CARTESIAN_POINT ( 'NONE',  ( 2.389999999999999680, 3.149999999999999911, 0.2000000000000003997 ) ) ;
#3896 = DIRECTION ( 'NONE',  ( 0.9079593845004516606, -0.4190581774617468946, 0.000000000000000000 ) ) ;
#3897 = EDGE_CURVE ( 'NONE', #2073, #4343, #5923, .T. ) ;
#3898 = ORIENTED_EDGE ( 'NONE', *, *, #4236, .T. ) ;
#3899 = AXIS2_PLACEMENT_3D ( 'NONE', #6248, #5256, #115 ) ;
#3900 = CARTESIAN_POINT ( 'NONE',  ( -1.056410256410256654, 0.4000000000000000222, 0.8000000000000000444 ) ) ;
#3901 = EDGE_LOOP ( 'NONE', ( #904, #4881, #3982, #1593 ) ) ;
#3902 = CARTESIAN_POINT ( 'NONE',  ( -0.4205164571915385174, 0.3519042926924290660, 0.6999999999999999556 ) ) ;
#3903 = ORIENTED_EDGE ( 'NONE', *, *, #374, .T. ) ;
#3904 = CARTESIAN_POINT ( 'NONE',  ( -0.4198692913468239363, 0.003003801063799598804, 0.7999999999999997113 ) ) ;
#3905 = AXIS2_PLACEMENT_3D ( 'NONE', #4307, #186, #3732 ) ;
#3906 = STYLED_ITEM ( 'NONE', ( #187 ), #4186 ) ;
#3907 = CARTESIAN_POINT ( 'NONE',  ( -0.6311924197341232112, 0.08171543529932032146, 0.7000000000000000666 ) ) ;
#3908 = CARTESIAN_POINT ( 'NONE',  ( -1.092307692307692424, 0.04102564102564102561, 0.6999999999999998446 ) ) ;
#3909 =( NAMED_UNIT ( * ) PLANE_ANGLE_UNIT ( ) SI_UNIT ( $, .RADIAN. ) );
#3910 = CARTESIAN_POINT ( 'NONE',  ( -1.323151187878236712, 0.1031502503760153705, 0.6999999999999998446 ) ) ;
#3911 = CARTESIAN_POINT ( 'NONE',  ( -1.338903309596359392, 0.1337371577511493881, 0.8000000000000000444 ) ) ;
#3912 = CARTESIAN_POINT ( 'NONE',  ( -2.689999999999999503, -3.150000000000000355, 0.2000000000000003997 ) ) ;
#3913 = EDGE_CURVE ( 'NONE', #4875, #5419, #2354, .T. ) ;
#3914 = CARTESIAN_POINT ( 'NONE',  ( -0.5096273952256406004, 0.03096223416933438152, 0.7999999999999999334 ) ) ;
#3915 = CARTESIAN_POINT ( 'NONE',  ( -0.5024038461538462563, 0.4102564102564102977, 0.8000000000000000444 ) ) ;
#3916 = CARTESIAN_POINT ( 'NONE',  ( 2.690000000000000391, -3.850000000000000089, -0.2999999999999998224 ) ) ;
#3917 = ORIENTED_EDGE ( 'NONE', *, *, #1360, .T. ) ;
#3918 =( LENGTH_UNIT ( ) NAMED_UNIT ( * ) SI_UNIT ( .MILLI., .METRE. ) );
#3919 = CARTESIAN_POINT ( 'NONE',  ( -1.271206977842831432, 0.01193611755297174781, 0.6999999999999999556 ) ) ;
#3920 =( GEOMETRIC_REPRESENTATION_CONTEXT ( 3 ) GLOBAL_UNCERTAINTY_ASSIGNED_CONTEXT ( ( #1174 ) ) GLOBAL_UNIT_ASSIGNED_CONTEXT ( ( #1956, #1934, #3994 ) ) REPRESENTATION_CONTEXT ( 'NONE', 'WORKASPACE' ) );
#3921 = AXIS2_PLACEMENT_3D ( 'NONE', #5197, #5763, #42 ) ;
#3922 = DIRECTION ( 'NONE',  ( 1.164243943608595195E-16, -1.000000000000000000, 1.355252715606880789E-16 ) ) ;
#3923 = CARTESIAN_POINT ( 'NONE',  ( -1.342478005895350490, 0.1450182044544264526, 0.6999999999999999556 ) ) ;
#3924 = EDGE_CURVE ( 'NONE', #2147, #2962, #980, .T. ) ;
#3925 = DIRECTION ( 'NONE',  ( -1.000000000000000000, -1.164243943608595441E-16, 0.000000000000000000 ) ) ;
#3926 = CYLINDRICAL_SURFACE ( 'NONE', #4974, 0.2999999999999999334 ) ;
#3927 = PLANE ( 'NONE',  #1324 ) ;
#3928 = CARTESIAN_POINT ( 'NONE',  ( -0.6164347288765715804, 0.3315091964019278303, 0.8000000000000000444 ) ) ;
#3929 = ORIENTED_EDGE ( 'NONE', *, *, #3535, .F. ) ;
#3930 = LINE ( 'NONE', #249, #5228 ) ;
#3931 = FILL_AREA_STYLE_COLOUR ( '', #3054 ) ;
#3932 = CARTESIAN_POINT ( 'NONE',  ( -0.6455128205128205510, 0.09743589743589745056, 0.8000000000000000444 ) ) ;
#3933 = DIRECTION ( 'NONE',  ( 1.000000000000000000, 0.000000000000000000, 0.000000000000000000 ) ) ;
#3934 =( GEOMETRIC_REPRESENTATION_CONTEXT ( 3 ) GLOBAL_UNCERTAINTY_ASSIGNED_CONTEXT ( ( #2579 ) ) GLOBAL_UNIT_ASSIGNED_CONTEXT ( ( #513, #4209, #6210 ) ) REPRESENTATION_CONTEXT ( 'NONE', 'WORKASPACE' ) );
#3935 =( GEOMETRIC_REPRESENTATION_CONTEXT ( 3 ) GLOBAL_UNCERTAINTY_ASSIGNED_CONTEXT ( ( #5908 ) ) GLOBAL_UNIT_ASSIGNED_CONTEXT ( ( #5475, #1301, #5459 ) ) REPRESENTATION_CONTEXT ( 'NONE', 'WORKASPACE' ) );
#3936 = CARTESIAN_POINT ( 'NONE',  ( 1.214511168995398135E-16, -1.043175853018395882, 0.2999999999999999889 ) ) ;
#3937 = EDGE_LOOP ( 'NONE', ( #4671, #2325, #2568, #5109 ) ) ;
#3938 = SURFACE_STYLE_FILL_AREA ( #31 ) ;
#3939 = CARTESIAN_POINT ( 'NONE',  ( -0.3230769230769230949, 0.1995993589743589869, 0.7000000000000007327 ) ) ;
#3940 = CARTESIAN_POINT ( 'NONE',  ( -0.6455128205128205510, 0.3025641025641025994, 0.6999999999999999556 ) ) ;
#3941 = LINE ( 'NONE', #2442, #1667 ) ;
#3942 = ORIENTED_EDGE ( 'NONE', *, *, #4123, .T. ) ;
#3943 = LINE ( 'NONE', #4238, #1263 ) ;
#3944 = CARTESIAN_POINT ( 'NONE',  ( -2.689999999999999503, -3.050000000000000711, -0.3000000000000002109 ) ) ;
#3945 = ORIENTED_EDGE ( 'NONE', *, *, #5530, .T. ) ;
#3946 = CARTESIAN_POINT ( 'NONE',  ( -1.374944440526174594, 0.1254661616694129345, 0.8000000000000000444 ) ) ;
#3947 = FACE_OUTER_BOUND ( 'NONE', #3029, .T. ) ;
#3948 =( GEOMETRIC_REPRESENTATION_CONTEXT ( 3 ) GLOBAL_UNCERTAINTY_ASSIGNED_CONTEXT ( ( #6706 ) ) GLOBAL_UNIT_ASSIGNED_CONTEXT ( ( #1481, #3004, #5587 ) ) REPRESENTATION_CONTEXT ( 'NONE', 'WORKASPACE' ) );
#3949 = CARTESIAN_POINT ( 'NONE',  ( -1.348717948717949033, 0.1950320512820512830, 0.8000000000000000444 ) ) ;
#3950 = LINE ( 'NONE', #2869, #4766 ) ;
#3951 = CARTESIAN_POINT ( 'NONE',  ( -0.1499999999999996336, -3.050000000000000266, -0.3000000000000002109 ) ) ;
#3952 = SURFACE_STYLE_FILL_AREA ( #4231 ) ;
#3953 = CARTESIAN_POINT ( 'NONE',  ( -0.5912326040453197429, 0.006360863101664558303, 0.7999999999999998224 ) ) ;
#3954 = ORIENTED_EDGE ( 'NONE', *, *, #6386, .F. ) ;
#3955 = VECTOR ( 'NONE', #1056, 1000.000000000000000 ) ;
#3956 = PLANE ( 'NONE',  #96 ) ;
#3957 = VERTEX_POINT ( 'NONE', #3397 ) ;
#3958 = SURFACE_STYLE_FILL_AREA ( #6292 ) ;
#3959 = CARTESIAN_POINT ( 'NONE',  ( -1.625641025641025861, 0.4000000000000000222, 0.8000000000000000444 ) ) ;
#3960 = FACE_OUTER_BOUND ( 'NONE', #6609, .T. ) ;
#3961 = DIRECTION ( 'NONE',  ( 0.000000000000000000, 0.000000000000000000, 1.000000000000000000 ) ) ;
#3962 = DIRECTION ( 'NONE',  ( 1.000000000000000000, 0.000000000000000000, 0.000000000000000000 ) ) ;
#3963 = CARTESIAN_POINT ( 'NONE',  ( -3.024999999999999467, 3.425000000000000266, 2.700000000000000178 ) ) ;
#3964 = ORIENTED_EDGE ( 'NONE', *, *, #1143, .F. ) ;
#3965 = CIRCLE ( 'NONE', #454, 0.2999999999999999334 ) ;
#3966 = EDGE_CURVE ( 'NONE', #4761, #5890, #2937, .T. ) ;
#3967 =( GEOMETRIC_REPRESENTATION_CONTEXT ( 3 ) GLOBAL_UNCERTAINTY_ASSIGNED_CONTEXT ( ( #883 ) ) GLOBAL_UNIT_ASSIGNED_CONTEXT ( ( #2177, #5787, #1576 ) ) REPRESENTATION_CONTEXT ( 'NONE', 'WORKASPACE' ) );
#3968 = CARTESIAN_POINT ( 'NONE',  ( -0.3620037726279788926, 0.03584116165106802226, 0.8000000000000001554 ) ) ;
#3969 = CARTESIAN_POINT ( 'NONE',  ( -1.247404098278138473, 0.3464276000314572279, 0.6999999999999999556 ) ) ;
#3970 = SURFACE_STYLE_USAGE ( .BOTH. , #306 ) ;
#3971 = PLANE ( 'NONE',  #2934 ) ;
#3972 = ORIENTED_EDGE ( 'NONE', *, *, #2047, .T. ) ;
#3973 = CARTESIAN_POINT ( 'NONE',  ( -0.1499999999999996336, -3.050000000000000266, -0.2999999999999999334 ) ) ;
#3974 = CARTESIAN_POINT ( 'NONE',  ( -0.2873572235860095136, 0.2095186269248641986, 0.6999999999999998446 ) ) ;
#3975 = ORIENTED_EDGE ( 'NONE', *, *, #4837, .F. ) ;
#3976 =( NAMED_UNIT ( * ) PLANE_ANGLE_UNIT ( ) SI_UNIT ( $, .RADIAN. ) );
#3977 =( GEOMETRIC_REPRESENTATION_CONTEXT ( 3 ) GLOBAL_UNCERTAINTY_ASSIGNED_CONTEXT ( ( #5515 ) ) GLOBAL_UNIT_ASSIGNED_CONTEXT ( ( #1291, #3909, #1814 ) ) REPRESENTATION_CONTEXT ( 'NONE', 'WORKASPACE' ) );
#3978 = SURFACE_STYLE_USAGE ( .BOTH. , #1960 ) ;
#3979 = ORIENTED_EDGE ( 'NONE', *, *, #2047, .F. ) ;
#3980 = CIRCLE ( 'NONE', #398, 0.2999999999999999334 ) ;
#3981 = DIRECTION ( 'NONE',  ( -0.000000000000000000, -0.000000000000000000, -1.000000000000000000 ) ) ;
#3982 = ORIENTED_EDGE ( 'NONE', *, *, #749, .F. ) ;
#3983 = DIRECTION ( 'NONE',  ( -1.820792981479296430E-16, 1.000000000000000000, -1.365594736109472323E-16 ) ) ;
#3984 = CARTESIAN_POINT ( 'NONE',  ( -0.5628098664439719068, 0.3600994532874552401, 0.8000000000000002665 ) ) ;
#3985 = AXIS2_PLACEMENT_3D ( 'NONE', #5579, #2465, #1912 ) ;
#3986 = EDGE_LOOP ( 'NONE', ( #4877, #3710, #3874, #526 ) ) ;
#3987 = CARTESIAN_POINT ( 'NONE',  ( -0.3235042640261070468, 0.1820794841432559208, 0.6999999999999999556 ) ) ;
#3988 = VECTOR ( 'NONE', #346, 1000.000000000000000 ) ;
#3989 = UNCERTAINTY_MEASURE_WITH_UNIT (LENGTH_MEASURE( 1.000000000000000082E-05 ), #5087, 'distance_accuracy_value', 'NONE');
#3990 =( NAMED_UNIT ( * ) PLANE_ANGLE_UNIT ( ) SI_UNIT ( $, .RADIAN. ) );
#3991 = STYLED_ITEM ( 'NONE', ( #850 ), #2198 ) ;
#3992 =( GEOMETRIC_REPRESENTATION_CONTEXT ( 3 ) GLOBAL_UNCERTAINTY_ASSIGNED_CONTEXT ( ( #3812 ) ) GLOBAL_UNIT_ASSIGNED_CONTEXT ( ( #720, #5848, #5797 ) ) REPRESENTATION_CONTEXT ( 'NONE', 'WORKASPACE' ) );
#3993 = FILL_AREA_STYLE ('',( #6032 ) ) ;
#3994 =( NAMED_UNIT ( * ) SI_UNIT ( $, .STERADIAN. ) SOLID_ANGLE_UNIT ( ) );
#3995 = CARTESIAN_POINT ( 'NONE',  ( -0.1499999999999996059, -3.350000000000000089, 3.794707603699265519E-16 ) ) ;
#3996 = CARTESIAN_POINT ( 'NONE',  ( -2.690000000000000391, 3.349999999999999645, 0.2000000000000003997 ) ) ;
#3997 = CARTESIAN_POINT ( 'NONE',  ( -2.689999999999999503, -3.350000000000000533, 0.2000000000000003997 ) ) ;
#3998 = CARTESIAN_POINT ( 'NONE',  ( -0.6693518329063288252, 0.06386883100453978612, 0.8000000000000003775 ) ) ;
#3999 = FILL_AREA_STYLE_COLOUR ( '', #1546 ) ;
#4000 = EDGE_CURVE ( 'NONE', #4871, #5976, #584, .T. ) ;
#4001 = PLANE ( 'NONE',  #6219 ) ;
#4002 = CARTESIAN_POINT ( 'NONE',  ( -0.4800214309976627014, 0.4097091478659776187, 0.8000000000000001554 ) ) ;
#4003 = PLANE ( 'NONE',  #5470 ) ;
#4004 =( NAMED_UNIT ( * ) SI_UNIT ( $, .STERADIAN. ) SOLID_ANGLE_UNIT ( ) );
#4005 = UNCERTAINTY_MEASURE_WITH_UNIT (LENGTH_MEASURE( 1.000000000000000082E-05 ), #2933, 'distance_accuracy_value', 'NONE');
#4006 = EDGE_CURVE ( 'NONE', #4562, #4604, #2202, .T. ) ;
#4007 = CARTESIAN_POINT ( 'NONE',  ( -0.5554119525116941736, 0.4048424330747723010, 0.7999999999999997113 ) ) ;
#4008 = ORIENTED_EDGE ( 'NONE', *, *, #2101, .F. ) ;
#4009 = AXIS2_PLACEMENT_3D ( 'NONE', #430, #2468, #348 ) ;
#4010 = FACE_OUTER_BOUND ( 'NONE', #3619, .T. ) ;
#4011 = EDGE_LOOP ( 'NONE', ( #6111, #2076, #3772 ) ) ;
#4012 = UNCERTAINTY_MEASURE_WITH_UNIT (LENGTH_MEASURE( 1.000000000000000082E-05 ), #1610, 'distance_accuracy_value', 'NONE');
#4013 = CARTESIAN_POINT ( 'NONE',  ( -0.3022453637564939677, 0.2833460579297081283, 0.6999999999999999556 ) ) ;
#4014 = LINE ( 'NONE', #1804, #5635 ) ;
#4015 = EDGE_CURVE ( 'NONE', #4112, #49, #4136, .T. ) ;
#4016 = CARTESIAN_POINT ( 'NONE',  ( 2.390000000000000568, -3.350000000000000089, 3.794707603699265519E-16 ) ) ;
#4017 = FACE_OUTER_BOUND ( 'NONE', #885, .T. ) ;
#4018 = CARTESIAN_POINT ( 'NONE',  ( -2.390000000000000568, 3.149999999999999467, 0.2000000000000003997 ) ) ;
#4019 = ORIENTED_EDGE ( 'NONE', *, *, #784, .F. ) ;
#4020 = DIRECTION ( 'NONE',  ( -0.000000000000000000, 0.000000000000000000, 1.000000000000000000 ) ) ;
#4021 = CARTESIAN_POINT ( 'NONE',  ( 2.390000000000000568, -2.850000000000000089, 0.6999999999999999556 ) ) ;
#4022 =( NAMED_UNIT ( * ) SI_UNIT ( $, .STERADIAN. ) SOLID_ANGLE_UNIT ( ) );
#4023 = EDGE_LOOP ( 'NONE', ( #2427, #2294, #3917, #3051 ) ) ;
#4024 = VECTOR ( 'NONE', #5525, 1000.000000000000000 ) ;
#4025 = ORIENTED_EDGE ( 'NONE', *, *, #4041, .T. ) ;
#4026 = FILL_AREA_STYLE ('',( #1411 ) ) ;
#4027 = CARTESIAN_POINT ( 'NONE',  ( -0.4656271420926503257, 0.03354761702236834509, 0.7999999999999999334 ) ) ;
#4028 = PRESENTATION_STYLE_ASSIGNMENT (( #1959 ) ) ;
#4029 = FILL_AREA_STYLE_COLOUR ( '', #4878 ) ;
#4030 = PRESENTATION_LAYER_ASSIGNMENT (  '', '', ( #6184 ) ) ;
#4031 = ORIENTED_EDGE ( 'NONE', *, *, #1171, .F. ) ;
#4032 = EDGE_LOOP ( 'NONE', ( #4172, #4533, #2839, #6307 ) ) ;
#4033 = VERTEX_POINT ( 'NONE', #1726 ) ;
#4034 = CARTESIAN_POINT ( 'NONE',  ( -0.2410256410256410575, 0.000000000000000000, 0.8000000000000000444 ) ) ;
#4035 = CARTESIAN_POINT ( 'NONE',  ( -1.138221153846153966, 0.04102564102564107418, 0.6999999999999999556 ) ) ;
#4036 = PRESENTATION_STYLE_ASSIGNMENT (( #2503 ) ) ;
#4037 = SURFACE_SIDE_STYLE ('',( #5965 ) ) ;
#4038 = EDGE_LOOP ( 'NONE', ( #3537, #6562 ) ) ;
#4039 = DIRECTION ( 'NONE',  ( 1.164243943608595195E-16, -1.000000000000000000, 1.355252715606880789E-16 ) ) ;
#4040 = CARTESIAN_POINT ( 'NONE',  ( -0.7589743589743590535, 0.4000000000000000222, 0.8000000000000000444 ) ) ;
#4041 = EDGE_CURVE ( 'NONE', #6643, #4590, #2035, .T. ) ;
#4042 = VECTOR ( 'NONE', #2234, 1000.000000000000000 ) ;
#4043 = CARTESIAN_POINT ( 'NONE',  ( -1.273817026617285242, 0.05966404795450654802, 0.7999999999999998224 ) ) ;
#4044 = EDGE_LOOP ( 'NONE', ( #1101, #6433, #4105, #4518 ) ) ;
#4045 = DIRECTION ( 'NONE',  ( 1.000000000000000000, 1.164243943608595441E-16, -0.000000000000000000 ) ) ;
#4046 = ORIENTED_EDGE ( 'NONE', *, *, #1304, .F. ) ;
#4047 = ORIENTED_EDGE ( 'NONE', *, *, #6080, .F. ) ;
#4048 = CARTESIAN_POINT ( 'NONE',  ( -0.4159337082047554479, 0.04943296532809694083, 0.6999999999999997335 ) ) ;
#4049 = CARTESIAN_POINT ( 'NONE',  ( -1.247404098278138473, 0.3464276000314572279, 0.8000000000000000444 ) ) ;
#4050 = ORIENTED_EDGE ( 'NONE', *, *, #69, .F. ) ;
#4051 =( GEOMETRIC_REPRESENTATION_CONTEXT ( 3 ) GLOBAL_UNCERTAINTY_ASSIGNED_CONTEXT ( ( #5506 ) ) GLOBAL_UNIT_ASSIGNED_CONTEXT ( ( #6465, #1851, #3326 ) ) REPRESENTATION_CONTEXT ( 'NONE', 'WORKASPACE' ) );
#4052 = VERTEX_POINT ( 'NONE', #5363 ) ;
#4053 = EDGE_CURVE ( 'NONE', #1730, #2344, #5603, .T. ) ;
#4054 = LINE ( 'NONE', #5446, #2107 ) ;
#4055 = VERTEX_POINT ( 'NONE', #4381 ) ;
#4056 = DIRECTION ( 'NONE',  ( -0.9079872537420919931, 0.4189977888269744155, 0.000000000000000000 ) ) ;
#4057 = EDGE_CURVE ( 'NONE', #4052, #4752, #664, .T. ) ;
#4058 = ORIENTED_EDGE ( 'NONE', *, *, #661, .T. ) ;
#4059 = CARTESIAN_POINT ( 'NONE',  ( 3.325000000000001510, -1.043175853018394994, 0.000000000000000000 ) ) ;
#4060 = LINE ( 'NONE', #109, #968 ) ;
#4061 = DIRECTION ( 'NONE',  ( 1.164243943608595441E-16, -1.000000000000000000, 0.000000000000000000 ) ) ;
#4062 = DIRECTION ( 'NONE',  ( 0.000000000000000000, -0.000000000000000000, 1.000000000000000000 ) ) ;
#4063 = DIRECTION ( 'NONE',  ( -0.000000000000000000, -0.000000000000000000, -1.000000000000000000 ) ) ;
#4064 = SURFACE_STYLE_FILL_AREA ( #2373 ) ;
#4065 = SURFACE_STYLE_USAGE ( .BOTH. , #992 ) ;
#4066 = DIRECTION ( 'NONE',  ( 0.000000000000000000, 0.000000000000000000, 1.000000000000000000 ) ) ;
#4067 =( GEOMETRIC_REPRESENTATION_CONTEXT ( 3 ) GLOBAL_UNCERTAINTY_ASSIGNED_CONTEXT ( ( #6063 ) ) GLOBAL_UNIT_ASSIGNED_CONTEXT ( ( #1622, #2141, #2661 ) ) REPRESENTATION_CONTEXT ( 'NONE', 'WORKASPACE' ) );
#4068 = CARTESIAN_POINT ( 'NONE',  ( -0.3260240736353015589, 0.1650771286528283088, 0.6999999999999999556 ) ) ;
#4069 = FILL_AREA_STYLE ('',( #4029 ) ) ;
#4070 = ADVANCED_FACE ( 'NONE', ( #501 ), #5023, .F. ) ;
#4071 = AXIS2_PLACEMENT_3D ( 'NONE', #4444, #3494, #391 ) ;
#4072 = DIRECTION ( 'NONE',  ( -0.000000000000000000, -0.000000000000000000, -1.000000000000000000 ) ) ;
#4073 = CARTESIAN_POINT ( 'NONE',  ( -0.3340166903126438047, 0.3351732904708904504, 0.6999999999999999556 ) ) ;
#4074 = DIRECTION ( 'NONE',  ( 1.000000000000000000, 0.000000000000000000, 0.000000000000000000 ) ) ;
#4075 = CARTESIAN_POINT ( 'NONE',  ( -0.6432721475578256909, 0.3052344991162319054, 0.7999999999999999334 ) ) ;
#4076 =( NAMED_UNIT ( * ) SI_UNIT ( $, .STERADIAN. ) SOLID_ANGLE_UNIT ( ) );
#4077 = CYLINDRICAL_SURFACE ( 'NONE', #4767, 0.2000000000000000944 ) ;
#4078 = PLANE ( 'NONE',  #3776 ) ;
#4079 = EDGE_CURVE ( 'NONE', #6197, #5483, #113, .T. ) ;
#4080 = ADVANCED_BREP_SHAPE_REPRESENTATION ( 'XFMR-SMD_L7.5-W6.7-P2.54-LS7.7-BL', ( #3403, #1760 ), #5920 ) ;
#4081 = AXIS2_PLACEMENT_3D ( 'NONE', #128, #1052, #3747 ) ;
#4082 = CARTESIAN_POINT ( 'NONE',  ( -0.3869585997044107106, 0.06761187549697660060, 0.6999999999999998446 ) ) ;
#4083 = FILL_AREA_STYLE ('',( #3931 ) ) ;
#4084 = CARTESIAN_POINT ( 'NONE',  ( -0.05128205128205128721, 0.000000000000000000, 0.6999999999999999556 ) ) ;
#4085 = VERTEX_POINT ( 'NONE', #316 ) ;
#4086 = PRESENTATION_STYLE_ASSIGNMENT (( #3265 ) ) ;
#4087 = PLANE ( 'NONE',  #3406 ) ;
#4088 = ORIENTED_EDGE ( 'NONE', *, *, #5479, .F. ) ;
#4089 = UNCERTAINTY_MEASURE_WITH_UNIT (LENGTH_MEASURE( 1.000000000000000082E-05 ), #859, 'distance_accuracy_value', 'NONE');
#4090 = CARTESIAN_POINT ( 'NONE',  ( -0.1499999999999996059, -3.149999999999999911, 0.2000000000000003997 ) ) ;
#4091 = CARTESIAN_POINT ( 'NONE',  ( -0.6769230769230770717, 0.3266025641025641635, 0.8000000000000000444 ) ) ;
#4092 = VECTOR ( 'NONE', #6142, 1000.000000000000000 ) ;
#4093 = VECTOR ( 'NONE', #3310, 1000.000000000000000 ) ;
#4094 =( GEOMETRIC_REPRESENTATION_CONTEXT ( 3 ) GLOBAL_UNCERTAINTY_ASSIGNED_CONTEXT ( ( #6207 ) ) GLOBAL_UNIT_ASSIGNED_CONTEXT ( ( #6037, #376, #4655 ) ) REPRESENTATION_CONTEXT ( 'NONE', 'WORKASPACE' ) );
#4095 = SURFACE_SIDE_STYLE ('',( #3292 ) ) ;
#4096 = ORIENTED_EDGE ( 'NONE', *, *, #4057, .T. ) ;
#4097 = ADVANCED_FACE ( 'NONE', ( #4625 ), #3927, .T. ) ;
#4098 = CARTESIAN_POINT ( 'NONE',  ( 2.689999999999999503, 3.850000000000000089, -0.2999999999999998224 ) ) ;
#4099 =( GEOMETRIC_REPRESENTATION_CONTEXT ( 3 ) GLOBAL_UNCERTAINTY_ASSIGNED_CONTEXT ( ( #3869 ) ) GLOBAL_UNIT_ASSIGNED_CONTEXT ( ( #4624, #3099, #4639 ) ) REPRESENTATION_CONTEXT ( 'NONE', 'WORKASPACE' ) );
#4100 = VERTEX_POINT ( 'NONE', #6527 ) ;
#4101 = VERTEX_POINT ( 'NONE', #3437 ) ;
#4102 = VECTOR ( 'NONE', #3313, 1000.000000000000000 ) ;
#4103 = DIRECTION ( 'NONE',  ( 0.000000000000000000, -0.000000000000000000, 1.000000000000000000 ) ) ;
#4104 = CARTESIAN_POINT ( 'NONE',  ( -0.3426686129249965074, 0.1184704001786343885, 0.6999999999999998446 ) ) ;
#4105 = ORIENTED_EDGE ( 'NONE', *, *, #3615, .T. ) ;
#4106 = LINE ( 'NONE', #2673, #2489 ) ;
#4107 = ORIENTED_EDGE ( 'NONE', *, *, #4164, .F. ) ;
#4108 = PRESENTATION_LAYER_ASSIGNMENT (  '', '', ( #5426 ) ) ;
#4109 = DIRECTION ( 'NONE',  ( -0.000000000000000000, -0.000000000000000000, -1.000000000000000000 ) ) ;
#4110 = CIRCLE ( 'NONE', #3164, 0.2000000000000000944 ) ;
#4111 = PRESENTATION_STYLE_ASSIGNMENT (( #3230 ) ) ;
#4112 = VERTEX_POINT ( 'NONE', #868 ) ;
#4113 = COLOUR_RGB ( '',0.1803921568627450955, 0.1803921568627450955, 0.1803921568627450955 ) ;
#4114 = CARTESIAN_POINT ( 'NONE',  ( -1.287684001942349665, 0.3266281587662107078, 0.7999999999999999334 ) ) ;
#4115 = CARTESIAN_POINT ( 'NONE',  ( -0.3214833026301965324, 0.3187713705101441475, 0.8000000000000000444 ) ) ;
#4116 = PRESENTATION_STYLE_ASSIGNMENT (( #4872 ) ) ;
#4117 = CARTESIAN_POINT ( 'NONE',  ( -0.08717948717948718895, 0.4000000000000000222, 0.6999999999999999556 ) ) ;
#4118 = EDGE_CURVE ( 'NONE', #3328, #6567, #6659, .T. ) ;
#4119 = ORIENTED_EDGE ( 'NONE', *, *, #6428, .F. ) ;
#4120 = FILL_AREA_STYLE_COLOUR ( '', #5 ) ;
#4121 = CARTESIAN_POINT ( 'NONE',  ( 2.389999999999999680, 3.149999999999999911, 0.6999999999999998446 ) ) ;
#4122 = ORIENTED_EDGE ( 'NONE', *, *, #990, .T. ) ;
#4123 = EDGE_CURVE ( 'NONE', #6701, #3388, #353, .T. ) ;
#4124 = ORIENTED_EDGE ( 'NONE', *, *, #5277, .T. ) ;
#4125 = CARTESIAN_POINT ( 'NONE',  ( 0.1499999999999995226, 3.850000000000000089, -0.2999999999999998224 ) ) ;
#4126 = SURFACE_SIDE_STYLE ('',( #6481 ) ) ;
#4127 = ORIENTED_EDGE ( 'NONE', *, *, #544, .T. ) ;
#4128 = ADVANCED_FACE ( 'NONE', ( #1796 ), #5471, .F. ) ;
#4129 = CARTESIAN_POINT ( 'NONE',  ( -0.6693518329063288252, 0.06386883100453978612, 0.7000000000000002887 ) ) ;
#4130 = MECHANICAL_DESIGN_GEOMETRIC_PRESENTATION_REPRESENTATION (  '', ( #797 ), #2652 ) ;
#4131 = CARTESIAN_POINT ( 'NONE',  ( 3.325000000000002398, -1.343175853018395260, 0.000000000000000000 ) ) ;
#4132 = CARTESIAN_POINT ( 'NONE',  ( -0.2871794871794872139, 0.2023237179487179793, 0.8000000000000000444 ) ) ;
#4133 = CARTESIAN_POINT ( 'NONE',  ( -0.6616716916579301611, 0.3454389909975190687, 0.7999999999999997113 ) ) ;
#4134 = EDGE_CURVE ( 'NONE', #5336, #838, #1626, .T. ) ;
#4135 = DIRECTION ( 'NONE',  ( 0.000000000000000000, -1.000000000000000000, 0.000000000000000000 ) ) ;
#4136 = LINE ( 'NONE', #3912, #4537 ) ;
#4137 = FILL_AREA_STYLE_COLOUR ( '', #2642 ) ;
#4138 = FILL_AREA_STYLE ('',( #5796 ) ) ;
#4139 = PRESENTATION_LAYER_ASSIGNMENT (  '', '', ( #922 ) ) ;
#4140 = CARTESIAN_POINT ( 'NONE',  ( -0.7589743589743590535, 0.000000000000000000, 0.8000000000000000444 ) ) ;
#4141 = AXIS2_PLACEMENT_3D ( 'NONE', #5736, #2608, #4704 ) ;
#4142 = CARTESIAN_POINT ( 'NONE',  ( -0.6239139896693790543, 0.02359915519525818128, 0.8000000000000000444 ) ) ;
#4143 = SURFACE_STYLE_USAGE ( .BOTH. , #4161 ) ;
#4144 = CARTESIAN_POINT ( 'NONE',  ( -0.6239139896693790543, 0.02359915519525818128, 0.6999999999999999556 ) ) ;
#4145 = CARTESIAN_POINT ( 'NONE',  ( -1.303176668916880887, 0.3662955970417894336, 0.7999999999999999334 ) ) ;
#4146 = CARTESIAN_POINT ( 'NONE',  ( 1.214511168995398135E-16, -1.043175853018395882, 0.000000000000000000 ) ) ;
#4147 = ADVANCED_FACE ( 'NONE', ( #4214 ), #4968, .T. ) ;
#4148 = CARTESIAN_POINT ( 'NONE',  ( -1.627804487179487669, 0.3220352564102565429, 0.6999999999999999556 ) ) ;
#4149 = LINE ( 'NONE', #3040, #3526 ) ;
#4150 = CARTESIAN_POINT ( 'NONE',  ( -1.252564102564102777, 0.05120192307692308237, 0.8000000000000000444 ) ) ;
#4151 = ORIENTED_EDGE ( 'NONE', *, *, #1942, .T. ) ;
#4152 = FACE_OUTER_BOUND ( 'NONE', #4692, .T. ) ;
#4153 = CARTESIAN_POINT ( 'NONE',  ( -2.354330708661414917, -2.731627296587916032, 3.000000000000000000 ) ) ;
#4154 = VECTOR ( 'NONE', #2870, 1000.000000000000000 ) ;
#4155 = PRESENTATION_STYLE_ASSIGNMENT (( #1979 ) ) ;
#4156 = B_SPLINE_CURVE_WITH_KNOTS ( 'NONE', 3,
 ( #1750, #697, #5868, #5849, #1657, #4797, #6324, #2748, #5894, #1725, #5310 ),
 .UNSPECIFIED., .F., .F.,
 ( 4, 1, 1, 1, 1, 1, 1, 1, 4 ),
 ( 0.000000000000000000, 0.1243285095938499729, 0.2471560163611867256, 0.3687797492913394981, 0.4907338624016480133, 0.6136137718478437142, 0.7389575757222155428, 0.8673105751912625339, 1.000000000000000000 ),
 .UNSPECIFIED. ) ;
#4157 = FACE_OUTER_BOUND ( 'NONE', #446, .T. ) ;
#4158 = VERTEX_POINT ( 'NONE', #4993 ) ;
#4159 = PRESENTATION_LAYER_ASSIGNMENT (  '', '', ( #4886 ) ) ;
#4160 = PRESENTATION_STYLE_ASSIGNMENT (( #2310 ) ) ;
#4161 = SURFACE_SIDE_STYLE ('',( #3938 ) ) ;
#4162 =( LENGTH_UNIT ( ) NAMED_UNIT ( * ) SI_UNIT ( .MILLI., .METRE. ) );
#4163 = LINE ( 'NONE', #5634, #3696 ) ;
#4164 = EDGE_CURVE ( 'NONE', #3066, #5353, #816, .T. ) ;
#4165 = ORIENTED_EDGE ( 'NONE', *, *, #5012, .F. ) ;
#4166 = ORIENTED_EDGE ( 'NONE', *, *, #2118, .T. ) ;
#4167 = COLOUR_RGB ( '',0.1803921568627450955, 0.1803921568627450955, 0.1803921568627450955 ) ;
#4168 = CARTESIAN_POINT ( 'NONE',  ( -0.3379006410256410464, 0.05969551282051282354, 0.7000000000000000666 ) ) ;
#4169 = VECTOR ( 'NONE', #3383, 1000.000000000000000 ) ;
#4170 = CARTESIAN_POINT ( 'NONE',  ( -1.698317307692307709, 0.1692307692307692679, 0.8000000000000000444 ) ) ;
#4171 = EDGE_LOOP ( 'NONE', ( #1286, #5836, #6614, #2891 ) ) ;
#4172 = ORIENTED_EDGE ( 'NONE', *, *, #3457, .F. ) ;
#4173 = ORIENTED_EDGE ( 'NONE', *, *, #2454, .F. ) ;
#4174 = VECTOR ( 'NONE', #4109, 1000.000000000000000 ) ;
#4175 = SURFACE_STYLE_USAGE ( .BOTH. , #2617 ) ;
#4176 = AXIS2_PLACEMENT_3D ( 'NONE', #5933, #2886, #6580 ) ;
#4177 = SURFACE_STYLE_USAGE ( .BOTH. , #2671 ) ;
#4178 = LINE ( 'NONE', #1664, #2984 ) ;
#4179 = CARTESIAN_POINT ( 'NONE',  ( -1.359441637551695337, 0.08916975828813994420, 0.8000000000000000444 ) ) ;
#4180 = ORIENTED_EDGE ( 'NONE', *, *, #2173, .F. ) ;
#4181 = SURFACE_STYLE_FILL_AREA ( #4138 ) ;
#4182 = DIRECTION ( 'NONE',  ( -1.000000000000000000, -1.164243943608595441E-16, 0.000000000000000000 ) ) ;
#4183 = PLANE ( 'NONE',  #6546 ) ;
#4184 = CARTESIAN_POINT ( 'NONE',  ( 3.325000000000002398, 1.343175853018396149, 0.000000000000000000 ) ) ;
#4185 = FILL_AREA_STYLE ('',( #3170 ) ) ;
#4186 = ADVANCED_FACE ( 'NONE', ( #6158 ), #3956, .F. ) ;
#4187 = ORIENTED_EDGE ( 'NONE', *, *, #1571, .F. ) ;
#4188 = EDGE_CURVE ( 'NONE', #1977, #5513, #3417, .T. ) ;
#4189 =( LENGTH_UNIT ( ) NAMED_UNIT ( * ) SI_UNIT ( .MILLI., .METRE. ) );
#4190 =( GEOMETRIC_REPRESENTATION_CONTEXT ( 3 ) GLOBAL_UNCERTAINTY_ASSIGNED_CONTEXT ( ( #4921 ) ) GLOBAL_UNIT_ASSIGNED_CONTEXT ( ( #3806, #696, #4841 ) ) REPRESENTATION_CONTEXT ( 'NONE', 'WORKASPACE' ) );
#4191 = EDGE_LOOP ( 'NONE', ( #5234, #866, #4854, #4151, #3534, #2902, #6646 ) ) ;
#4192 = VERTEX_POINT ( 'NONE', #5132 ) ;
#4193 = FILL_AREA_STYLE_COLOUR ( '', #1242 ) ;
#4194 = UNCERTAINTY_MEASURE_WITH_UNIT (LENGTH_MEASURE( 1.000000000000000082E-05 ), #5778, 'distance_accuracy_value', 'NONE');
#4195 = DIRECTION ( 'NONE',  ( 1.000000000000000000, 1.164243943608595441E-16, -0.000000000000000000 ) ) ;
#4196 = CARTESIAN_POINT ( 'NONE',  ( -0.4482083075310652753, 0.03726923113702642482, 0.8000000000000002665 ) ) ;
#4197 = UNCERTAINTY_MEASURE_WITH_UNIT (LENGTH_MEASURE( 1.000000000000000082E-05 ), #5776, 'distance_accuracy_value', 'NONE');
#4198 = ORIENTED_EDGE ( 'NONE', *, *, #2118, .F. ) ;
#4199 = CARTESIAN_POINT ( 'NONE',  ( -0.6441770985595010046, 0.3619642658854137496, 0.7000000000000002887 ) ) ;
#4200 = ORIENTED_EDGE ( 'NONE', *, *, #1293, .F. ) ;
#4201 = ORIENTED_EDGE ( 'NONE', *, *, #5773, .T. ) ;
#4202 =( LENGTH_UNIT ( ) NAMED_UNIT ( * ) SI_UNIT ( .MILLI., .METRE. ) );
#4203 = EDGE_CURVE ( 'NONE', #977, #6412, #3833, .T. ) ;
#4204 = CARTESIAN_POINT ( 'NONE',  ( -1.192426703893319395, 0.04236900299097510342, 0.8000000000000001554 ) ) ;
#4205 = EDGE_LOOP ( 'NONE', ( #1702, #3337, #4781, #1957 ) ) ;
#4206 = STYLED_ITEM ( 'NONE', ( #425 ), #5754 ) ;
#4207 = FACE_OUTER_BOUND ( 'NONE', #4607, .T. ) ;
#4208 = SURFACE_SIDE_STYLE ('',( #4855 ) ) ;
#4209 =( NAMED_UNIT ( * ) PLANE_ANGLE_UNIT ( ) SI_UNIT ( $, .RADIAN. ) );
#4210 = B_SPLINE_CURVE_WITH_KNOTS ( 'NONE', 3,
 ( #5994, #769, #3356, #6010, #2928, #2904, #1287, #4957, #3904, #5449, #355, #6497, #6516, #3886, #3968, #4919, #1808, #2326, #2850 ),
 .UNSPECIFIED., .F., .F.,
 ( 4, 1, 1, 1, 1, 1, 1, 1, 1, 1, 1, 1, 1, 1, 1, 1, 4 ),
 ( 0.000000000000000000, 0.06966280089907736506, 0.1377495622582728674, 0.2039167435177827170, 0.2687798623293365941, 0.3324137064772236805, 0.3947535404471393394, 0.4561800316591686499, 0.5169956491967194756, 0.5773959379659517888, 0.6371983435092752890, 0.6969991842614546851, 0.7567561942255596197, 0.8165539052726076275, 0.8769479965978700386, 0.9381317879205950394, 0.9999999999999998890 ),
 .UNSPECIFIED. ) ;
#4211 = EDGE_CURVE ( 'NONE', #6369, #1843, #2114, .T. ) ;
#4212 = DIRECTION ( 'NONE',  ( -0.000000000000000000, -0.000000000000000000, -1.000000000000000000 ) ) ;
#4213 = CARTESIAN_POINT ( 'NONE',  ( 3.025000000000002132, -1.343175853018394816, 0.000000000000000000 ) ) ;
#4214 = FACE_OUTER_BOUND ( 'NONE', #4280, .T. ) ;
#4215 = PRESENTATION_LAYER_ASSIGNMENT (  '', '', ( #6523 ) ) ;
#4216 = CARTESIAN_POINT ( 'NONE',  ( -1.435897435897435903, 0.000000000000000000, 0.8000000000000000444 ) ) ;
#4217 = CARTESIAN_POINT ( 'NONE',  ( -1.383129929819975068, 0.1659058747291569103, 0.6999999999999999556 ) ) ;
#4218 = DIRECTION ( 'NONE',  ( 0.000000000000000000, 1.000000000000000000, 0.000000000000000000 ) ) ;
#4219 = CARTESIAN_POINT ( 'NONE',  ( -0.3404290655912048935, 0.05683081863362315911, 0.7999999999999999334 ) ) ;
#4220 = DIRECTION ( 'NONE',  ( 0.000000000000000000, 1.000000000000000000, 0.000000000000000000 ) ) ;
#4221 = EDGE_CURVE ( 'NONE', #5036, #5483, #6653, .T. ) ;
#4222 = CARTESIAN_POINT ( 'NONE',  ( -2.689999999999999503, -3.850000000000000533, 1.626303258728256651E-16 ) ) ;
#4223 = ADVANCED_FACE ( 'NONE', ( #2843, #4207 ), #4078, .T. ) ;
#4224 = PLANE ( 'NONE',  #1305 ) ;
#4225 = CARTESIAN_POINT ( 'NONE',  ( -1.233011193444533582, 0.04652541393320326624, 0.8000000000000000444 ) ) ;
#4226 = CARTESIAN_POINT ( 'NONE',  ( -0.3230769230769230949, 0.1995993589743589869, 0.8000000000000000444 ) ) ;
#4227 = AXIS2_PLACEMENT_3D ( 'NONE', #2956, #2353, #385 ) ;
#4228 = DIRECTION ( 'NONE',  ( 1.000000000000000000, 0.000000000000000000, 0.000000000000000000 ) ) ;
#4229 = PRESENTATION_STYLE_ASSIGNMENT (( #3270 ) ) ;
#4230 =( LENGTH_UNIT ( ) NAMED_UNIT ( * ) SI_UNIT ( .MILLI., .METRE. ) );
#4231 = FILL_AREA_STYLE ('',( #1635 ) ) ;
#4232 = ORIENTED_EDGE ( 'NONE', *, *, #3572, .F. ) ;
#4233 = CARTESIAN_POINT ( 'NONE',  ( 3.325000000000002398, -1.343175853018395260, 0.000000000000000000 ) ) ;
#4234 = FILL_AREA_STYLE ('',( #607 ) ) ;
#4235 = EDGE_LOOP ( 'NONE', ( #250, #4287, #173, #1671 ) ) ;
#4236 = EDGE_CURVE ( 'NONE', #1699, #2484, #5272, .T. ) ;
#4237 = LINE ( 'NONE', #5934, #2377 ) ;
#4238 = CARTESIAN_POINT ( 'NONE',  ( -2.690000000000000391, 3.349999999999999645, 3.523657060577889411E-16 ) ) ;
#4239 = EDGE_LOOP ( 'NONE', ( #3520, #2817, #397, #4124 ) ) ;
#4240 = CIRCLE ( 'NONE', #1550, 0.2000000000000000944 ) ;
#4241 = ADVANCED_FACE ( 'NONE', ( #811 ), #2467, .T. ) ;
#4242 = CARTESIAN_POINT ( 'NONE',  ( -0.7948717948717949344, 0.1948717948717949011, 0.8000000000000000444 ) ) ;
#4243 = FACE_OUTER_BOUND ( 'NONE', #5798, .T. ) ;
#4244 = FILL_AREA_STYLE_COLOUR ( '', #6179 ) ;
#4245 = VECTOR ( 'NONE', #237, 1000.000000000000000 ) ;
#4246 = FACE_OUTER_BOUND ( 'NONE', #709, .T. ) ;
#4247 = ORIENTED_EDGE ( 'NONE', *, *, #3097, .F. ) ;
#4248 = DIRECTION ( 'NONE',  ( 0.000000000000000000, 0.000000000000000000, 1.000000000000000000 ) ) ;
#4249 = SURFACE_STYLE_FILL_AREA ( #4185 ) ;
#4250 = CARTESIAN_POINT ( 'NONE',  ( -1.249663158617887015, 0.05035951795270832837, 0.8000000000000000444 ) ) ;
#4251 = B_SPLINE_CURVE_WITH_KNOTS ( 'NONE', 3,
 ( #361, #2446, #3998, #5064, #2935, #4457, #1458, #2954, #4526, #6555, #3953, #4476, #4544, #6018, #1389, #343, #6070, #3488, #2976 ),
 .UNSPECIFIED., .F., .F.,
 ( 4, 1, 1, 1, 1, 1, 1, 1, 1, 1, 1, 1, 1, 1, 1, 1, 4 ),
 ( 0.000000000000000000, 0.06167423887742603389, 0.1230530616348058798, 0.1834750007317021148, 0.2437265005106117599, 0.3042789165122536943, 0.3648629209606826795, 0.4259462039686196522, 0.4873912299654080127, 0.5492203840754762423, 0.6111435886926029903, 0.6735285303101521404, 0.7369614566573042813, 0.8007852828728402317, 0.8660125956416149240, 0.9321007477905784988, 1.000000000000000000 ),
 .UNSPECIFIED. ) ;
#4252 = SURFACE_STYLE_FILL_AREA ( #6590 ) ;
#4253 = STYLED_ITEM ( 'NONE', ( #935 ), #6306 ) ;
#4254 = DIRECTION ( 'NONE',  ( 1.000000000000000000, 0.000000000000000000, 0.000000000000000000 ) ) ;
#4255 = ORIENTED_EDGE ( 'NONE', *, *, #6074, .F. ) ;
#4256 = AXIS2_PLACEMENT_3D ( 'NONE', #3318, #692, #5301 ) ;
#4257 = ORIENTED_EDGE ( 'NONE', *, *, #5604, .F. ) ;
#4258 = ADVANCED_FACE ( 'NONE', ( #3506 ), #4545, .F. ) ;
#4259 = DIRECTION ( 'NONE',  ( -0.000000000000000000, -0.000000000000000000, 1.000000000000000000 ) ) ;
#4260 = LINE ( 'NONE', #5286, #2801 ) ;
#4261 = LINE ( 'NONE', #2444, #2804 ) ;
#4262 = EDGE_CURVE ( 'NONE', #3074, #2060, #6154, .T. ) ;
#4263 = CARTESIAN_POINT ( 'NONE',  ( -1.056410256410256654, 0.4000000000000000222, 0.6999999999999999556 ) ) ;
#4264 = SPHERICAL_SURFACE ( 'NONE', #4467, 0.2999999999999999889 ) ;
#4265 = ORIENTED_EDGE ( 'NONE', *, *, #815, .F. ) ;
#4266 =( NAMED_UNIT ( * ) PLANE_ANGLE_UNIT ( ) SI_UNIT ( $, .RADIAN. ) );
#4267 = SURFACE_STYLE_USAGE ( .BOTH. , #3158 ) ;
#4268 = CARTESIAN_POINT ( 'NONE',  ( -1.137179487179487358, 0.4000000000000000222, 0.6999999999999999556 ) ) ;
#4269 = ORIENTED_EDGE ( 'NONE', *, *, #3503, .F. ) ;
#4270 = LINE ( 'NONE', #946, #2906 ) ;
#4271 = SURFACE_SIDE_STYLE ('',( #4497 ) ) ;
#4272 = ORIENTED_EDGE ( 'NONE', *, *, #6201, .F. ) ;
#4273 = CIRCLE ( 'NONE', #6574, 0.2999999999999999334 ) ;
#4274 = CARTESIAN_POINT ( 'NONE',  ( -1.177389072080943899, 0.3574649145608261858, 0.6999999999999998446 ) ) ;
#4275 = AXIS2_PLACEMENT_3D ( 'NONE', #3021, #5967, #2011 ) ;
#4276 = SURFACE_SIDE_STYLE ('',( #4325 ) ) ;
#4277 = CARTESIAN_POINT ( 'NONE',  ( -1.271206977842831432, 0.01193611755297174781, 0.7000000000000003997 ) ) ;
#4278 = CARTESIAN_POINT ( 'NONE',  ( -1.175754772868079501, 0.04158706727631122924, 0.8000000000000000444 ) ) ;
#4279 = CARTESIAN_POINT ( 'NONE',  ( -0.9846153846153847811, 0.04102564102564103254, 0.6999999999999999556 ) ) ;
#4280 = EDGE_LOOP ( 'NONE', ( #3964, #5623, #6076, #148 ) ) ;
#4281 = FILL_AREA_STYLE_COLOUR ( '', #3814 ) ;
#4282 = DIRECTION ( 'NONE',  ( -1.000000000000000000, 0.000000000000000000, 0.000000000000000000 ) ) ;
#4283 = ORIENTED_EDGE ( 'NONE', *, *, #4352, .F. ) ;
#4284 = SURFACE_STYLE_USAGE ( .BOTH. , #5341 ) ;
#4285 = MECHANICAL_DESIGN_GEOMETRIC_PRESENTATION_REPRESENTATION (  '', ( #3602 ), #4780 ) ;
#4286 = UNCERTAINTY_MEASURE_WITH_UNIT (LENGTH_MEASURE( 1.000000000000000082E-05 ), #2822, 'distance_accuracy_value', 'NONE');
#4287 = ORIENTED_EDGE ( 'NONE', *, *, #5220, .F. ) ;
#4288 = PLANE ( 'NONE',  #2416 ) ;
#4289 = VERTEX_POINT ( 'NONE', #5811 ) ;
#4290 = CIRCLE ( 'NONE', #5714, 0.2999999999999999334 ) ;
#4291 = PLANE ( 'NONE',  #714 ) ;
#4292 = CARTESIAN_POINT ( 'NONE',  ( -0.6455128205128205510, 0.09743589743589745056, 0.8000000000000000444 ) ) ;
#4293 = CARTESIAN_POINT ( 'NONE',  ( -0.2871794871794872139, 0.2023237179487179793, 0.8000000000000000444 ) ) ;
#4294 = ORIENTED_EDGE ( 'NONE', *, *, #3813, .T. ) ;
#4295 =( NAMED_UNIT ( * ) PLANE_ANGLE_UNIT ( ) SI_UNIT ( $, .RADIAN. ) );
#4296 = CARTESIAN_POINT ( 'NONE',  ( 2.690000000000000391, -3.350000000000000089, 3.794707603699265519E-16 ) ) ;
#4297 = ADVANCED_FACE ( 'NONE', ( #577 ), #3720, .F. ) ;
#4298 = CARTESIAN_POINT ( 'NONE',  ( -0.3905218861073250780, 0.3343444005116584239, 0.7000000000000006217 ) ) ;
#4299 = EDGE_CURVE ( 'NONE', #4443, #2013, #5751, .T. ) ;
#4300 = CARTESIAN_POINT ( 'NONE',  ( -1.313722261064342867, 0.3021608983636637213, 0.6999999999999999556 ) ) ;
#4301 = STYLED_ITEM ( 'NONE', ( #1022 ), #5217 ) ;
#4302 = CARTESIAN_POINT ( 'NONE',  ( -1.366882463792045810, 0.2885712786519659678, 0.8000000000000001554 ) ) ;
#4303 = CARTESIAN_POINT ( 'NONE',  ( -1.157508144606478995, 0.04110852977536626207, 0.8000000000000002665 ) ) ;
#4304 = LINE ( 'NONE', #1690, #3005 ) ;
#4305 = CARTESIAN_POINT ( 'NONE',  ( -0.6769230769230770717, 0.3266025641025641635, 0.6999999999999999556 ) ) ;
#4306 = FILL_AREA_STYLE ('',( #4281 ) ) ;
#4307 = CARTESIAN_POINT ( 'NONE',  ( -3.024999999999998579, 3.725000000000000089, 0.000000000000000000 ) ) ;
#4308 = CARTESIAN_POINT ( 'NONE',  ( 2.390000000000000124, -2.850000000000000533, 0.6999999999999999556 ) ) ;
#4309 = MECHANICAL_DESIGN_GEOMETRIC_PRESENTATION_REPRESENTATION (  '', ( #6085 ), #6401 ) ;
#4310 = CARTESIAN_POINT ( 'NONE',  ( 2.389999999999999680, 3.149999999999999911, 0.2000000000000003997 ) ) ;
#4311 = DIRECTION ( 'NONE',  ( -1.000000000000000000, 0.000000000000000000, 0.000000000000000000 ) ) ;
#4312 = CARTESIAN_POINT ( 'NONE',  ( -0.3483535551907714356, 0.3504892620477516596, 0.7999999999999999334 ) ) ;
#4313 = CARTESIAN_POINT ( 'NONE',  ( -0.4421510859758508993, 0.3604506074105589541, 0.6999999999999999556 ) ) ;
#4314 = MECHANICAL_DESIGN_GEOMETRIC_PRESENTATION_REPRESENTATION (  '', ( #1765 ), #4099 ) ;
#4315 = DIRECTION ( 'NONE',  ( 0.000000000000000000, -0.000000000000000000, -1.000000000000000000 ) ) ;
#4316 = CARTESIAN_POINT ( 'NONE',  ( -0.4646990202338958653, 0.3661760865306679102, 0.7000000000000008438 ) ) ;
#4317 = DIRECTION ( 'NONE',  ( -0.000000000000000000, 0.000000000000000000, -1.000000000000000000 ) ) ;
#4318 = DIRECTION ( 'NONE',  ( 0.000000000000000000, -1.000000000000000000, 0.000000000000000000 ) ) ;
#4319 = EDGE_CURVE ( 'NONE', #278, #6373, #2092, .T. ) ;
#4320 = CARTESIAN_POINT ( 'NONE',  ( -2.690000000000000391, 3.849999999999999645, -0.2999999999999998224 ) ) ;
#4321 = AXIS2_PLACEMENT_3D ( 'NONE', #4184, #2675, #4722 ) ;
#4322 = VERTEX_POINT ( 'NONE', #6381 ) ;
#4323 = CARTESIAN_POINT ( 'NONE',  ( 2.390000000000000568, -3.149999999999999911, 0.2000000000000003997 ) ) ;
#4324 = ADVANCED_FACE ( 'NONE', ( #6319 ), #5293, .T. ) ;
#4325 = SURFACE_STYLE_FILL_AREA ( #667 ) ;
#4326 = CARTESIAN_POINT ( 'NONE',  ( 0.1499999999999996614, 2.850000000000000089, 0.6999999999999999556 ) ) ;
#4327 = SURFACE_STYLE_FILL_AREA ( #1510 ) ;
#4328 = DIRECTION ( 'NONE',  ( -0.000000000000000000, -1.000000000000000000, -0.000000000000000000 ) ) ;
#4329 = ORIENTED_EDGE ( 'NONE', *, *, #530, .T. ) ;
#4330 =( LENGTH_UNIT ( ) NAMED_UNIT ( * ) SI_UNIT ( .MILLI., .METRE. ) );
#4331 = FACE_BOUND ( 'NONE', #326, .T. ) ;
#4332 = CARTESIAN_POINT ( 'NONE',  ( -1.177389072080943899, 0.3574649145608261858, 0.6999999999999998446 ) ) ;
#4333 = EDGE_CURVE ( 'NONE', #657, #4955, #4060, .T. ) ;
#4334 = DIRECTION ( 'NONE',  ( -1.164243943608595688E-16, 1.000000000000000000, -4.336808689942017736E-16 ) ) ;
#4335 = ORIENTED_EDGE ( 'NONE', *, *, #2342, .F. ) ;
#4336 = ORIENTED_EDGE ( 'NONE', *, *, #798, .T. ) ;
#4337 = CARTESIAN_POINT ( 'NONE',  ( -0.3358138989908136529, 0.2659095493080942396, 0.8000000000000000444 ) ) ;
#4338 = VECTOR ( 'NONE', #3187, 1000.000000000000000 ) ;
#4339 = PRESENTATION_STYLE_ASSIGNMENT (( #6663 ) ) ;
#4340 = EDGE_CURVE ( 'NONE', #5445, #1043, #2754, .T. ) ;
#4341 = ORIENTED_EDGE ( 'NONE', *, *, #4923, .T. ) ;
#4342 = PRESENTATION_STYLE_ASSIGNMENT (( #2130 ) ) ;
#4343 = VERTEX_POINT ( 'NONE', #4784 ) ;
#4344 =( NAMED_UNIT ( * ) SI_UNIT ( $, .STERADIAN. ) SOLID_ANGLE_UNIT ( ) );
#4345 = VECTOR ( 'NONE', #1566, 1000.000000000000000 ) ;
#4346 = FACE_OUTER_BOUND ( 'NONE', #5555, .T. ) ;
#4347 = PRESENTATION_LAYER_ASSIGNMENT (  '', '', ( #2394 ) ) ;
#4348 = DIRECTION ( 'NONE',  ( -1.000000000000000000, -0.000000000000000000, -0.000000000000000000 ) ) ;
#4349 = ORIENTED_EDGE ( 'NONE', *, *, #2264, .T. ) ;
#4350 = SURFACE_STYLE_FILL_AREA ( #4546 ) ;
#4351 = CARTESIAN_POINT ( 'NONE',  ( -1.240916132050739806, 0.3921220075412049089, 0.8000000000000000444 ) ) ;
#4352 = EDGE_CURVE ( 'NONE', #2257, #3460, #6644, .T. ) ;
#4353 = LINE ( 'NONE', #4966, #6058 ) ;
#4354 = CARTESIAN_POINT ( 'NONE',  ( -0.6616716916579301611, 0.3454389909975190687, 0.6999999999999996225 ) ) ;
#4355 = CARTESIAN_POINT ( 'NONE',  ( -0.4948628510718718343, 0.4100720287691576038, 0.8000000000000000444 ) ) ;
#4356 = CARTESIAN_POINT ( 'NONE',  ( -0.3905218861073250780, 0.3343444005116584239, 0.6999999999999998446 ) ) ;
#4357 = CARTESIAN_POINT ( 'NONE',  ( 2.690000000000000391, -3.050000000000000266, -0.2999999999999999334 ) ) ;
#4358 = ORIENTED_EDGE ( 'NONE', *, *, #852, .F. ) ;
#4359 = ORIENTED_EDGE ( 'NONE', *, *, #419, .T. ) ;
#4360 = CARTESIAN_POINT ( 'NONE',  ( -1.159756422025468581, 0.3583302076588108509, 0.6999999999999999556 ) ) ;
#4361 = PLANE ( 'NONE',  #294 ) ;
#4362 = ORIENTED_EDGE ( 'NONE', *, *, #1476, .F. ) ;
#4363 = UNCERTAINTY_MEASURE_WITH_UNIT (LENGTH_MEASURE( 1.000000000000000082E-05 ), #5950, 'distance_accuracy_value', 'NONE');
#4364 = FACE_OUTER_BOUND ( 'NONE', #5715, .T. ) ;
#4365 = ORIENTED_EDGE ( 'NONE', *, *, #884, .T. ) ;
#4366 = CARTESIAN_POINT ( 'NONE',  ( -3.024999999999998579, -3.725000000000000089, 3.000000000000000000 ) ) ;
#4367 = ORIENTED_EDGE ( 'NONE', *, *, #5255, .T. ) ;
#4368 = CARTESIAN_POINT ( 'NONE',  ( -1.309087632523835643, 0.08579677190348354576, 0.6999999999999999556 ) ) ;
#4369 = DIRECTION ( 'NONE',  ( 1.000000000000000000, -0.000000000000000000, 0.000000000000000000 ) ) ;
#4370 = VECTOR ( 'NONE', #4806, 1000.000000000000000 ) ;
#4371 = DIRECTION ( 'NONE',  ( -0.000000000000000000, -0.000000000000000000, -1.000000000000000000 ) ) ;
#4372 = EDGE_CURVE ( 'NONE', #1620, #2962, #6251, .T. ) ;
#4373 = CARTESIAN_POINT ( 'NONE',  ( -2.690000000000000391, 3.049999999999999822, -0.2999999999999999334 ) ) ;
#4374 = CARTESIAN_POINT ( 'NONE',  ( -1.138221153846153966, 0.04102564102564107418, 0.6999999999999999556 ) ) ;
#4375 = CARTESIAN_POINT ( 'NONE',  ( -1.698317307692307709, 0.1692307692307692679, 0.8000000000000000444 ) ) ;
#4376 = AXIS2_PLACEMENT_3D ( 'NONE', #3015, #6139, #6208 ) ;
#4377 = SURFACE_SIDE_STYLE ('',( #5001 ) ) ;
#4378 = EDGE_CURVE ( 'NONE', #3957, #6643, #4290, .T. ) ;
#4379 = CARTESIAN_POINT ( 'NONE',  ( -1.347264322710567397, 0.1690965212175804255, 0.8000000000000001554 ) ) ;
#4380 = ORIENTED_EDGE ( 'NONE', *, *, #5468, .F. ) ;
#4381 = CARTESIAN_POINT ( 'NONE',  ( -0.1500000000000003553, 3.149999999999999911, 0.6999999999999998446 ) ) ;
#4382 = DIRECTION ( 'NONE',  ( 1.164243943608595195E-16, -1.000000000000000000, 1.355252715606880789E-16 ) ) ;
#4383 = CARTESIAN_POINT ( 'NONE',  ( -1.092307692307692424, 0.04102564102564103254, 0.8000000000000000444 ) ) ;
#4384 = VECTOR ( 'NONE', #2846, 1000.000000000000000 ) ;
#4385 = CARTESIAN_POINT ( 'NONE',  ( -2.690000000000000391, 2.849999999999999645, 0.6999999999999999556 ) ) ;
#4386 = DIRECTION ( 'NONE',  ( -0.000000000000000000, 0.000000000000000000, -1.000000000000000000 ) ) ;
#4387 = CARTESIAN_POINT ( 'NONE',  ( -0.3816044040591903830, 0.3274450752042553647, 0.7000000000000000666 ) ) ;
#4388 =( GEOMETRIC_REPRESENTATION_CONTEXT ( 3 ) GLOBAL_UNCERTAINTY_ASSIGNED_CONTEXT ( ( #685 ) ) GLOBAL_UNIT_ASSIGNED_CONTEXT ( ( #3017, #4548, #4022 ) ) REPRESENTATION_CONTEXT ( 'NONE', 'WORKASPACE' ) );
#4389 =( GEOMETRIC_REPRESENTATION_CONTEXT ( 3 ) GLOBAL_UNCERTAINTY_ASSIGNED_CONTEXT ( ( #30 ) ) GLOBAL_UNIT_ASSIGNED_CONTEXT ( ( #3918, #5995, #1325 ) ) REPRESENTATION_CONTEXT ( 'NONE', 'WORKASPACE' ) );
#4390 = SURFACE_SIDE_STYLE ('',( #225 ) ) ;
#4391 = ORIENTED_EDGE ( 'NONE', *, *, #3446, .T. ) ;
#4392 = CIRCLE ( 'NONE', #1894, 0.2000000000000000944 ) ;
#4393 = COLOUR_RGB ( '',0.7960784313725489669, 0.8235294117647058432, 0.9372549019607843146 ) ;
#4394 = ORIENTED_EDGE ( 'NONE', *, *, #5107, .F. ) ;
#4395 = CARTESIAN_POINT ( 'NONE',  ( -0.5001602564102564097, 0.3692307692307692513, 0.8000000000000000444 ) ) ;
#4396 = FILL_AREA_STYLE ('',( #2929 ) ) ;
#4397 = CARTESIAN_POINT ( 'NONE',  ( -1.282879648264774852, 0.01632811867338580455, 0.7000000000000003997 ) ) ;
#4398 = CIRCLE ( 'NONE', #2065, 0.2999999999999999334 ) ;
#4399 = ORIENTED_EDGE ( 'NONE', *, *, #5859, .F. ) ;
#4400 = DIRECTION ( 'NONE',  ( -1.577844766204413196E-32, 1.355252715606880789E-16, 1.000000000000000000 ) ) ;
#4401 = CIRCLE ( 'NONE', #4659, 0.2999999999999999334 ) ;
#4402 = EDGE_CURVE ( 'NONE', #4112, #1680, #3331, .T. ) ;
#4403 = CARTESIAN_POINT ( 'NONE',  ( -1.283503541435316198, 0.06515457021159777595, 0.6999999999999997335 ) ) ;
#4404 = CARTESIAN_POINT ( 'NONE',  ( -2.389999999999999680, -3.050000000000000711, -0.09999999999999993616 ) ) ;
#4405 = ORIENTED_EDGE ( 'NONE', *, *, #5049, .F. ) ;
#4406 = CARTESIAN_POINT ( 'NONE',  ( -3.324999999999998845, -1.343175853018396149, 0.2999999999999999889 ) ) ;
#4407 = ORIENTED_EDGE ( 'NONE', *, *, #4053, .F. ) ;
#4408 = SURFACE_STYLE_USAGE ( .BOTH. , #5046 ) ;
#4409 = LINE ( 'NONE', #899, #532 ) ;
#4410 = DIRECTION ( 'NONE',  ( 0.000000000000000000, 0.000000000000000000, -1.000000000000000000 ) ) ;
#4411 = COLOUR_RGB ( '',0.7960784313725489669, 0.8235294117647058432, 0.9372549019607843146 ) ;
#4412 = ORIENTED_EDGE ( 'NONE', *, *, #2043, .F. ) ;
#4413 = CARTESIAN_POINT ( 'NONE',  ( -2.389999999999999680, -3.850000000000000533, -0.2999999999999998224 ) ) ;
#4414 = ORIENTED_EDGE ( 'NONE', *, *, #871, .F. ) ;
#4415 = CARTESIAN_POINT ( 'NONE',  ( -0.3426686129249965074, 0.1184704001786343885, 0.6999999999999999556 ) ) ;
#4416 = DIRECTION ( 'NONE',  ( 0.000000000000000000, 1.000000000000000000, 0.000000000000000000 ) ) ;
#4417 = FACE_OUTER_BOUND ( 'NONE', #3466, .T. ) ;
#4418 = EDGE_LOOP ( 'NONE', ( #1505, #1128, #2887, #2188 ) ) ;
#4419 = EDGE_CURVE ( 'NONE', #1952, #2027, #2587, .T. ) ;
#4420 = FACE_OUTER_BOUND ( 'NONE', #2038, .T. ) ;
#4421 = CARTESIAN_POINT ( 'NONE',  ( -0.2901209600998653215, 0.1622115036649684483, 0.6999999999999999556 ) ) ;
#4422 = PRESENTATION_STYLE_ASSIGNMENT (( #3970 ) ) ;
#4423 = AXIS2_PLACEMENT_3D ( 'NONE', #342, #3546, #4061 ) ;
#4424 = ORIENTED_EDGE ( 'NONE', *, *, #938, .T. ) ;
#4425 = ORIENTED_EDGE ( 'NONE', *, *, #1557, .T. ) ;
#4426 = CARTESIAN_POINT ( 'NONE',  ( -0.3286476858649096666, 0.2449660905812630352, 0.7000000000000006217 ) ) ;
#4427 =( LENGTH_UNIT ( ) NAMED_UNIT ( * ) SI_UNIT ( .MILLI., .METRE. ) );
#4428 = VECTOR ( 'NONE', #4504, 1000.000000000000000 ) ;
#4429 = PRESENTATION_STYLE_ASSIGNMENT (( #5273 ) ) ;
#4430 = FILL_AREA_STYLE ('',( #3359 ) ) ;
#4431 = EDGE_LOOP ( 'NONE', ( #414, #5794, #5975, #2408 ) ) ;
#4432 =( NAMED_UNIT ( * ) SI_UNIT ( $, .STERADIAN. ) SOLID_ANGLE_UNIT ( ) );
#4433 = CARTESIAN_POINT ( 'NONE',  ( -1.197745164339180990, 0.0001447873880530645976, 0.7000000000000005107 ) ) ;
#4434 = CARTESIAN_POINT ( 'NONE',  ( -1.273817026617285242, 0.05966404795450654802, 0.7000000000000000666 ) ) ;
#4435 = AXIS2_PLACEMENT_3D ( 'NONE', #6153, #6709, #4135 ) ;
#4436 = LINE ( 'NONE', #119, #328 ) ;
#4437 = ORIENTED_EDGE ( 'NONE', *, *, #4826, .F. ) ;
#4438 = CARTESIAN_POINT ( 'NONE',  ( -1.348717948717949033, 0.1950320512820512830, 0.8000000000000000444 ) ) ;
#4439 = CARTESIAN_POINT ( 'NONE',  ( -0.7589743589743590535, 0.000000000000000000, 0.8000000000000000444 ) ) ;
#4440 = CARTESIAN_POINT ( 'NONE',  ( -1.268730534309124414, 0.3838134138604806789, 0.6999999999999999556 ) ) ;
#4441 = STYLED_ITEM ( 'NONE', ( #6190 ), #2668 ) ;
#4442 = COLOUR_RGB ( '',0.7960784313725489669, 0.8235294117647058432, 0.9372549019607843146 ) ;
#4443 = VERTEX_POINT ( 'NONE', #6493 ) ;
#4444 = CARTESIAN_POINT ( 'NONE',  ( -1.627804487179487447, 0.3220352564102564319, 0.8000000000000000444 ) ) ;
#4445 = CARTESIAN_POINT ( 'NONE',  ( -0.3066832285584413786, 0.1073357516158843505, 0.6999999999999999556 ) ) ;
#4446 = ORIENTED_EDGE ( 'NONE', *, *, #1821, .F. ) ;
#4447 = ORIENTED_EDGE ( 'NONE', *, *, #2272, .T. ) ;
#4448 = ORIENTED_EDGE ( 'NONE', *, *, #6128, .T. ) ;
#4449 = CARTESIAN_POINT ( 'NONE',  ( -0.3231230197849257468, 0.2035287710378473336, 0.8000000000000000444 ) ) ;
#4450 =( GEOMETRIC_REPRESENTATION_CONTEXT ( 3 ) GLOBAL_UNCERTAINTY_ASSIGNED_CONTEXT ( ( #5088 ) ) GLOBAL_UNIT_ASSIGNED_CONTEXT ( ( #583, #1565, #3648 ) ) REPRESENTATION_CONTEXT ( 'NONE', 'WORKASPACE' ) );
#4451 = AXIS2_PLACEMENT_3D ( 'NONE', #1142, #2750, #1187 ) ;
#4452 = CARTESIAN_POINT ( 'NONE',  ( -1.345902994328130209, 0.06783731252180567883, 0.6999999999999999556 ) ) ;
#4453 = CARTESIAN_POINT ( 'NONE',  ( -1.244842962425348754, 0.005259830562448422966, 0.8000000000000000444 ) ) ;
#4454 = CARTESIAN_POINT ( 'NONE',  ( -1.365390195101121362, 0.1007603269633943477, 0.8000000000000001554 ) ) ;
#4455 = DIRECTION ( 'NONE',  ( 1.164243943608595441E-16, -1.000000000000000000, -0.000000000000000000 ) ) ;
#4456 = PLANE ( 'NONE',  #2439 ) ;
#4457 = CARTESIAN_POINT ( 'NONE',  ( -0.6434785729761612894, 0.03805130341017708834, 0.8000000000000000444 ) ) ;
#4458 = CARTESIAN_POINT ( 'NONE',  ( -1.360352274322384147, 0.3020952910741361297, 0.6999999999999999556 ) ) ;
#4459 = EDGE_CURVE ( 'NONE', #1192, #5069, #2999, .T. ) ;
#4460 = DIRECTION ( 'NONE',  ( 1.000000000000000000, 0.000000000000000000, 0.000000000000000000 ) ) ;
#4461 = CARTESIAN_POINT ( 'NONE',  ( -1.717227564102564275, 0.1282051282051282215, 0.6999999999999999556 ) ) ;
#4462 = DIRECTION ( 'NONE',  ( 0.000000000000000000, 1.000000000000000000, 0.000000000000000000 ) ) ;
#4463 = CARTESIAN_POINT ( 'NONE',  ( -3.324999999999998401, -3.425000000000000266, 0.6999999999999999556 ) ) ;
#4464 = EDGE_CURVE ( 'NONE', #6400, #5872, #3980, .T. ) ;
#4465 = CARTESIAN_POINT ( 'NONE',  ( -0.3286476858649096666, 0.2449660905812630352, 0.7999999999999999334 ) ) ;
#4466 = CARTESIAN_POINT ( 'NONE',  ( 2.389999999999999680, 3.850000000000000089, 1.626303258728256651E-16 ) ) ;
#4467 = AXIS2_PLACEMENT_3D ( 'NONE', #1638, #6509, #823 ) ;
#4468 = LINE ( 'NONE', #3421, #1398 ) ;
#4469 = EDGE_CURVE ( 'NONE', #1290, #6119, #4054, .T. ) ;
#4470 = CARTESIAN_POINT ( 'NONE',  ( -0.1499999999999996336, -3.050000000000000266, -0.09999999999999993616 ) ) ;
#4471 = CARTESIAN_POINT ( 'NONE',  ( -1.334348848843054602, 0.1230620937260164804, 0.8000000000000002665 ) ) ;
#4472 = CARTESIAN_POINT ( 'NONE',  ( -2.390000000000000568, 3.349999999999999645, 3.523657060577889411E-16 ) ) ;
#4473 = DIRECTION ( 'NONE',  ( 0.000000000000000000, 0.000000000000000000, -1.000000000000000000 ) ) ;
#4474 = EDGE_CURVE ( 'NONE', #2329, #2753, #3125, .T. ) ;
#4475 = CARTESIAN_POINT ( 'NONE',  ( -0.7948717948717949344, 0.3589743589743589758, 0.6999999999999999556 ) ) ;
#4476 = CARTESIAN_POINT ( 'NONE',  ( -0.5795749543376638169, 0.001966146782577603627, 0.8000000000000001554 ) ) ;
#4477 = VECTOR ( 'NONE', #6570, 1000.000000000000000 ) ;
#4478 = ORIENTED_EDGE ( 'NONE', *, *, #85, .F. ) ;
#4479 = SURFACE_STYLE_FILL_AREA ( #923 ) ;
#4480 = FILL_AREA_STYLE_COLOUR ( '', #6440 ) ;
#4481 = ORIENTED_EDGE ( 'NONE', *, *, #6303, .F. ) ;
#4482 = PRESENTATION_STYLE_ASSIGNMENT (( #3978 ) ) ;
#4483 = CARTESIAN_POINT ( 'NONE',  ( -0.3516103970970327341, 0.1045002455036143085, 0.7000000000000001776 ) ) ;
#4484 = STYLED_ITEM ( 'NONE', ( #5546 ), #1630 ) ;
#4485 = PRESENTATION_LAYER_ASSIGNMENT (  '', '', ( #1976 ) ) ;
#4486 = LINE ( 'NONE', #4461, #3616 ) ;
#4487 =( NAMED_UNIT ( * ) SI_UNIT ( $, .STERADIAN. ) SOLID_ANGLE_UNIT ( ) );
#4488 = UNCERTAINTY_MEASURE_WITH_UNIT (LENGTH_MEASURE( 1.000000000000000082E-05 ), #3094, 'distance_accuracy_value', 'NONE');
#4489 = VECTOR ( 'NONE', #3006, 1000.000000000000000 ) ;
#4490 = ADVANCED_FACE ( 'NONE', ( #4527 ), #4003, .F. ) ;
#4491 = VERTEX_POINT ( 'NONE', #5902 ) ;
#4492 = FACE_BOUND ( 'NONE', #5597, .T. ) ;
#4493 = CARTESIAN_POINT ( 'NONE',  ( -1.348544046439784649, 0.2089003558151941164, 0.7000000000000001776 ) ) ;
#4494 = CARTESIAN_POINT ( 'NONE',  ( -3.324999999999999289, 3.725000000000000089, 3.000000000000000000 ) ) ;
#4495 = PRESENTATION_STYLE_ASSIGNMENT (( #2777 ) ) ;
#4496 = ORIENTED_EDGE ( 'NONE', *, *, #4402, .T. ) ;
#4497 = SURFACE_STYLE_FILL_AREA ( #4713 ) ;
#4498 = CARTESIAN_POINT ( 'NONE',  ( -1.264102564102564052, 0.3855769230769230949, 0.8000000000000000444 ) ) ;
#4499 = ORIENTED_EDGE ( 'NONE', *, *, #27, .F. ) ;
#4500 = DIRECTION ( 'NONE',  ( 1.164243943608595441E-16, -1.000000000000000000, 0.000000000000000000 ) ) ;
#4501 = UNCERTAINTY_MEASURE_WITH_UNIT (LENGTH_MEASURE( 1.000000000000000082E-05 ), #4583, 'distance_accuracy_value', 'NONE');
#4502 = CARTESIAN_POINT ( 'NONE',  ( -0.3988299090377885880, 0.3870678988900004835, 0.7000000000000000666 ) ) ;
#4503 = VECTOR ( 'NONE', #900, 1000.000000000000000 ) ;
#4504 = DIRECTION ( 'NONE',  ( -0.7970624896273539317, -0.6038968352533770068, 0.000000000000000000 ) ) ;
#4505 = CARTESIAN_POINT ( 'NONE',  ( -0.9846153846153847811, 0.4000000000000000222, 0.8000000000000000444 ) ) ;
#4506 = ORIENTED_EDGE ( 'NONE', *, *, #4203, .T. ) ;
#4507 = SURFACE_STYLE_FILL_AREA ( #4430 ) ;
#4508 = VECTOR ( 'NONE', #5724, 1000.000000000000000 ) ;
#4509 = FILL_AREA_STYLE ('',( #4480 ) ) ;
#4510 = VECTOR ( 'NONE', #2634, 1000.000000000000000 ) ;
#4511 = CARTESIAN_POINT ( 'NONE',  ( -0.05128205128205128721, 0.4000000000000000222, 0.6999999999999999556 ) ) ;
#4512 = CARTESIAN_POINT ( 'NONE',  ( -0.6432721475578256909, 0.3052344991162319054, 0.6999999999999998446 ) ) ;
#4513 = VERTEX_POINT ( 'NONE', #6115 ) ;
#4514 = COLOUR_RGB ( '',0.7960784313725489669, 0.8235294117647058432, 0.9372549019607843146 ) ;
#4515 = CARTESIAN_POINT ( 'NONE',  ( -1.344978804620147406, 0.2353542239063887986, 0.8000000000000001554 ) ) ;
#4516 = SURFACE_SIDE_STYLE ('',( #2615 ) ) ;
#4517 = EDGE_CURVE ( 'NONE', #175, #2127, #1460, .T. ) ;
#4518 = ORIENTED_EDGE ( 'NONE', *, *, #4134, .T. ) ;
#4519 = LINE ( 'NONE', #894, #1030 ) ;
#4520 = CARTESIAN_POINT ( 'NONE',  ( -1.240916132050739806, 0.3921220075412049089, 0.8000000000000000444 ) ) ;
#4521 = ORIENTED_EDGE ( 'NONE', *, *, #3966, .F. ) ;
#4522 = DIRECTION ( 'NONE',  ( 1.000000000000000000, 1.164243943608595688E-16, -0.000000000000000000 ) ) ;
#4523 = CARTESIAN_POINT ( 'NONE',  ( -0.4948628510718718343, 0.4100720287691576038, 0.6999999999999999556 ) ) ;
#4524 = DIRECTION ( 'NONE',  ( 1.000000000000000000, 1.164243943608595441E-16, -0.000000000000000000 ) ) ;
#4525 = VERTEX_POINT ( 'NONE', #906 ) ;
#4526 = CARTESIAN_POINT ( 'NONE',  ( -0.6134146716687778333, 0.01728019699155881883, 0.8000000000000001554 ) ) ;
#4527 = FACE_OUTER_BOUND ( 'NONE', #4191, .T. ) ;
#4528 = SURFACE_SIDE_STYLE ('',( #5834 ) ) ;
#4529 =( GEOMETRIC_REPRESENTATION_CONTEXT ( 3 ) GLOBAL_UNCERTAINTY_ASSIGNED_CONTEXT ( ( #4286 ) ) GLOBAL_UNIT_ASSIGNED_CONTEXT ( ( #2822, #3818, #3271 ) ) REPRESENTATION_CONTEXT ( 'NONE', 'WORKASPACE' ) );
#4530 = ORIENTED_EDGE ( 'NONE', *, *, #5960, .F. ) ;
#4531 = PLANE ( 'NONE',  #2764 ) ;
#4532 = AXIS2_PLACEMENT_3D ( 'NONE', #865, #408, #5554 ) ;
#4533 = ORIENTED_EDGE ( 'NONE', *, *, #1342, .F. ) ;
#4534 = CARTESIAN_POINT ( 'NONE',  ( -1.815384615384615596, 0.000000000000000000, 0.8000000000000000444 ) ) ;
#4535 = CARTESIAN_POINT ( 'NONE',  ( -1.283503541435316198, 0.06515457021159777595, 0.7999999999999998224 ) ) ;
#4536 = CARTESIAN_POINT ( 'NONE',  ( -1.186273248311657591, 4.919957536582759457E-05, 0.7999999999999999334 ) ) ;
#4537 = VECTOR ( 'NONE', #3296, 1000.000000000000000 ) ;
#4538 = AXIS2_PLACEMENT_3D ( 'NONE', #5074, #6654, #4218 ) ;
#4539 = CARTESIAN_POINT ( 'NONE',  ( -1.338017140061957821, 0.2597732579142618126, 0.7000000000000000666 ) ) ;
#4540 = DIRECTION ( 'NONE',  ( 1.000000000000000000, 1.164243943608595441E-16, -0.000000000000000000 ) ) ;
#4541 = CARTESIAN_POINT ( 'NONE',  ( -1.137179487179487580, 0.4000000000000000777, 0.6999999999999999556 ) ) ;
#4542 = PLANE ( 'NONE',  #3560 ) ;
#4543 = CARTESIAN_POINT ( 'NONE',  ( -1.056410256410256654, 0.000000000000000000, 0.8000000000000000444 ) ) ;
#4544 = CARTESIAN_POINT ( 'NONE',  ( -0.5675943171372067608, -0.001819554878283214955, 0.8000000000000003775 ) ) ;
#4545 = PLANE ( 'NONE',  #1210 ) ;
#4546 = FILL_AREA_STYLE ('',( #2375 ) ) ;
#4547 = EDGE_CURVE ( 'NONE', #5061, #2925, #1615, .T. ) ;
#4548 =( NAMED_UNIT ( * ) PLANE_ANGLE_UNIT ( ) SI_UNIT ( $, .RADIAN. ) );
#4550 = AXIS2_PLACEMENT_3D ( 'NONE', #5852, #2775, #6405 ) ;
#4549 = APPLICATION_CONTEXT ( 'automotive_design' ) ;
#4551 = DIRECTION ( 'NONE',  ( -0.000000000000000000, -0.000000000000000000, -1.000000000000000000 ) ) ;
#4552 = DIRECTION ( 'NONE',  ( -1.164243943608595688E-16, 1.000000000000000000, -4.336808689942017736E-16 ) ) ;
#4553 = CARTESIAN_POINT ( 'NONE',  ( -1.341917811930005699, 0.2478088748085149895, 0.8000000000000000444 ) ) ;
#4554 = EDGE_CURVE ( 'NONE', #5349, #3721, #254, .T. ) ;
#4555 =( NAMED_UNIT ( * ) PLANE_ANGLE_UNIT ( ) SI_UNIT ( $, .RADIAN. ) );
#4556 = DIRECTION ( 'NONE',  ( 0.000000000000000000, -1.000000000000000000, -1.355252715606880789E-16 ) ) ;
#4557 = ORIENTED_EDGE ( 'NONE', *, *, #6027, .F. ) ;
#4558 = STYLED_ITEM ( 'NONE', ( #4574 ), #6370 ) ;
#4559 = CYLINDRICAL_SURFACE ( 'NONE', #1317, 0.2000000000000000944 ) ;
#4560 = CARTESIAN_POINT ( 'NONE',  ( -1.195536397286891983, 0.3981360605812377940, 0.8000000000000000444 ) ) ;
#4561 = VECTOR ( 'NONE', #6548, 1000.000000000000000 ) ;
#4562 = VERTEX_POINT ( 'NONE', #932 ) ;
#4563 = ADVANCED_FACE ( 'NONE', ( #4364 ), #3731, .F. ) ;
#4564 = EDGE_CURVE ( 'NONE', #3324, #1730, #2430, .T. ) ;
#4565 = CARTESIAN_POINT ( 'NONE',  ( -1.137179487179487358, 0.4000000000000000222, 0.8000000000000000444 ) ) ;
#4566 = VECTOR ( 'NONE', #6023, 1000.000000000000000 ) ;
#4567 = MECHANICAL_DESIGN_GEOMETRIC_PRESENTATION_REPRESENTATION (  '', ( #5500 ), #2701 ) ;
#4568 = CARTESIAN_POINT ( 'NONE',  ( -3.024999999999999467, 3.425000000000000266, 2.700000000000000178 ) ) ;
#4569 = ORIENTED_EDGE ( 'NONE', *, *, #5054, .F. ) ;
#4570 =( NAMED_UNIT ( * ) PLANE_ANGLE_UNIT ( ) SI_UNIT ( $, .RADIAN. ) );
#4571 = ORIENTED_EDGE ( 'NONE', *, *, #1801, .T. ) ;
#4572 = SURFACE_STYLE_USAGE ( .BOTH. , #3068 ) ;
#4573 = DIRECTION ( 'NONE',  ( 1.164243943608595441E-16, -1.000000000000000000, 0.000000000000000000 ) ) ;
#4574 = PRESENTATION_STYLE_ASSIGNMENT (( #5922 ) ) ;
#4575 = ORIENTED_EDGE ( 'NONE', *, *, #33, .T. ) ;
#4576 = LINE ( 'NONE', #2797, #4245 ) ;
#4577 = ORIENTED_EDGE ( 'NONE', *, *, #5522, .T. ) ;
#4578 = DIRECTION ( 'NONE',  ( 1.000000000000000000, 0.000000000000000000, 0.000000000000000000 ) ) ;
#4579 = CARTESIAN_POINT ( 'NONE',  ( -0.4316338945117954573, 0.04255571429766092512, 0.6999999999999996225 ) ) ;
#4580 = FACE_OUTER_BOUND ( 'NONE', #347, .T. ) ;
#4581 = FILL_AREA_STYLE ('',( #6006 ) ) ;
#4582 = MECHANICAL_DESIGN_GEOMETRIC_PRESENTATION_REPRESENTATION (  '', ( #3906 ), #3429 ) ;
#4583 =( LENGTH_UNIT ( ) NAMED_UNIT ( * ) SI_UNIT ( .MILLI., .METRE. ) );
#4584 = VECTOR ( 'NONE', #400, 1000.000000000000000 ) ;
#4585 = VERTEX_POINT ( 'NONE', #3605 ) ;
#4586 = FACE_OUTER_BOUND ( 'NONE', #2140, .T. ) ;
#4587 = COLOUR_RGB ( '',0.7960784313725489669, 0.8235294117647058432, 0.9372549019607843146 ) ;
#4588 = ORIENTED_EDGE ( 'NONE', *, *, #2454, .T. ) ;
#4589 = CARTESIAN_POINT ( 'NONE',  ( -2.665091198481232659, -2.731627296587916032, 2.900000000000000355 ) ) ;
#4590 = VERTEX_POINT ( 'NONE', #5681 ) ;
#4591 = SURFACE_STYLE_USAGE ( .BOTH. , #4516 ) ;
#4592 = CARTESIAN_POINT ( 'NONE',  ( -1.384373503682707618, 0.2118647884443046192, 0.8000000000000001554 ) ) ;
#4593 = LINE ( 'NONE', #4977, #4169 ) ;
#4594 = CARTESIAN_POINT ( 'NONE',  ( -0.3640755363678860879, 0.3644937594902960543, 0.7999999999999998224 ) ) ;
#4595 = CARTESIAN_POINT ( 'NONE',  ( -0.9846153846153847811, 0.3589743589743589758, 0.8000000000000000444 ) ) ;
#4596 = VERTEX_POINT ( 'NONE', #2506 ) ;
#4597 = ORIENTED_EDGE ( 'NONE', *, *, #2520, .F. ) ;
#4598 = DIRECTION ( 'NONE',  ( 0.000000000000000000, 0.000000000000000000, 1.000000000000000000 ) ) ;
#4599 = EDGE_CURVE ( 'NONE', #6600, #6698, #3080, .T. ) ;
#4600 = LINE ( 'NONE', #2576, #1445 ) ;
#4601 = CARTESIAN_POINT ( 'NONE',  ( -0.9846153846153847811, 0.4000000000000000222, 0.8000000000000000444 ) ) ;
#4602 =( LENGTH_UNIT ( ) NAMED_UNIT ( * ) SI_UNIT ( .MILLI., .METRE. ) );
#4603 = VECTOR ( 'NONE', #4782, 1000.000000000000000 ) ;
#4604 = VERTEX_POINT ( 'NONE', #3568 ) ;
#4605 = PLANE ( 'NONE',  #5101 ) ;
#4606 = DIRECTION ( 'NONE',  ( 0.000000000000000000, 1.000000000000000000, 0.000000000000000000 ) ) ;
#4607 = EDGE_LOOP ( 'NONE', ( #3760, #3398, #4367, #5447 ) ) ;
#4608 = SURFACE_STYLE_USAGE ( .BOTH. , #413 ) ;
#4609 = CARTESIAN_POINT ( 'NONE',  ( -0.3516103970970327341, 0.1045002455036143085, 0.7000000000000000666 ) ) ;
#4610 = ADVANCED_FACE ( 'NONE', ( #1703 ), #2824, .T. ) ;
#4611 = CARTESIAN_POINT ( 'NONE',  ( -0.1500000000000003275, 3.050000000000000266, -0.2999999999999999334 ) ) ;
#4612 = CARTESIAN_POINT ( 'NONE',  ( -1.338017140061957821, 0.2597732579142618126, 0.8000000000000001554 ) ) ;
#4613 = AXIS2_PLACEMENT_3D ( 'NONE', #221, #5824, #5356 ) ;
#4614 = VERTEX_POINT ( 'NONE', #1003 ) ;
#4615 =( NAMED_UNIT ( * ) PLANE_ANGLE_UNIT ( ) SI_UNIT ( $, .RADIAN. ) );
#4616 = CARTESIAN_POINT ( 'NONE',  ( -0.3338508531970925675, 0.06467164869675562366, 0.7000000000000001776 ) ) ;
#4617 = CARTESIAN_POINT ( 'NONE',  ( -1.366882463792045810, 0.2885712786519659678, 0.7000000000000001776 ) ) ;
#4618 = CARTESIAN_POINT ( 'NONE',  ( -0.2871794871794872139, 0.2023237179487179793, 0.8000000000000000444 ) ) ;
#4619 = EDGE_CURVE ( 'NONE', #6412, #2462, #2275, .T. ) ;
#4620 = ORIENTED_EDGE ( 'NONE', *, *, #3535, .T. ) ;
#4621 = FILL_AREA_STYLE_COLOUR ( '', #224 ) ;
#4622 = ORIENTED_EDGE ( 'NONE', *, *, #5294, .T. ) ;
#4623 = CARTESIAN_POINT ( 'NONE',  ( -0.9846153846153847811, 0.4000000000000000222, 0.6999999999999999556 ) ) ;
#4624 =( LENGTH_UNIT ( ) NAMED_UNIT ( * ) SI_UNIT ( .MILLI., .METRE. ) );
#4625 = FACE_OUTER_BOUND ( 'NONE', #418, .T. ) ;
#4626 = DIRECTION ( 'NONE',  ( 0.000000000000000000, -0.000000000000000000, 1.000000000000000000 ) ) ;
#4627 = AXIS2_PLACEMENT_3D ( 'NONE', #2566, #6185, #14 ) ;
#4628 = CARTESIAN_POINT ( 'NONE',  ( -0.3619665727957989687, 0.09119549527372365627, 0.7999999999999999334 ) ) ;
#4629 = DIRECTION ( 'NONE',  ( -0.000000000000000000, -0.000000000000000000, -1.000000000000000000 ) ) ;
#4630 = SURFACE_SIDE_STYLE ('',( #1105 ) ) ;
#4631 = CARTESIAN_POINT ( 'NONE',  ( 0.000000000000000000, 0.000000000000000000, 0.8000000000000000444 ) ) ;
#4632 = PRESENTATION_LAYER_ASSIGNMENT (  '', '', ( #4678 ) ) ;
#4633 = CARTESIAN_POINT ( 'NONE',  ( -0.5096273952256406004, 0.03096223416933438152, 0.6999999999999998446 ) ) ;
#4634 = DIRECTION ( 'NONE',  ( -6.018531076210113136E-32, 5.421010862427523156E-16, 1.000000000000000000 ) ) ;
#4635 = CARTESIAN_POINT ( 'NONE',  ( -0.3022453637564939677, 0.2833460579297081283, 0.6999999999999999556 ) ) ;
#4636 = CARTESIAN_POINT ( 'NONE',  ( -3.324999999999999289, 3.725000000000000089, 3.000000000000000000 ) ) ;
#4637 = ADVANCED_FACE ( 'NONE', ( #345 ), #2918, .T. ) ;
#4638 = CARTESIAN_POINT ( 'NONE',  ( -0.9846153846153847811, 0.1948717948717949011, 0.8000000000000000444 ) ) ;
#4639 =( NAMED_UNIT ( * ) SI_UNIT ( $, .STERADIAN. ) SOLID_ANGLE_UNIT ( ) );
#4640 = FILL_AREA_STYLE_COLOUR ( '', #1202 ) ;
#4641 = EDGE_CURVE ( 'NONE', #3578, #4985, #3491, .T. ) ;
#4642 = CARTESIAN_POINT ( 'NONE',  ( -1.717227564102564275, 0.1282051282051282215, 0.8000000000000000444 ) ) ;
#4643 = PRESENTATION_LAYER_ASSIGNMENT (  '', '', ( #4301 ) ) ;
#4644 = CARTESIAN_POINT ( 'NONE',  ( -3.024999999999998579, 3.725000000000000089, 0.6999999999999999556 ) ) ;
#4645 = ORIENTED_EDGE ( 'NONE', *, *, #6466, .F. ) ;
#4646 = CARTESIAN_POINT ( 'NONE',  ( -0.6611852023935999023, 0.05469492132179037264, 0.7000000000000000666 ) ) ;
#4647 = ORIENTED_EDGE ( 'NONE', *, *, #4352, .T. ) ;
#4648 = EDGE_CURVE ( 'NONE', #5488, #4525, #1212, .T. ) ;
#4649 = CIRCLE ( 'NONE', #3063, 0.2999999999999999334 ) ;
#4650 = VECTOR ( 'NONE', #371, 1000.000000000000000 ) ;
#4651 = PLANE ( 'NONE',  #3805 ) ;
#4652 = CARTESIAN_POINT ( 'NONE',  ( 3.325000000000001066, 3.425000000000000266, 3.000000000000000000 ) ) ;
#4653 = CARTESIAN_POINT ( 'NONE',  ( -1.380356026931788493, 0.2443668519247708393, 0.6999999999999998446 ) ) ;
#4654 = STYLED_ITEM ( 'NONE', ( #1183 ), #677 ) ;
#4655 =( NAMED_UNIT ( * ) SI_UNIT ( $, .STERADIAN. ) SOLID_ANGLE_UNIT ( ) );
#4656 = ORIENTED_EDGE ( 'NONE', *, *, #3866, .T. ) ;
#4657 = FACE_OUTER_BOUND ( 'NONE', #1019, .T. ) ;
#4658 = CARTESIAN_POINT ( 'NONE',  ( -0.5001602564102564097, 0.3692307692307692513, 0.8000000000000000444 ) ) ;
#4659 = AXIS2_PLACEMENT_3D ( 'NONE', #2643, #2685, #4690 ) ;
#4660 = LINE ( 'NONE', #3836, #3791 ) ;
#4661 = ORIENTED_EDGE ( 'NONE', *, *, #1619, .F. ) ;
#4662 = VECTOR ( 'NONE', #5637, 1000.000000000000000 ) ;
#4663 = VECTOR ( 'NONE', #5099, 1000.000000000000000 ) ;
#4664 = ORIENTED_EDGE ( 'NONE', *, *, #3883, .T. ) ;
#4665 = CARTESIAN_POINT ( 'NONE',  ( 3.025000000000002132, -3.425000000000000266, 2.700000000000000178 ) ) ;
#4666 = LINE ( 'NONE', #2714, #6040 ) ;
#4667 = FACE_OUTER_BOUND ( 'NONE', #5083, .T. ) ;
#4668 =( LENGTH_UNIT ( ) NAMED_UNIT ( * ) SI_UNIT ( .MILLI., .METRE. ) );
#4669 = LINE ( 'NONE', #3198, #5094 ) ;
#4670 = CARTESIAN_POINT ( 'NONE',  ( 3.025000000000002132, -3.425000000000000266, 2.700000000000000178 ) ) ;
#4671 = ORIENTED_EDGE ( 'NONE', *, *, #2601, .T. ) ;
#4672 = LINE ( 'NONE', #4720, #5645 ) ;
#4673 = ORIENTED_EDGE ( 'NONE', *, *, #1491, .T. ) ;
#4674 = ORIENTED_EDGE ( 'NONE', *, *, #2101, .T. ) ;
#4675 = ADVANCED_FACE ( 'NONE', ( #3574 ), #1856, .T. ) ;
#4676 = EDGE_CURVE ( 'NONE', #6160, #2329, #6301, .T. ) ;
#4677 = CIRCLE ( 'NONE', #4141, 0.2999999999999999334 ) ;
#4678 = STYLED_ITEM ( 'NONE', ( #4116 ), #4809 ) ;
#4679 = FACE_OUTER_BOUND ( 'NONE', #2004, .T. ) ;
#4680 = LINE ( 'NONE', #5125, #482 ) ;
#4681 = EDGE_LOOP ( 'NONE', ( #449, #5463, #1647, #3898, #768, #4, #2970, #1429 ) ) ;
#4682 = CARTESIAN_POINT ( 'NONE',  ( -1.313722261064342867, 0.3021608983636637213, 0.8000000000000000444 ) ) ;
#4683 = CARTESIAN_POINT ( 'NONE',  ( -1.344507250838571366, 0.3270538099544382238, 0.6999999999999998446 ) ) ;
#4684 = LINE ( 'NONE', #4543, #724 ) ;
#4685 = EDGE_LOOP ( 'NONE', ( #1103, #960, #4257, #2183 ) ) ;
#4686 = CARTESIAN_POINT ( 'NONE',  ( -0.08717948717948718895, 0.04102564102564103254, 0.6999999999999999556 ) ) ;
#4687 = CARTESIAN_POINT ( 'NONE',  ( -1.303527288488641300, 0.02746954310037300409, 0.8000000000000001554 ) ) ;
#4688 = CARTESIAN_POINT ( 'NONE',  ( -1.815384615384615596, 0.000000000000000000, 0.8000000000000000444 ) ) ;
#4689 = EDGE_CURVE ( 'NONE', #3576, #5909, #4786, .T. ) ;
#4690 = DIRECTION ( 'NONE',  ( 0.000000000000000000, -1.000000000000000000, 0.000000000000000000 ) ) ;
#4691 = FACE_OUTER_BOUND ( 'NONE', #315, .T. ) ;
#4692 = EDGE_LOOP ( 'NONE', ( #2271, #160, #3979, #3117 ) ) ;
#4693 = CARTESIAN_POINT ( 'NONE',  ( 3.025000000000002132, 3.725000000000000089, 0.6999999999999999556 ) ) ;
#4694 = DIRECTION ( 'NONE',  ( 0.000000000000000000, -1.000000000000000000, 0.000000000000000000 ) ) ;
#4695 =( NAMED_UNIT ( * ) PLANE_ANGLE_UNIT ( ) SI_UNIT ( $, .RADIAN. ) );
#4696 = B_SPLINE_CURVE_WITH_KNOTS ( 'NONE', 3,
 ( #5354, #2782, #4964, #2741, #1743, #1869, #6363, #3260, #2273, #6417, #690, #4302, #2248, #5860, #3317, #220, #3844, #1333, #5316 ),
 .UNSPECIFIED., .F., .F.,
 ( 4, 1, 1, 1, 1, 1, 1, 1, 1, 1, 1, 1, 1, 1, 1, 1, 4 ),
 ( 0.000000000000000000, 0.06154496601632404584, 0.1216942964020306106, 0.1811548554526335730, 0.2398753889119565608, 0.2987019424504289145, 0.3576474237092014397, 0.4176048428493668307, 0.4784940407282909924, 0.5404070506371329019, 0.6023449938728032693, 0.6650043279232339399, 0.7285593088233761616, 0.7936505420268855637, 0.8605342675902675209, 0.9292359605619637808, 1.000000000000000000 ),
 .UNSPECIFIED. ) ;
#4697 = ORIENTED_EDGE ( 'NONE', *, *, #1083, .F. ) ;
#4698 = EDGE_CURVE ( 'NONE', #937, #4947, #4519, .T. ) ;
#4699 = ORIENTED_EDGE ( 'NONE', *, *, #5593, .T. ) ;
#4700 = CARTESIAN_POINT ( 'NONE',  ( -0.6525820826912340777, 0.04606588869331802727, 0.6999999999999998446 ) ) ;
#4701 = ADVANCED_FACE ( 'NONE', ( #6560 ), #3023, .T. ) ;
#4702 = CARTESIAN_POINT ( 'NONE',  ( 2.389999999999999680, 2.850000000000000089, 0.6999999999999999556 ) ) ;
#4703 = ORIENTED_EDGE ( 'NONE', *, *, #5930, .F. ) ;
#4704 = DIRECTION ( 'NONE',  ( 0.000000000000000000, -1.000000000000000000, 0.000000000000000000 ) ) ;
#4705 = AXIS2_PLACEMENT_3D ( 'NONE', #3374, #2285, #4911 ) ;
#4706 = VERTEX_POINT ( 'NONE', #3597 ) ;
#4707 = AXIS2_PLACEMENT_3D ( 'NONE', #2530, #5178, #3038 ) ;
#4708 = DIRECTION ( 'NONE',  ( 1.000000000000000000, 1.164243943608595441E-16, -0.000000000000000000 ) ) ;
#4709 = CARTESIAN_POINT ( 'NONE',  ( -0.2939816681089791883, 0.1431583020180322019, 0.8000000000000000444 ) ) ;
#4710 = DIRECTION ( 'NONE',  ( 0.000000000000000000, 1.000000000000000000, 0.000000000000000000 ) ) ;
#4711 = UNCERTAINTY_MEASURE_WITH_UNIT (LENGTH_MEASURE( 1.000000000000000082E-05 ), #3304, 'distance_accuracy_value', 'NONE');
#4712 = EDGE_CURVE ( 'NONE', #1596, #6698, #1778, .T. ) ;
#4713 = FILL_AREA_STYLE ('',( #5759 ) ) ;
#4714 = ADVANCED_FACE ( 'NONE', ( #174 ), #3046, .F. ) ;
#4715 = FILL_AREA_STYLE_COLOUR ( '', #942 ) ;
#4716 = DIRECTION ( 'NONE',  ( 1.000000000000000000, 1.164243943608595441E-16, -0.000000000000000000 ) ) ;
#4717 = DIRECTION ( 'NONE',  ( 1.000000000000000000, 0.000000000000000000, 0.000000000000000000 ) ) ;
#4718 = SURFACE_STYLE_USAGE ( .BOTH. , #4208 ) ;
#4719 = AXIS2_PLACEMENT_3D ( 'NONE', #3756, #2691, #5381 ) ;
#4720 = CARTESIAN_POINT ( 'NONE',  ( -0.6455128205128205510, 0.3025641025641025994, 0.8000000000000000444 ) ) ;
#4721 = AXIS2_PLACEMENT_3D ( 'NONE', #2237, #2211, #6348 ) ;
#4722 = DIRECTION ( 'NONE',  ( 1.000000000000000000, 1.164243943608595688E-16, 0.000000000000000000 ) ) ;
#4723 = DIRECTION ( 'NONE',  ( -0.000000000000000000, -0.000000000000000000, -1.000000000000000000 ) ) ;
#4724 =( NAMED_UNIT ( * ) SI_UNIT ( $, .STERADIAN. ) SOLID_ANGLE_UNIT ( ) );
#4725 = SURFACE_SIDE_STYLE ('',( #4971 ) ) ;
#4726 = CARTESIAN_POINT ( 'NONE',  ( -0.3454579438759768917, 0.05113312110878143885, 0.7999999999999999334 ) ) ;
#4727 = CARTESIAN_POINT ( 'NONE',  ( -2.389999999999999680, -3.050000000000000711, -0.2999999999999999334 ) ) ;
#4728 = EDGE_CURVE ( 'NONE', #3328, #6213, #1947, .T. ) ;
#4729 = SURFACE_STYLE_USAGE ( .BOTH. , #2637 ) ;
#4730 = ADVANCED_FACE ( 'NONE', ( #6064 ), #5137, .F. ) ;
#4731 = SURFACE_SIDE_STYLE ('',( #3481 ) ) ;
#4732 = CARTESIAN_POINT ( 'NONE',  ( -1.207526304966826114, 0.04346329759767841167, 0.6999999999999999556 ) ) ;
#4733 = VERTEX_POINT ( 'NONE', #4534 ) ;
#4734 = LINE ( 'NONE', #2998, #3364 ) ;
#4735 = LINE ( 'NONE', #3725, #3366 ) ;
#4736 =( NAMED_UNIT ( * ) SI_UNIT ( $, .STERADIAN. ) SOLID_ANGLE_UNIT ( ) );
#4737 = B_SPLINE_CURVE_WITH_KNOTS ( 'NONE', 3,
 ( #4927, #6431, #1815, #3360, #4403, #2291, #3846, #817, #5433, #3910, #5913, #3319, #3867, #3923, #5400, #755, #2812, #1275, #5891 ),
 .UNSPECIFIED., .F., .F.,
 ( 4, 1, 1, 1, 1, 1, 1, 1, 1, 1, 1, 1, 1, 1, 1, 1, 4 ),
 ( 0.000000000000000000, 0.06241450026327793887, 0.1233382314733143942, 0.1831245376921933066, 0.2417829946389429829, 0.3005788825509772555, 0.3596800748966264560, 0.4188816408500467547, 0.4795306644577834176, 0.5408505357600388308, 0.6023033958983804448, 0.6644632119464730646, 0.7278057226670121560, 0.7928948147812349134, 0.8596723283028315787, 0.9284644007334889038, 1.000000000000000000 ),
 .UNSPECIFIED. ) ;
#4738 = CYLINDRICAL_SURFACE ( 'NONE', #558, 0.3107604898198177423 ) ;
#4739 = ORIENTED_EDGE ( 'NONE', *, *, #2882, .F. ) ;
#4740 = AXIS2_PLACEMENT_3D ( 'NONE', #4494, #4540, #1418 ) ;
#4741 = CARTESIAN_POINT ( 'NONE',  ( 2.389999999999999680, 2.849999999999999645, -0.09999999999999996392 ) ) ;
#4742 =( GEOMETRIC_REPRESENTATION_CONTEXT ( 3 ) GLOBAL_UNCERTAINTY_ASSIGNED_CONTEXT ( ( #4012 ) ) GLOBAL_UNIT_ASSIGNED_CONTEXT ( ( #1610, #2129, #5236 ) ) REPRESENTATION_CONTEXT ( 'NONE', 'WORKASPACE' ) );
#4743 = VECTOR ( 'NONE', #3323, 1000.000000000000000 ) ;
#4744 = ADVANCED_FACE ( 'NONE', ( #4691 ), #2069, .F. ) ;
#4745 = PLANE ( 'NONE',  #2947 ) ;
#4746 = ORIENTED_EDGE ( 'NONE', *, *, #952, .F. ) ;
#4747 = EDGE_CURVE ( 'NONE', #4706, #6643, #1530, .T. ) ;
#4748 = ORIENTED_EDGE ( 'NONE', *, *, #1645, .F. ) ;
#4749 = PRESENTATION_STYLE_ASSIGNMENT (( #5682 ) ) ;
#4750 = COLOUR_RGB ( '',0.1803921568627450955, 0.1803921568627450955, 0.1803921568627450955 ) ;
#4751 =( NAMED_UNIT ( * ) PLANE_ANGLE_UNIT ( ) SI_UNIT ( $, .RADIAN. ) );
#4752 = VERTEX_POINT ( 'NONE', #4125 ) ;
#4753 = LINE ( 'NONE', #3973, #3787 ) ;
#4754 = CARTESIAN_POINT ( 'NONE',  ( -0.4900755459955360993, -0.01016726164021984624, 0.7000000000000010658 ) ) ;
#4755 = DIRECTION ( 'NONE',  ( 1.355252715606879803E-16, -1.000000000000000000, 0.000000000000000000 ) ) ;
#4756 = PRESENTATION_STYLE_ASSIGNMENT (( #813 ) ) ;
#4757 = DIRECTION ( 'NONE',  ( -1.355252715606879803E-16, 1.000000000000000000, 0.000000000000000000 ) ) ;
#4758 = VERTEX_POINT ( 'NONE', #4741 ) ;
#4759 = PRESENTATION_STYLE_ASSIGNMENT (( #2994 ) ) ;
#4760 = VECTOR ( 'NONE', #1628, 1000.000000000000000 ) ;
#4761 = VERTEX_POINT ( 'NONE', #3150 ) ;
#4762 = LINE ( 'NONE', #534, #3391 ) ;
#4763 =( NAMED_UNIT ( * ) PLANE_ANGLE_UNIT ( ) SI_UNIT ( $, .RADIAN. ) );
#4764 = AXIS2_PLACEMENT_3D ( 'NONE', #1463, #1500, #5134 ) ;
#4765 = B_SPLINE_SURFACE_WITH_KNOTS ( 'NONE', 3, 1, ( 
 ( #2969, #4541 ),
 ( #2460, #1474 ),
 ( #3505, #1422 ),
 ( #2950, #915 ),
 ( #4560, #5042 ),
 ( #1399, #3483 ),
 ( #6592, #1452 ),
 ( #4520, #6575 ),
 ( #944, #5060 ),
 ( #5531, #6086 ),
 ( #4498, #3012 ) ),
 .UNSPECIFIED., .F., .F., .F.,
 ( 4, 1, 1, 1, 1, 1, 1, 1, 4 ),
 ( 2, 2 ),
 ( 0.000000000000000000, 0.1642892164747606909, 0.3174059112304910002, 0.4588436116410199439, 0.5893665423053090491, 0.7078313187781720695, 0.8157700306990054440, 0.9128799029021265055, 1.000000000000000000 ),
 ( 0.000000000000000000, 1.000000000000000000 ),
 .UNSPECIFIED. ) ;
#4766 = VECTOR ( 'NONE', #1992, 1000.000000000000000 ) ;
#4767 = AXIS2_PLACEMENT_3D ( 'NONE', #4803, #1691, #5318 ) ;
#4768 = FACE_OUTER_BOUND ( 'NONE', #88, .T. ) ;
#4769 = ORIENTED_EDGE ( 'NONE', *, *, #419, .F. ) ;
#4770 = COLOUR_RGB ( '',0.7960784313725489669, 0.8235294117647058432, 0.9372549019607843146 ) ;
#4771 = DIRECTION ( 'NONE',  ( -0.7970624896273539317, -0.6038968352533770068, 0.000000000000000000 ) ) ;
#4772 = CARTESIAN_POINT ( 'NONE',  ( 0.1499999999999996614, 2.849999999999999645, -0.09999999999999996392 ) ) ;
#4773 = VECTOR ( 'NONE', #5600, 1000.000000000000227 ) ;
#4774 = SURFACE_STYLE_USAGE ( .BOTH. , #3263 ) ;
#4775 = ADVANCED_FACE ( 'NONE', ( #2738 ), #2783, .T. ) ;
#4776 = ORIENTED_EDGE ( 'NONE', *, *, #6566, .F. ) ;
#4777 = EDGE_CURVE ( 'NONE', #6119, #6205, #4436, .T. ) ;
#4778 = CIRCLE ( 'NONE', #538, 0.2999999999999999334 ) ;
#4779 = CARTESIAN_POINT ( 'NONE',  ( 2.689999999999999503, 3.149999999999999911, 0.2000000000000003997 ) ) ;
#4780 =( GEOMETRIC_REPRESENTATION_CONTEXT ( 3 ) GLOBAL_UNCERTAINTY_ASSIGNED_CONTEXT ( ( #5429 ) ) GLOBAL_UNIT_ASSIGNED_CONTEXT ( ( #1591, #44, #6237 ) ) REPRESENTATION_CONTEXT ( 'NONE', 'WORKASPACE' ) );
#4781 = ORIENTED_EDGE ( 'NONE', *, *, #2132, .F. ) ;
#4782 = DIRECTION ( 'NONE',  ( 1.000000000000000000, 1.164243943608595441E-16, -0.000000000000000000 ) ) ;
#4783 = CARTESIAN_POINT ( 'NONE',  ( -0.5812595195035172857, 0.04708097837694762838, 0.7999999999999999334 ) ) ;
#4784 = CARTESIAN_POINT ( 'NONE',  ( 3.025000000000001243, 3.425000000000000266, 3.000000000000000000 ) ) ;
#4785 = VERTEX_POINT ( 'NONE', #4323 ) ;
#4786 = LINE ( 'NONE', #5000, #2098 ) ;
#4787 = ORIENTED_EDGE ( 'NONE', *, *, #877, .F. ) ;
#4788 = ADVANCED_FACE ( 'NONE', ( #91 ), #3228, .T. ) ;
#4789 = FILL_AREA_STYLE ('',( #4137 ) ) ;
#4790 = EDGE_CURVE ( 'NONE', #4343, #1919, #4940, .T. ) ;
#4791 = ORIENTED_EDGE ( 'NONE', *, *, #153, .T. ) ;
#4792 = STYLED_ITEM ( 'NONE', ( #4036 ), #5814 ) ;
#4793 = DIRECTION ( 'NONE',  ( 0.000000000000000000, 1.000000000000000000, 0.000000000000000000 ) ) ;
#4794 = DIRECTION ( 'NONE',  ( -1.164243943608595688E-16, 1.000000000000000000, 3.614007241618349264E-16 ) ) ;
#4795 = B_SPLINE_CURVE_WITH_KNOTS ( 'NONE', 3,
 ( #256, #5936, #3373, #3332, #2261, #5921, #1714, #5343, #5368, #2297, #6443, #5443, #2776, #4892, #3351, #4354, #6378, #273, #764 ),
 .UNSPECIFIED., .F., .F.,
 ( 4, 1, 1, 1, 1, 1, 1, 1, 1, 1, 1, 1, 1, 1, 1, 1, 4 ),
 ( 0.000000000000000000, 0.06854753670890291473, 0.1356829456230481956, 0.2012149895263285748, 0.2656822347546964336, 0.3292668348172592130, 0.3923954278443285149, 0.4550697616521436339, 0.5171268500645062050, 0.5787900352866527376, 0.6397398633435417148, 0.7001915036663086678, 0.7598062425966702893, 0.8196283192750081215, 0.8793547910462764516, 0.9395116077646616937, 1.000000000000000000 ),
 .UNSPECIFIED. ) ;
#4796 = CARTESIAN_POINT ( 'NONE',  ( -0.5028846153846154854, -0.01025641025641025814, 0.8000000000000000444 ) ) ;
#4797 = CARTESIAN_POINT ( 'NONE',  ( -0.2995545518980799460, 0.1248694577619789275, 0.8000000000000001554 ) ) ;
#4798 = VECTOR ( 'NONE', #2772, 1000.000000000000000 ) ;
#4799 = ORIENTED_EDGE ( 'NONE', *, *, #6148, .F. ) ;
#4800 = UNCERTAINTY_MEASURE_WITH_UNIT (LENGTH_MEASURE( 1.000000000000000082E-05 ), #4202, 'distance_accuracy_value', 'NONE');
#4801 = DIRECTION ( 'NONE',  ( -1.440751781104763279E-15, 1.201710903231780113E-13, -1.000000000000000000 ) ) ;
#4802 =( NAMED_UNIT ( * ) SI_UNIT ( $, .STERADIAN. ) SOLID_ANGLE_UNIT ( ) );
#4803 = CARTESIAN_POINT ( 'NONE',  ( -0.1500000000000003553, 3.350000000000000089, 0.2000000000000003997 ) ) ;
#4804 = CARTESIAN_POINT ( 'NONE',  ( -0.3620037726279788926, 0.03584116165106802226, 0.8000000000000001554 ) ) ;
#4805 = VECTOR ( 'NONE', #602, 1000.000000000000000 ) ;
#4806 = DIRECTION ( 'NONE',  ( 1.164243943608595195E-16, -1.000000000000000000, -1.355252715606880789E-16 ) ) ;
#4807 = AXIS2_PLACEMENT_3D ( 'NONE', #4601, #3064, #5703 ) ;
#4808 = CARTESIAN_POINT ( 'NONE',  ( -0.1500000000000003275, 3.050000000000000266, -0.09999999999999993616 ) ) ;
#4809 = ADVANCED_FACE ( 'NONE', ( #1367 ), #2419, .T. ) ;
#4810 = UNCERTAINTY_MEASURE_WITH_UNIT (LENGTH_MEASURE( 1.000000000000000082E-05 ), #6028, 'distance_accuracy_value', 'NONE');
#4811 = CARTESIAN_POINT ( 'NONE',  ( -1.127324177634531965, 0.3589536750514458752, 0.8000000000000001554 ) ) ;
#4812 =( NAMED_UNIT ( * ) PLANE_ANGLE_UNIT ( ) SI_UNIT ( $, .RADIAN. ) );
#4813 = ORIENTED_EDGE ( 'NONE', *, *, #276, .T. ) ;
#4814 = DIRECTION ( 'NONE',  ( -1.164243943608595441E-16, 1.000000000000000000, -0.000000000000000000 ) ) ;
#4815 = CARTESIAN_POINT ( 'NONE',  ( -1.207526304966826114, 0.04346329759767841167, 0.8000000000000000444 ) ) ;
#4816 = MECHANICAL_DESIGN_GEOMETRIC_PRESENTATION_REPRESENTATION (  '', ( #2362 ), #2498 ) ;
#4817 = AXIS2_PLACEMENT_3D ( 'NONE', #3226, #5243, #3811 ) ;
#4818 = CARTESIAN_POINT ( 'NONE',  ( -0.9846153846153847811, 0.1948717948717949011, 0.8000000000000000444 ) ) ;
#4819 =( LENGTH_UNIT ( ) NAMED_UNIT ( * ) SI_UNIT ( .MILLI., .METRE. ) );
#4820 = ADVANCED_FACE ( 'NONE', ( #1205 ), #1684, .T. ) ;
#4821 = CARTESIAN_POINT ( 'NONE',  ( -0.6000163721445507248, 0.3897058299802156345, 0.7999999999999999334 ) ) ;
#4822 = VECTOR ( 'NONE', #985, 1000.000000000000000 ) ;
#4823 = CARTESIAN_POINT ( 'NONE',  ( -0.2871794871794872139, 0.2023237179487179793, 0.8000000000000000444 ) ) ;
#4824 = CARTESIAN_POINT ( 'NONE',  ( -0.2877069088698393506, 0.2236741611605364555, 0.7999999999999999334 ) ) ;
#4825 = CARTESIAN_POINT ( 'NONE',  ( 0.1499999999999996059, 3.350000000000000089, 0.2000000000000003997 ) ) ;
#4826 = EDGE_CURVE ( 'NONE', #2156, #6462, #2179, .T. ) ;
#4827 = LINE ( 'NONE', #1408, #6022 ) ;
#4828 = DIRECTION ( 'NONE',  ( -0.000000000000000000, -0.000000000000000000, -1.000000000000000000 ) ) ;
#4829 = VERTEX_POINT ( 'NONE', #5893 ) ;
#4830 = SURFACE_STYLE_FILL_AREA ( #5917 ) ;
#4831 = FACE_OUTER_BOUND ( 'NONE', #1540, .T. ) ;
#4832 = CARTESIAN_POINT ( 'NONE',  ( -0.3732543912439684752, 0.3200563773325066919, 0.8000000000000000444 ) ) ;
#4833 = SURFACE_STYLE_FILL_AREA ( #2534 ) ;
#4834 = CIRCLE ( 'NONE', #5365, 0.2000000000000000944 ) ;
#4835 = COLOUR_RGB ( '',0.1803921568627450955, 0.1803921568627450955, 0.1803921568627450955 ) ;
#4836 = EDGE_LOOP ( 'NONE', ( #1133, #1382, #2793, #6291, #5155, #5487, #4842, #5828, #6056, #1999, #4506, #2810, #5888, #789, #5747, #498 ) ) ;
#4837 = EDGE_CURVE ( 'NONE', #4924, #4785, #487, .T. ) ;
#4838 = CARTESIAN_POINT ( 'NONE',  ( -1.815384615384615596, 0.000000000000000000, 0.6999999999999999556 ) ) ;
#4839 = CARTESIAN_POINT ( 'NONE',  ( -0.4093586238386960896, 0.007107228120340132113, 0.7000000000000001776 ) ) ;
#4840 = PRESENTATION_LAYER_ASSIGNMENT (  '', '', ( #3453 ) ) ;
#4841 =( NAMED_UNIT ( * ) SI_UNIT ( $, .STERADIAN. ) SOLID_ANGLE_UNIT ( ) );
#4842 = ORIENTED_EDGE ( 'NONE', *, *, #5133, .F. ) ;
#4843 = VECTOR ( 'NONE', #4074, 1000.000000000000000 ) ;
#4844 = EDGE_CURVE ( 'NONE', #4614, #5877, #5019, .T. ) ;
#4845 = ADVANCED_FACE ( 'NONE', ( #1607 ), #5578, .T. ) ;
#4846 = ORIENTED_EDGE ( 'NONE', *, *, #1754, .F. ) ;
#4847 = DIRECTION ( 'NONE',  ( -0.000000000000000000, -1.000000000000000000, -0.000000000000000000 ) ) ;
#4848 = LINE ( 'NONE', #4366, #2896 ) ;
#4849 = LINE ( 'NONE', #4226, #2006 ) ;
#4850 = CARTESIAN_POINT ( 'NONE',  ( 2.690000000000000391, -3.350000000000000089, 0.2000000000000003997 ) ) ;
#4851 = EDGE_CURVE ( 'NONE', #3547, #2257, #5733, .T. ) ;
#4852 = CARTESIAN_POINT ( 'NONE',  ( 2.389999999999999680, 2.849999999999999645, -0.09999999999999996392 ) ) ;
#4853 = LINE ( 'NONE', #3450, #943 ) ;
#4854 = ORIENTED_EDGE ( 'NONE', *, *, #815, .T. ) ;
#4855 = SURFACE_STYLE_FILL_AREA ( #2181 ) ;
#4856 = DIRECTION ( 'NONE',  ( -1.000000000000000000, 0.000000000000000000, -0.000000000000000000 ) ) ;
#4857 = CARTESIAN_POINT ( 'NONE',  ( -0.4374588842654693610, 0.4022268275256529746, 0.8000000000000001554 ) ) ;
#4858 = ORIENTED_EDGE ( 'NONE', *, *, #5773, .F. ) ;
#4859 = CARTESIAN_POINT ( 'NONE',  ( -1.120432692307692601, 0.3589743589743589758, 0.6999999999999999556 ) ) ;
#4860 = DIRECTION ( 'NONE',  ( 0.000000000000000000, 1.000000000000000000, 0.000000000000000000 ) ) ;
#4861 = LINE ( 'NONE', #2077, #5422 ) ;
#4862 = ADVANCED_FACE ( 'NONE', ( #2651 ), #5047, .T. ) ;
#4863 = ORIENTED_EDGE ( 'NONE', *, *, #5734, .T. ) ;
#4864 = CARTESIAN_POINT ( 'NONE',  ( -0.3457273404474578982, 0.2856367335450530343, 0.7000000000000007327 ) ) ;
#4865 = MECHANICAL_DESIGN_GEOMETRIC_PRESENTATION_REPRESENTATION (  '', ( #2289 ), #2199 ) ;
#4866 = MECHANICAL_DESIGN_GEOMETRIC_PRESENTATION_REPRESENTATION (  '', ( #924 ), #5541 ) ;
#4867 = DIRECTION ( 'NONE',  ( 1.000000000000000000, 1.164243943608595441E-16, -0.000000000000000000 ) ) ;
#4868 = PRESENTATION_STYLE_ASSIGNMENT (( #1457 ) ) ;
#4869 = CARTESIAN_POINT ( 'NONE',  ( -1.303527288488641300, 0.02746954310037300409, 0.8000000000000001554 ) ) ;
#4870 = CARTESIAN_POINT ( 'NONE',  ( 3.325000000000001510, 1.043175853018396326, 0.000000000000000000 ) ) ;
#4871 = VERTEX_POINT ( 'NONE', #248 ) ;
#4872 = SURFACE_STYLE_USAGE ( .BOTH. , #2185 ) ;
#4873 = ORIENTED_EDGE ( 'NONE', *, *, #6425, .F. ) ;
#4874 = DIRECTION ( 'NONE',  ( 0.000000000000000000, 0.000000000000000000, 1.000000000000000000 ) ) ;
#4875 = VERTEX_POINT ( 'NONE', #5492 ) ;
#4876 = DIRECTION ( 'NONE',  ( -6.018531076210113136E-32, 5.421010862427523156E-16, 1.000000000000000000 ) ) ;
#4877 = ORIENTED_EDGE ( 'NONE', *, *, #1899, .F. ) ;
#4878 = COLOUR_RGB ( '',0.7960784313725489669, 0.8235294117647058432, 0.9372549019607843146 ) ;
#4879 = CARTESIAN_POINT ( 'NONE',  ( -1.180368589743589824, 0.000000000000000000, 0.8000000000000000444 ) ) ;
#4880 = CARTESIAN_POINT ( 'NONE',  ( -0.3809119722409163300, 0.3768144684901049701, 0.8000000000000001554 ) ) ;
#4881 = ORIENTED_EDGE ( 'NONE', *, *, #2747, .F. ) ;
#4882 = CARTESIAN_POINT ( 'NONE',  ( -0.3517521433118474539, 0.2949296944088641292, 0.6999999999999999556 ) ) ;
#4883 = DIRECTION ( 'NONE',  ( 1.164243943608595195E-16, -1.000000000000000000, 1.355252715606880789E-16 ) ) ;
#4884 = ORIENTED_EDGE ( 'NONE', *, *, #3799, .T. ) ;
#4885 = CARTESIAN_POINT ( 'NONE',  ( -0.5001602564102564097, 0.3692307692307692513, 0.8000000000000000444 ) ) ;
#4886 = STYLED_ITEM ( 'NONE', ( #4422 ), #6132 ) ;
#4887 = CARTESIAN_POINT ( 'NONE',  ( -0.4421510859758508993, 0.3604506074105589541, 0.8000000000000000444 ) ) ;
#4888 = EDGE_CURVE ( 'NONE', #1730, #1831, #4353, .T. ) ;
#4889 = CARTESIAN_POINT ( 'NONE',  ( -1.263430616879651414, 0.05502888667593165695, 0.8000000000000002665 ) ) ;
#4890 = DIRECTION ( 'NONE',  ( -1.164243943608595688E-16, 1.000000000000000000, -3.614007241618349264E-16 ) ) ;
#4891 = CARTESIAN_POINT ( 'NONE',  ( -1.260564313021068639, 0.3867467366120683758, 0.8000000000000001554 ) ) ;
#4892 = CARTESIAN_POINT ( 'NONE',  ( -0.6441770985595010046, 0.3619642658854137496, 0.6999999999999998446 ) ) ;
#4893 = SURFACE_SIDE_STYLE ('',( #2151 ) ) ;
#4894 = CARTESIAN_POINT ( 'NONE',  ( -0.3286476858649096666, 0.2449660905812630352, 0.6999999999999998446 ) ) ;
#4895 =( GEOMETRIC_REPRESENTATION_CONTEXT ( 3 ) GLOBAL_UNCERTAINTY_ASSIGNED_CONTEXT ( ( #3989 ) ) GLOBAL_UNIT_ASSIGNED_CONTEXT ( ( #5087, #6090, #1973 ) ) REPRESENTATION_CONTEXT ( 'NONE', 'WORKASPACE' ) );
#4896 = DIRECTION ( 'NONE',  ( 1.000000000000000000, 1.164243943608595441E-16, -0.000000000000000000 ) ) ;
#4897 = ORIENTED_EDGE ( 'NONE', *, *, #4934, .F. ) ;
#4898 = LINE ( 'NONE', #4090, #6345 ) ;
#4899 = CARTESIAN_POINT ( 'NONE',  ( 2.689999999999999503, 2.850000000000000089, 0.6999999999999999556 ) ) ;
#4900 = MECHANICAL_DESIGN_GEOMETRIC_PRESENTATION_REPRESENTATION (  '', ( #48 ), #1159 ) ;
#4901 = ORIENTED_EDGE ( 'NONE', *, *, #3545, .T. ) ;
#4902 = CARTESIAN_POINT ( 'NONE',  ( -1.301153447802997354, 0.07818865889731614616, 0.7000000000000005107 ) ) ;
#4903 = CIRCLE ( 'NONE', #5148, 0.2000000000000000944 ) ;
#4904 = CARTESIAN_POINT ( 'NONE',  ( -0.7589743589743590535, 0.000000000000000000, 0.8000000000000000444 ) ) ;
#4905 = DIRECTION ( 'NONE',  ( -0.000000000000000000, -0.000000000000000000, -1.000000000000000000 ) ) ;
#4906 = ORIENTED_EDGE ( 'NONE', *, *, #586, .F. ) ;
#4907 = CARTESIAN_POINT ( 'NONE',  ( -1.384543502617771260, 0.1900077815355854238, 0.6999999999999999556 ) ) ;
#4908 = LINE ( 'NONE', #4852, #6684 ) ;
#4909 = DIRECTION ( 'NONE',  ( 1.000000000000000000, 1.164243943608595441E-16, -0.000000000000000000 ) ) ;
#4910 = EDGE_LOOP ( 'NONE', ( #3235, #4247, #90, #467 ) ) ;
#4911 = DIRECTION ( 'NONE',  ( 0.000000000000000000, 1.000000000000000000, -4.336808689942017736E-16 ) ) ;
#4912 = DIRECTION ( 'NONE',  ( 1.000000000000000000, 1.164243943608595441E-16, -0.000000000000000000 ) ) ;
#4913 = EDGE_CURVE ( 'NONE', #631, #5800, #407, .T. ) ;
#4914 = CARTESIAN_POINT ( 'NONE',  ( -0.7948717948717949344, 0.04102564102564103254, 0.8000000000000000444 ) ) ;
#4915 = ORIENTED_EDGE ( 'NONE', *, *, #207, .F. ) ;
#4916 = ORIENTED_EDGE ( 'NONE', *, *, #3135, .F. ) ;
#4917 = AXIS2_PLACEMENT_3D ( 'NONE', #6449, #5106, #279 ) ;
#4918 = FACE_BOUND ( 'NONE', #4235, .T. ) ;
#4919 = CARTESIAN_POINT ( 'NONE',  ( -0.3535862268739889402, 0.04323163416576940310, 0.8000000000000000444 ) ) ;
#4920 = CARTESIAN_POINT ( 'NONE',  ( -0.5026442307692308153, 0.03076923076923077441, 0.6999999999999999556 ) ) ;
#4921 = UNCERTAINTY_MEASURE_WITH_UNIT (LENGTH_MEASURE( 1.000000000000000082E-05 ), #3806, 'distance_accuracy_value', 'NONE');
#4922 = CARTESIAN_POINT ( 'NONE',  ( -1.258517700359157221, 0.008296504367708101499, 0.6999999999999997335 ) ) ;
#4923 = EDGE_CURVE ( 'NONE', #4590, #5744, #2492, .T. ) ;
#4924 = VERTEX_POINT ( 'NONE', #4016 ) ;
#4925 =( NAMED_UNIT ( * ) PLANE_ANGLE_UNIT ( ) SI_UNIT ( $, .RADIAN. ) );
#4926 = VERTEX_POINT ( 'NONE', #901 ) ;
#4927 = CARTESIAN_POINT ( 'NONE',  ( -1.252564102564102777, 0.05120192307692308237, 0.6999999999999999556 ) ) ;
#4928 = CARTESIAN_POINT ( 'NONE',  ( -1.348500291220261049, 0.1818923248583181884, 0.7000000000000003997 ) ) ;
#4929 = MECHANICAL_DESIGN_GEOMETRIC_PRESENTATION_REPRESENTATION (  '', ( #3415 ), #4094 ) ;
#4930 = VECTOR ( 'NONE', #1119, 1000.000000000000000 ) ;
#4931 = ORIENTED_EDGE ( 'NONE', *, *, #4474, .T. ) ;
#4932 = LINE ( 'NONE', #3190, #1110 ) ;
#4933 = CARTESIAN_POINT ( 'NONE',  ( -1.384615384615384803, 0.1949519230769231060, 0.6999999999999999556 ) ) ;
#4934 = EDGE_CURVE ( 'NONE', #5445, #4112, #947, .T. ) ;
#4935 = AXIS2_PLACEMENT_3D ( 'NONE', #5281, #4716, #2602 ) ;
#4936 = CARTESIAN_POINT ( 'NONE',  ( 0.1500000000000002998, -2.850000000000000089, 0.6999999999999999556 ) ) ;
#4937 = CARTESIAN_POINT ( 'NONE',  ( -0.3355921500037981065, 0.1333170696709775338, 0.6999999999999997335 ) ) ;
#4938 = ORIENTED_EDGE ( 'NONE', *, *, #2973, .T. ) ;
#4939 = DIRECTION ( 'NONE',  ( -6.018531076210113136E-32, 5.421010862427523156E-16, -1.000000000000000000 ) ) ;
#4940 = LINE ( 'NONE', #6340, #6141 ) ;
#4941 = CARTESIAN_POINT ( 'NONE',  ( -1.309087632523835643, 0.08579677190348354576, 0.7999999999999997113 ) ) ;
#4942 = PRESENTATION_LAYER_ASSIGNMENT (  '', '', ( #2362 ) ) ;
#4943 = DIRECTION ( 'NONE',  ( 1.000000000000000000, 1.164243943608595441E-16, -0.000000000000000000 ) ) ;
#4944 = SURFACE_SIDE_STYLE ('',( #146 ) ) ;
#4945 = EDGE_LOOP ( 'NONE', ( #3035, #2010, #4884, #3211 ) ) ;
#4946 = CARTESIAN_POINT ( 'NONE',  ( -0.3230769230769230949, 0.1995993589743589869, 0.8000000000000000444 ) ) ;
#4947 = VERTEX_POINT ( 'NONE', #2997 ) ;
#4948 = ORIENTED_EDGE ( 'NONE', *, *, #3154, .F. ) ;
#4949 = VECTOR ( 'NONE', #4063, 1000.000000000000000 ) ;
#4950 = FILL_AREA_STYLE_COLOUR ( '', #5840 ) ;
#4951 = EDGE_CURVE ( 'NONE', #1355, #1573, #2012, .T. ) ;
#4952 = CARTESIAN_POINT ( 'NONE',  ( -0.6432721475578256909, 0.3052344991162319054, 0.7999999999999999334 ) ) ;
#4953 = CARTESIAN_POINT ( 'NONE',  ( -2.389999999999999680, -2.850000000000000089, -0.09999999999999996392 ) ) ;
#4954 = CARTESIAN_POINT ( 'NONE',  ( -0.6388210107778339308, 0.3105392894846122354, 0.7000000000000000666 ) ) ;
#4955 = VERTEX_POINT ( 'NONE', #1403 ) ;
#4956 = CARTESIAN_POINT ( 'NONE',  ( -1.056410256410256654, 0.000000000000000000, 0.6999999999999999556 ) ) ;
#4957 = CARTESIAN_POINT ( 'NONE',  ( -0.4307213153877917367, -0.0004875322614737636413, 0.8000000000000004885 ) ) ;
#4958 = VECTOR ( 'NONE', #4905, 1000.000000000000000 ) ;
#4959 = DIRECTION ( 'NONE',  ( 0.000000000000000000, -1.000000000000000000, 0.000000000000000000 ) ) ;
#4960 =( GEOMETRIC_REPRESENTATION_CONTEXT ( 3 ) GLOBAL_UNCERTAINTY_ASSIGNED_CONTEXT ( ( #1675 ) ) GLOBAL_UNIT_ASSIGNED_CONTEXT ( ( #855, #264, #2328 ) ) REPRESENTATION_CONTEXT ( 'NONE', 'WORKASPACE' ) );
#4961 = STYLED_ITEM ( 'NONE', ( #3396 ), #480 ) ;
#4962 = CARTESIAN_POINT ( 'NONE',  ( -0.5028846153846154854, -0.01025641025641025814, 0.8000000000000000444 ) ) ;
#4963 =( NAMED_UNIT ( * ) PLANE_ANGLE_UNIT ( ) SI_UNIT ( $, .RADIAN. ) );
#4964 = CARTESIAN_POINT ( 'NONE',  ( -1.277881527712995791, 0.3803263859655178769, 0.7999999999999999334 ) ) ;
#4965 = EDGE_CURVE ( 'NONE', #4706, #2739, #242, .T. ) ;
#4966 = CARTESIAN_POINT ( 'NONE',  ( -1.717227564102564275, 0.1282051282051282215, 0.8000000000000000444 ) ) ;
#4967 = DIRECTION ( 'NONE',  ( 1.000000000000000000, 1.164243943608595441E-16, -0.000000000000000000 ) ) ;
#4968 = PLANE ( 'NONE',  #4227 ) ;
#4969 = B_SPLINE_SURFACE_WITH_KNOTS ( 'NONE', 3, 1, ( 
 ( #1027, #3114 ),
 ( #5191, #3140 ),
 ( #2081, #2598 ),
 ( #6226, #2614 ),
 ( #3657, #545 ),
 ( #3569, #463 ),
 ( #1166, #1642 ),
 ( #3693, #55 ),
 ( #2174, #2732 ),
 ( #3677, #6285 ),
 ( #5279, #662 ),
 ( #611, #2665 ),
 ( #87, #2683 ),
 ( #3764, #4199 ),
 ( #1068, #590 ),
 ( #5839, #147 ),
 ( #1602, #2197 ),
 ( #2146, #569 ),
 ( #5813, #6350 ) ),
 .UNSPECIFIED., .F., .F., .F.,
 ( 4, 1, 1, 1, 1, 1, 1, 1, 1, 1, 1, 1, 1, 1, 1, 1, 4 ),
 ( 2, 2 ),
 ( 0.000000000000000000, 0.06854753670890291473, 0.1356829456230481956, 0.2012149895263285748, 0.2656822347546964336, 0.3292668348172592130, 0.3923954278443285149, 0.4550697616521436339, 0.5171268500645062050, 0.5787900352866527376, 0.6397398633435417148, 0.7001915036663086678, 0.7598062425966702893, 0.8196283192750081215, 0.8793547910462764516, 0.9395116077646616937, 1.000000000000000000 ),
 ( 0.000000000000000000, 1.000000000000000000 ),
 .UNSPECIFIED. ) ;
#4970 = CARTESIAN_POINT ( 'NONE',  ( -1.352839627527731459, 0.3149309541847812866, 0.7000000000000001776 ) ) ;
#4971 = SURFACE_STYLE_FILL_AREA ( #5741 ) ;
#4972 = CARTESIAN_POINT ( 'NONE',  ( -1.264102564102564052, 0.3855769230769230949, 0.8000000000000000444 ) ) ;
#4973 = CARTESIAN_POINT ( 'NONE',  ( -0.3809119722409163300, 0.3768144684901049701, 0.8000000000000001554 ) ) ;
#4974 = AXIS2_PLACEMENT_3D ( 'NONE', #5104, #1395, #1488 ) ;
#4975 = CARTESIAN_POINT ( 'NONE',  ( -0.2995545518980799460, 0.1248694577619789275, 0.7000000000000000666 ) ) ;
#4976 = PRESENTATION_STYLE_ASSIGNMENT (( #4267 ) ) ;
#4977 = CARTESIAN_POINT ( 'NONE',  ( -0.5001602564102564097, 0.3692307692307692513, 0.8000000000000000444 ) ) ;
#4978 = DIRECTION ( 'NONE',  ( 0.000000000000000000, 1.000000000000000000, 9.035018104045872913E-16 ) ) ;
#4979 =( NAMED_UNIT ( * ) SI_UNIT ( $, .STERADIAN. ) SOLID_ANGLE_UNIT ( ) );
#4980 = VECTOR ( 'NONE', #2820, 1000.000000000000000 ) ;
#4981 = ORIENTED_EDGE ( 'NONE', *, *, #5693, .F. ) ;
#4982 = LINE ( 'NONE', #821, #3536 ) ;
#4983 = CARTESIAN_POINT ( 'NONE',  ( 3.025000000000002132, -1.043175853018395438, 0.2999999999999999889 ) ) ;
#4984 = DIRECTION ( 'NONE',  ( -1.000000000000000000, -1.164243943608595441E-16, 0.000000000000000000 ) ) ;
#4985 = VERTEX_POINT ( 'NONE', #4475 ) ;
#4986 = CARTESIAN_POINT ( 'NONE',  ( 3.325000000000001954, -3.425000000000000266, 3.000000000000000000 ) ) ;
#4987 = COLOUR_RGB ( '',0.7529411764705882248, 0.7529411764705882248, 0.7529411764705882248 ) ;
#4988 = CARTESIAN_POINT ( 'NONE',  ( 0.1500000000000003275, -3.050000000000000266, -0.2999999999999999334 ) ) ;
#4989 = VECTOR ( 'NONE', #5391, 1000.000000000000000 ) ;
#4990 = LINE ( 'NONE', #5139, #300 ) ;
#4991 = FILL_AREA_STYLE_COLOUR ( '', #1978 ) ;
#4992 = ORIENTED_EDGE ( 'NONE', *, *, #3748, .F. ) ;
#4993 = CARTESIAN_POINT ( 'NONE',  ( -3.324999999999998845, 1.343175853018395260, 0.7000000000000002887 ) ) ;
#4994 = CARTESIAN_POINT ( 'NONE',  ( -1.366882463792045810, 0.2885712786519659678, 0.7000000000000000666 ) ) ;
#4995 = CARTESIAN_POINT ( 'NONE',  ( -3.324999999999999289, 3.725000000000000089, 0.6999999999999999556 ) ) ;
#4996 = ORIENTED_EDGE ( 'NONE', *, *, #3615, .F. ) ;
#4997 = PRESENTATION_STYLE_ASSIGNMENT (( #1898 ) ) ;
#4998 = ORIENTED_EDGE ( 'NONE', *, *, #6648, .F. ) ;
#4999 = CARTESIAN_POINT ( 'NONE',  ( -1.555368589743590046, 0.1692307692307692679, 0.8000000000000000444 ) ) ;
#5000 = CARTESIAN_POINT ( 'NONE',  ( 2.690000000000000391, -3.149999999999999911, 0.6999999999999998446 ) ) ;
#5001 = SURFACE_STYLE_FILL_AREA ( #6460 ) ;
#5002 = VERTEX_POINT ( 'NONE', #6579 ) ;
#5003 = EDGE_CURVE ( 'NONE', #6567, #2274, #4684, .T. ) ;
#5004 = DIRECTION ( 'NONE',  ( 1.000000000000000000, 1.164243943608595441E-16, -0.000000000000000000 ) ) ;
#5005 = UNCERTAINTY_MEASURE_WITH_UNIT (LENGTH_MEASURE( 1.000000000000000082E-05 ), #2699, 'distance_accuracy_value', 'NONE');
#5006 = EDGE_LOOP ( 'NONE', ( #6367, #4008, #5315, #396 ) ) ;
#5007 = FACE_OUTER_BOUND ( 'NONE', #3733, .T. ) ;
#5008 = VERTEX_POINT ( 'NONE', #3951 ) ;
#5009 = CARTESIAN_POINT ( 'NONE',  ( -0.5028846153846154854, -0.01025641025641025814, 0.8000000000000000444 ) ) ;
#5010 = CARTESIAN_POINT ( 'NONE',  ( -1.264102564102564052, 0.3855769230769230949, 0.7000000000000000666 ) ) ;
#5011 = LINE ( 'NONE', #2527, #3553 ) ;
#5012 = EDGE_CURVE ( 'NONE', #4875, #1192, #3315, .T. ) ;
#5013 = SURFACE_STYLE_FILL_AREA ( #1597 ) ;
#5014 = FILL_AREA_STYLE ('',( #5574 ) ) ;
#5015 = DIRECTION ( 'NONE',  ( 0.000000000000000000, 0.000000000000000000, -1.000000000000000000 ) ) ;
#5016 = UNCERTAINTY_MEASURE_WITH_UNIT (LENGTH_MEASURE( 1.000000000000000082E-05 ), #2575, 'distance_accuracy_value', 'NONE');
#5017 = CARTESIAN_POINT ( 'NONE',  ( -0.1499999999999995226, -2.849999999999999645, 0.6999999999999999556 ) ) ;
#5018 = AXIS2_PLACEMENT_3D ( 'NONE', #833, #5616, #5598 ) ;
#5019 = LINE ( 'NONE', #674, #3646 ) ;
#5020 = ORIENTED_EDGE ( 'NONE', *, *, #5175, .T. ) ;
#5021 = ADVANCED_FACE ( 'NONE', ( #2094 ), #4456, .F. ) ;
#5022 =( NAMED_UNIT ( * ) PLANE_ANGLE_UNIT ( ) SI_UNIT ( $, .RADIAN. ) );
#5023 = PLANE ( 'NONE',  #5847 ) ;
#5024 = CARTESIAN_POINT ( 'NONE',  ( 2.690000000000000835, -2.849999999999999201, 0.6999999999999999556 ) ) ;
#5025 = CARTESIAN_POINT ( 'NONE',  ( -0.1499999999999996336, -3.050000000000000266, -0.09999999999999993616 ) ) ;
#5026 = CARTESIAN_POINT ( 'NONE',  ( -0.6241969141583996183, 0.3249672673014806779, 0.8000000000000001554 ) ) ;
#5027 = MECHANICAL_DESIGN_GEOMETRIC_PRESENTATION_REPRESENTATION (  '', ( #3641 ), #1666 ) ;
#5028 = CARTESIAN_POINT ( 'NONE',  ( -0.4838525129783744494, 0.03111993924618347909, 0.6999999999999999556 ) ) ;
#5029 = ORIENTED_EDGE ( 'NONE', *, *, #2388, .F. ) ;
#5030 = CARTESIAN_POINT ( 'NONE',  ( -0.4948628510718718343, 0.4100720287691576038, 0.6999999999999999556 ) ) ;
#5031 = CARTESIAN_POINT ( 'NONE',  ( -0.3231230197849257468, 0.2035287710378473336, 0.6999999999999999556 ) ) ;
#5032 = CARTESIAN_POINT ( 'NONE',  ( -0.2410256410256410575, 0.04102564102564103254, 0.8000000000000000444 ) ) ;
#5033 = ORIENTED_EDGE ( 'NONE', *, *, #4728, .F. ) ;
#5034 = ORIENTED_EDGE ( 'NONE', *, *, #59, .F. ) ;
#5035 = VECTOR ( 'NONE', #3030, 1000.000000000000000 ) ;
#5036 = VERTEX_POINT ( 'NONE', #406 ) ;
#5037 = EDGE_CURVE ( 'NONE', #5061, #4829, #5898, .T. ) ;
#5038 =( GEOMETRIC_REPRESENTATION_CONTEXT ( 3 ) GLOBAL_UNCERTAINTY_ASSIGNED_CONTEXT ( ( #1080 ) ) GLOBAL_UNIT_ASSIGNED_CONTEXT ( ( #1982, #2563, #416 ) ) REPRESENTATION_CONTEXT ( 'NONE', 'WORKASPACE' ) );
#5039 = CARTESIAN_POINT ( 'NONE',  ( -1.344978804620147406, 0.2353542239063887986, 0.7000000000000000666 ) ) ;
#5040 = CARTESIAN_POINT ( 'NONE',  ( -0.1500000000000003553, 3.149999999999999911, 0.2000000000000003997 ) ) ;
#5041 = ORIENTED_EDGE ( 'NONE', *, *, #3790, .F. ) ;
#5042 = CARTESIAN_POINT ( 'NONE',  ( -1.195536397286891983, 0.3981360605812377940, 0.6999999999999998446 ) ) ;
#5043 = CARTESIAN_POINT ( 'NONE',  ( 3.325000000000001066, 3.425000000000000266, 2.700000000000000178 ) ) ;
#5044 = CARTESIAN_POINT ( 'NONE',  ( -0.3809119722409163300, 0.3768144684901049701, 0.7000000000000000666 ) ) ;
#5045 = DIRECTION ( 'NONE',  ( 1.000000000000000000, 0.000000000000000000, 0.000000000000000000 ) ) ;
#5046 = SURFACE_SIDE_STYLE ('',( #5452 ) ) ;
#5047 = B_SPLINE_SURFACE_WITH_KNOTS ( 'NONE', 3, 1, ( 
 ( #2371, #3870 ),
 ( #2333, #6002 ),
 ( #4889, #5401 ),
 ( #5435, #4434 ),
 ( #2292, #2857 ),
 ( #5984, #2307 ),
 ( #2840, #4902 ),
 ( #1277, #4368 ),
 ( #3393, #5916 ),
 ( #3363, #2883 ),
 ( #1871, #5455 ),
 ( #286, #1334 ),
 ( #3911, #3414 ),
 ( #1297, #269 ),
 ( #777, #2815 ),
 ( #4379, #3892 ),
 ( #3345, #4928 ),
 ( #1311, #6506 ),
 ( #313, #820 ) ),
 .UNSPECIFIED., .F., .F., .F.,
 ( 4, 1, 1, 1, 1, 1, 1, 1, 1, 1, 1, 1, 1, 1, 1, 1, 4 ),
 ( 2, 2 ),
 ( 0.000000000000000000, 0.06241450026327793887, 0.1233382314733143942, 0.1831245376921933066, 0.2417829946389429829, 0.3005788825509772555, 0.3596800748966264560, 0.4188816408500467547, 0.4795306644577834176, 0.5408505357600388308, 0.6023033958983804448, 0.6644632119464730646, 0.7278057226670121560, 0.7928948147812349134, 0.8596723283028315787, 0.9284644007334889038, 1.000000000000000000 ),
 ( 0.000000000000000000, 1.000000000000000000 ),
 .UNSPECIFIED. ) ;
#5048 = SPHERICAL_SURFACE ( 'NONE', #4451, 0.2999999999999999889 ) ;
#5049 = EDGE_CURVE ( 'NONE', #1313, #227, #5812, .T. ) ;
#5050 = SURFACE_SIDE_STYLE ('',( #5781 ) ) ;
#5051 = CARTESIAN_POINT ( 'NONE',  ( -2.354330708661414917, -2.731627296587916032, 2.900000000000000355 ) ) ;
#5052 = CARTESIAN_POINT ( 'NONE',  ( -0.4176319492292833724, 0.3956388888815565719, 0.6999999999999998446 ) ) ;
#5053 = ADVANCED_FACE ( 'NONE', ( #86 ), #1889, .F. ) ;
#5054 = EDGE_CURVE ( 'NONE', #4829, #5412, #2182, .T. ) ;
#5055 = DIRECTION ( 'NONE',  ( 0.000000000000000000, -1.000000000000000000, 0.000000000000000000 ) ) ;
#5056 = CARTESIAN_POINT ( 'NONE',  ( -0.6246395320287330133, 0.3762452922755938900, 0.7999999999999997113 ) ) ;
#5057 = MECHANICAL_DESIGN_GEOMETRIC_PRESENTATION_REPRESENTATION (  '', ( #5737 ), #4529 ) ;
#5058 = LINE ( 'NONE', #4936, #5209 ) ;
#5059 = AXIS2_PLACEMENT_3D ( 'NONE', #2648, #3165, #596 ) ;
#5060 = CARTESIAN_POINT ( 'NONE',  ( -1.253082091239442031, 0.3892205023543813258, 0.6999999999999998446 ) ) ;
#5061 = VERTEX_POINT ( 'NONE', #6069 ) ;
#5062 = DIRECTION ( 'NONE',  ( 1.000000000000000000, 1.164243943608595441E-16, -0.000000000000000000 ) ) ;
#5063 = EDGE_CURVE ( 'NONE', #6710, #3576, #481, .T. ) ;
#5064 = CARTESIAN_POINT ( 'NONE',  ( -0.6611852023935999023, 0.05469492132179037264, 0.8000000000000001554 ) ) ;
#5065 = FACE_OUTER_BOUND ( 'NONE', #546, .T. ) ;
#5066 = DIRECTION ( 'NONE',  ( -1.820792981479296430E-16, 1.000000000000000000, 1.365594736109472323E-16 ) ) ;
#5067 = DIRECTION ( 'NONE',  ( 0.000000000000000000, 1.000000000000000000, 0.000000000000000000 ) ) ;
#5068 = DIRECTION ( 'NONE',  ( -1.000000000000000000, -1.164243943608595441E-16, 0.000000000000000000 ) ) ;
#5069 = VERTEX_POINT ( 'NONE', #4623 ) ;
#5070 = APPLICATION_PROTOCOL_DEFINITION ( 'draft international standard', 'automotive_design', 1998, #2985 ) ;
#5071 = SURFACE_SIDE_STYLE ('',( #5348 ) ) ;
#5072 = LINE ( 'NONE', #5465, #5941 ) ;
#5073 = ORIENTED_EDGE ( 'NONE', *, *, #4837, .T. ) ;
#5074 = CARTESIAN_POINT ( 'NONE',  ( -2.689999999999999503, -3.350000000000000533, 0.2000000000000003997 ) ) ;
#5075 = AXIS2_PLACEMENT_3D ( 'NONE', #2224, #2720, #6341 ) ;
#5076 = PRESENTATION_LAYER_ASSIGNMENT (  '', '', ( #3906 ) ) ;
#5077 = CARTESIAN_POINT ( 'NONE',  ( -1.296967984737156021, 0.3191836658906981872, 0.8000000000000000444 ) ) ;
#5078 = EDGE_LOOP ( 'NONE', ( #1167, #4915, #3176, #1040 ) ) ;
#5079 = COLOUR_RGB ( '',0.7960784313725489669, 0.8235294117647058432, 0.9372549019607843146 ) ;
#5080 = CARTESIAN_POINT ( 'NONE',  ( -1.333149181004108508, 0.2711812019366882098, 0.7999999999999997113 ) ) ;
#5081 = ORIENTED_EDGE ( 'NONE', *, *, #153, .F. ) ;
#5082 = PRESENTATION_STYLE_ASSIGNMENT (( #367 ) ) ;
#5083 = EDGE_LOOP ( 'NONE', ( #5791, #3334, #2800, #344 ) ) ;
#5084 =( NAMED_UNIT ( * ) PLANE_ANGLE_UNIT ( ) SI_UNIT ( $, .RADIAN. ) );
#5085 = EDGE_CURVE ( 'NONE', #5575, #5488, #4600, .T. ) ;
#5086 = FACE_OUTER_BOUND ( 'NONE', #5993, .T. ) ;
#5087 =( LENGTH_UNIT ( ) NAMED_UNIT ( * ) SI_UNIT ( .MILLI., .METRE. ) );
#5088 = UNCERTAINTY_MEASURE_WITH_UNIT (LENGTH_MEASURE( 1.000000000000000082E-05 ), #583, 'distance_accuracy_value', 'NONE');
#5089 = ORIENTED_EDGE ( 'NONE', *, *, #4164, .T. ) ;
#5090 = FACE_OUTER_BOUND ( 'NONE', #4239, .T. ) ;
#5091 = ORIENTED_EDGE ( 'NONE', *, *, #6578, .T. ) ;
#5092 =( LENGTH_UNIT ( ) NAMED_UNIT ( * ) SI_UNIT ( .MILLI., .METRE. ) );
#5093 = FACE_OUTER_BOUND ( 'NONE', #1567, .T. ) ;
#5094 = VECTOR ( 'NONE', #2336, 1000.000000000000000 ) ;
#5095 = CARTESIAN_POINT ( 'NONE',  ( -0.3355921500037981065, 0.1333170696709775338, 0.6999999999999996225 ) ) ;
#5096 = ORIENTED_EDGE ( 'NONE', *, *, #1988, .T. ) ;
#5097 = LINE ( 'NONE', #6392, #6711 ) ;
#5098 = CARTESIAN_POINT ( 'NONE',  ( -1.260564313021068639, 0.3867467366120683758, 0.7000000000000000666 ) ) ;
#5099 = DIRECTION ( 'NONE',  ( 1.000000000000000000, 1.164243943608595441E-16, -0.000000000000000000 ) ) ;
#5100 = AXIS2_PLACEMENT_3D ( 'NONE', #6101, #4056, #911 ) ;
#5101 = AXIS2_PLACEMENT_3D ( 'NONE', #6159, #3752, #3701 ) ;
#5102 = ORIENTED_EDGE ( 'NONE', *, *, #6161, .T. ) ;
#5103 = SURFACE_SIDE_STYLE ('',( #1853 ) ) ;
#5104 = CARTESIAN_POINT ( 'NONE',  ( -3.024999999999998579, -3.425000000000000266, 3.000000000000000000 ) ) ;
#5105 = FILL_AREA_STYLE_COLOUR ( '', #5641 ) ;
#5106 = DIRECTION ( 'NONE',  ( 0.000000000000000000, -1.000000000000000000, 0.000000000000000000 ) ) ;
#5107 = EDGE_CURVE ( 'NONE', #4192, #6362, #1601, .T. ) ;
#5108 = DIRECTION ( 'NONE',  ( -1.000000000000000000, -1.164243943608595441E-16, 0.000000000000000000 ) ) ;
#5109 = ORIENTED_EDGE ( 'NONE', *, *, #1397, .T. ) ;
#5110 = PLANE ( 'NONE',  #5702 ) ;
#5111 = FILL_AREA_STYLE ('',( #6091 ) ) ;
#5112 = ORIENTED_EDGE ( 'NONE', *, *, #723, .T. ) ;
#5113 = PLANE ( 'NONE',  #4376 ) ;
#5114 = PRESENTATION_LAYER_ASSIGNMENT (  '', '', ( #5327 ) ) ;
#5115 = CARTESIAN_POINT ( 'NONE',  ( -3.024999999999998579, -3.725000000000000089, 3.000000000000000000 ) ) ;
#5116 = STYLED_ITEM ( 'NONE', ( #4229 ), #3403 ) ;
#5117 = EDGE_LOOP ( 'NONE', ( #4656, #695, #6093, #2589 ) ) ;
#5118 =( LENGTH_UNIT ( ) NAMED_UNIT ( * ) SI_UNIT ( .MILLI., .METRE. ) );
#5119 = DIRECTION ( 'NONE',  ( 0.000000000000000000, 1.000000000000000000, 4.336808689942017736E-16 ) ) ;
#5120 = COLOUR_RGB ( '',0.7960784313725489669, 0.8235294117647058432, 0.9372549019607843146 ) ;
#5121 = CARTESIAN_POINT ( 'NONE',  ( -1.253082091239442031, 0.3892205023543813258, 0.6999999999999999556 ) ) ;
#5122 = EDGE_CURVE ( 'NONE', #1328, #1344, #4270, .T. ) ;
#5123 = B_SPLINE_SURFACE_WITH_KNOTS ( 'NONE', 3, 1, ( 
 ( #1131, #644 ),
 ( #592, #1106 ),
 ( #5817, #2706 ),
 ( #3767, #2781 ),
 ( #6414, #1769 ),
 ( #2244, #1791 ),
 ( #1244, #4274 ),
 ( #5858, #4360 ),
 ( #152, #733 ),
 ( #4811, #2214 ),
 ( #197, #5374 ) ),
 .UNSPECIFIED., .F., .F., .F.,
 ( 4, 1, 1, 1, 1, 1, 1, 1, 4 ),
 ( 2, 2 ),
 ( 0.000000000000000000, 0.08431861695858089423, 0.1792845142139041781, 0.2865825276465601146, 0.4051114834342786075, 0.5355928734189734364, 0.6781902099934136174, 0.8329758397604892783, 1.000000000000000000 ),
 ( 0.000000000000000000, 1.000000000000000000 ),
 .UNSPECIFIED. ) ;
#5124 = SURFACE_STYLE_FILL_AREA ( #1849 ) ;
#5125 = CARTESIAN_POINT ( 'NONE',  ( 3.325000000000002398, 1.343175853018396149, 0.7000000000000002887 ) ) ;
#5126 = PRESENTATION_LAYER_ASSIGNMENT (  '', '', ( #1989 ) ) ;
#5127 = CARTESIAN_POINT ( 'NONE',  ( -1.247404098278138473, 0.3464276000314572279, 0.6999999999999999556 ) ) ;
#5128 = FILL_AREA_STYLE_COLOUR ( '', #3877 ) ;
#5129 = CARTESIAN_POINT ( 'NONE',  ( -0.2877069088698393506, 0.2236741611605364555, 0.6999999999999998446 ) ) ;
#5130 = ADVANCED_FACE ( 'NONE', ( #6633 ), #1008, .T. ) ;
#5131 = PLANE ( 'NONE',  #1531 ) ;
#5132 = CARTESIAN_POINT ( 'NONE',  ( -1.137179487179487358, 0.4000000000000000222, 0.8000000000000000444 ) ) ;
#5133 = EDGE_CURVE ( 'NONE', #3153, #4871, #5011, .T. ) ;
#5134 = DIRECTION ( 'NONE',  ( -1.000000000000000000, 0.000000000000000000, -0.000000000000000000 ) ) ;
#5136 =( GEOMETRIC_REPRESENTATION_CONTEXT ( 3 ) GLOBAL_UNCERTAINTY_ASSIGNED_CONTEXT ( ( #1387 ) ) GLOBAL_UNIT_ASSIGNED_CONTEXT ( ( #4330, #168, #4802 ) ) REPRESENTATION_CONTEXT ( 'NONE', 'WORKASPACE' ) );
#5135 = CARTESIAN_POINT ( 'NONE',  ( 2.690000000000000391, -3.850000000000000089, 1.626303258728256651E-16 ) ) ;
#5137 = PLANE ( 'NONE',  #4321 ) ;
#5138 = SURFACE_STYLE_USAGE ( .BOTH. , #499 ) ;
#5139 = CARTESIAN_POINT ( 'NONE',  ( -1.348717948717949033, 0.1950320512820512830, 0.8000000000000000444 ) ) ;
#5140 = DIRECTION ( 'NONE',  ( -1.000000000000000000, -1.164243943608595688E-16, -0.000000000000000000 ) ) ;
#5141 = CARTESIAN_POINT ( 'NONE',  ( -0.2873253151559820862, 0.1954783300492064779, 0.7000000000000000666 ) ) ;
#5142 = CARTESIAN_POINT ( 'NONE',  ( -1.384533966690088436, 0.2006448497321173807, 0.7999999999999999334 ) ) ;
#5143 = AXIS2_PLACEMENT_3D ( 'NONE', #506, #5700, #6173 ) ;
#5144 = FACE_OUTER_BOUND ( 'NONE', #2495, .T. ) ;
#5145 = ORIENTED_EDGE ( 'NONE', *, *, #3168, .F. ) ;
#5146 = CARTESIAN_POINT ( 'NONE',  ( -0.5787696205331563926, 0.3538427498574875929, 0.8000000000000000444 ) ) ;
#5147 = VECTOR ( 'NONE', #5366, 1000.000000000000000 ) ;
#5148 = AXIS2_PLACEMENT_3D ( 'NONE', #5667, #2088, #2511 ) ;
#5149 =( NAMED_UNIT ( * ) PLANE_ANGLE_UNIT ( ) SI_UNIT ( $, .RADIAN. ) );
#5150 = VERTEX_POINT ( 'NONE', #2042 ) ;
#5151 = VECTOR ( 'NONE', #1817, 1000.000000000000000 ) ;
#5152 = SURFACE_STYLE_USAGE ( .BOTH. , #1462 ) ;
#5153 = DIRECTION ( 'NONE',  ( 1.000000000000000000, 1.164243943608595441E-16, -0.000000000000000000 ) ) ;
#5154 = VECTOR ( 'NONE', #4828, 1000.000000000000000 ) ;
#5155 = ORIENTED_EDGE ( 'NONE', *, *, #5640, .T. ) ;
#5156 = CARTESIAN_POINT ( 'NONE',  ( -0.4963061586800907032, 0.03088751775256767806, 0.8000000000000000444 ) ) ;
#5157 = ADVANCED_FACE ( 'NONE', ( #4346 ), #5131, .T. ) ;
#5158 = AXIS2_PLACEMENT_3D ( 'NONE', #6645, #1496, #6623 ) ;
#5159 = CARTESIAN_POINT ( 'NONE',  ( -0.05128205128205128721, 0.000000000000000000, 0.8000000000000000444 ) ) ;
#5160 = CIRCLE ( 'NONE', #2838, 0.2999999999999999334 ) ;
#5161 = ORIENTED_EDGE ( 'NONE', *, *, #4006, .T. ) ;
#5162 = VECTOR ( 'NONE', #4939, 1000.000000000000000 ) ;
#5163 = ORIENTED_EDGE ( 'NONE', *, *, #3089, .F. ) ;
#5164 = SURFACE_SIDE_STYLE ('',( #508 ) ) ;
#5165 = LINE ( 'NONE', #5469, #3627 ) ;
#5166 = ORIENTED_EDGE ( 'NONE', *, *, #460, .T. ) ;
#5167 = CARTESIAN_POINT ( 'NONE',  ( 0.1499999999999995226, 3.850000000000000089, 1.626303258728256651E-16 ) ) ;
#5168 =( NAMED_UNIT ( * ) SI_UNIT ( $, .STERADIAN. ) SOLID_ANGLE_UNIT ( ) );
#5169 = FACE_OUTER_BOUND ( 'NONE', #5631, .T. ) ;
#5170 = CARTESIAN_POINT ( 'NONE',  ( -0.08717948717948718895, 0.04102564102564103254, 0.6999999999999999556 ) ) ;
#5171 = ORIENTED_EDGE ( 'NONE', *, *, #2132, .T. ) ;
#5172 = VECTOR ( 'NONE', #2603, 1000.000000000000000 ) ;
#5173 = VERTEX_POINT ( 'NONE', #6682 ) ;
#5174 = DIRECTION ( 'NONE',  ( -1.164243943608595688E-16, 1.000000000000000000, -3.614007241618349264E-16 ) ) ;
#5175 = EDGE_CURVE ( 'NONE', #2525, #4443, #6294, .T. ) ;
#5176 =( LENGTH_UNIT ( ) NAMED_UNIT ( * ) SI_UNIT ( .MILLI., .METRE. ) );
#5177 = ORIENTED_EDGE ( 'NONE', *, *, #4299, .T. ) ;
#5178 = DIRECTION ( 'NONE',  ( -1.000000000000000000, -1.164243943608595441E-16, 0.000000000000000000 ) ) ;
#5179 = EDGE_CURVE ( 'NONE', #2169, #1699, #2409, .T. ) ;
#5180 = CARTESIAN_POINT ( 'NONE',  ( -0.6434785729761612894, 0.03805130341017708834, 0.6999999999999998446 ) ) ;
#5181 = CARTESIAN_POINT ( 'NONE',  ( -0.6434785729761612894, 0.03805130341017708834, 0.6999999999999999556 ) ) ;
#5182 = AXIS2_PLACEMENT_3D ( 'NONE', #3253, #4195, #4710 ) ;
#5183 = EDGE_CURVE ( 'NONE', #6567, #937, #6049, .T. ) ;
#5184 = VECTOR ( 'NONE', #979, 1000.000000000000000 ) ;
#5185 = ORIENTED_EDGE ( 'NONE', *, *, #5063, .T. ) ;
#5186 = DIRECTION ( 'NONE',  ( 0.000000000000000000, -1.000000000000000000, 1.355252715606880789E-16 ) ) ;
#5187 = CARTESIAN_POINT ( 'NONE',  ( -1.243349358974359165, 0.3477564102564102977, 0.6999999999999999556 ) ) ;
#5188 = CARTESIAN_POINT ( 'NONE',  ( -1.384615384615384803, 0.1949519230769231060, 0.8000000000000000444 ) ) ;
#5189 = EDGE_CURVE ( 'NONE', #4525, #5008, #4110, .T. ) ;
#5190 = ORIENTED_EDGE ( 'NONE', *, *, #3389, .T. ) ;
#5191 = CARTESIAN_POINT ( 'NONE',  ( -0.5069997858048641559, 0.4102013087488826093, 0.8000000000000000444 ) ) ;
#5192 = ORIENTED_EDGE ( 'NONE', *, *, #1476, .T. ) ;
#5193 = ORIENTED_EDGE ( 'NONE', *, *, #2510, .F. ) ;
#5194 = ADVANCED_FACE ( 'NONE', ( #4679 ), #2087, .T. ) ;
#5195 = CARTESIAN_POINT ( 'NONE',  ( -0.6082336866494912897, 0.3373853982001850382, 0.7999999999999999334 ) ) ;
#5196 = VERTEX_POINT ( 'NONE', #6247 ) ;
#5197 = CARTESIAN_POINT ( 'NONE',  ( -0.1499999999999995226, -3.850000000000000089, -0.2999999999999998224 ) ) ;
#5198 =( GEOMETRIC_REPRESENTATION_CONTEXT ( 3 ) GLOBAL_UNCERTAINTY_ASSIGNED_CONTEXT ( ( #700 ) ) GLOBAL_UNIT_ASSIGNED_CONTEXT ( ( #2961, #2990, #4004 ) ) REPRESENTATION_CONTEXT ( 'NONE', 'WORKASPACE' ) );
#5199 =( GEOMETRIC_REPRESENTATION_CONTEXT ( 3 ) GLOBAL_UNCERTAINTY_ASSIGNED_CONTEXT ( ( #2790 ) ) GLOBAL_UNIT_ASSIGNED_CONTEXT ( ( #4162, #6217, #3072 ) ) REPRESENTATION_CONTEXT ( 'NONE', 'WORKASPACE' ) );
#5200 = FILL_AREA_STYLE ('',( #3070 ) ) ;
#5201 = LINE ( 'NONE', #102, #4805 ) ;
#5202 =( NAMED_UNIT ( * ) SI_UNIT ( $, .STERADIAN. ) SOLID_ANGLE_UNIT ( ) );
#5203 = CARTESIAN_POINT ( 'NONE',  ( -1.266850768795168225, 0.3388967709914514903, 0.7000000000000000666 ) ) ;
#5204 = UNCERTAINTY_MEASURE_WITH_UNIT (LENGTH_MEASURE( 1.000000000000000082E-05 ), #5118, 'distance_accuracy_value', 'NONE');
#5205 =( NAMED_UNIT ( * ) PLANE_ANGLE_UNIT ( ) SI_UNIT ( $, .RADIAN. ) );
#5206 = ADVANCED_FACE ( 'NONE', ( #77 ), #6227, .F. ) ;
#5207 = FILL_AREA_STYLE ('',( #4715 ) ) ;
#5208 = DIRECTION ( 'NONE',  ( -1.164243943608595688E-16, 1.000000000000000000, -3.614007241618349264E-16 ) ) ;
#5209 = VECTOR ( 'NONE', #1983, 1000.000000000000000 ) ;
#5210 = ORIENTED_EDGE ( 'NONE', *, *, #200, .F. ) ;
#5211 = DIRECTION ( 'NONE',  ( 1.000000000000000000, 1.164243943608595441E-16, -0.000000000000000000 ) ) ;
#5212 = CARTESIAN_POINT ( 'NONE',  ( -1.120432692307692601, 0.3589743589743589758, 0.8000000000000000444 ) ) ;
#5213 = B_SPLINE_CURVE_WITH_KNOTS ( 'NONE', 3,
 ( #1772, #2251, #4303, #4278, #648, #4815, #2768, #3343, #5399, #4250, #181 ),
 .UNSPECIFIED., .F., .F.,
 ( 4, 1, 1, 1, 1, 1, 1, 1, 4 ),
 ( 0.000000000000000000, 0.1719006646132689997, 0.3306279320958805945, 0.4755488358809185634, 0.6067461903123634315, 0.7250238034674904020, 0.8297423869584565903, 0.9213228203439755015, 0.9999999999999998890 ),
 .UNSPECIFIED. ) ;
#5214 = AXIS2_PLACEMENT_3D ( 'NONE', #6451, #6549, #1308 ) ;
#5215 = CARTESIAN_POINT ( 'NONE',  ( -0.6743952929366635596, 0.07037628315015613534, 0.7000000000000000666 ) ) ;
#5216 = CARTESIAN_POINT ( 'NONE',  ( -0.9846153846153847811, 0.1948717948717949011, 0.8000000000000000444 ) ) ;
#5217 = ADVANCED_FACE ( 'NONE', ( #1595 ), #1764, .T. ) ;
#5218 = LINE ( 'NONE', #5115, #6432 ) ;
#5219 = ORIENTED_EDGE ( 'NONE', *, *, #3439, .F. ) ;
#5220 = EDGE_CURVE ( 'NONE', #1680, #4614, #1935, .T. ) ;
#5221 = LINE ( 'NONE', #5980, #5549 ) ;
#5222 =( LENGTH_UNIT ( ) NAMED_UNIT ( * ) SI_UNIT ( .MILLI., .METRE. ) );
#5223 = CARTESIAN_POINT ( 'NONE',  ( -0.4418710964724574253, -0.003604247304356313682, 0.7000000000000006217 ) ) ;
#5224 = CYLINDRICAL_SURFACE ( 'NONE', #1449, 0.3107604898198177423 ) ;
#5225 = FACE_OUTER_BOUND ( 'NONE', #3658, .T. ) ;
#5226 = CARTESIAN_POINT ( 'NONE',  ( 3.325000000000002398, 1.343175853018396149, 0.000000000000000000 ) ) ;
#5227 = ORIENTED_EDGE ( 'NONE', *, *, #1747, .F. ) ;
#5228 = VECTOR ( 'NONE', #2858, 1000.000000000000000 ) ;
#5229 = PRODUCT_RELATED_PRODUCT_CATEGORY ( 'part', '', ( #2965 ) ) ;
#5230 = DIRECTION ( 'NONE',  ( 1.000000000000000000, 1.164243943608595441E-16, 0.000000000000000000 ) ) ;
#5231 = MECHANICAL_DESIGN_GEOMETRIC_PRESENTATION_REPRESENTATION (  '', ( #1053 ), #1409 ) ;
#5232 = VECTOR ( 'NONE', #125, 1000.000000000000000 ) ;
#5233 = ORIENTED_EDGE ( 'NONE', *, *, #1773, .F. ) ;
#5234 = ORIENTED_EDGE ( 'NONE', *, *, #4469, .T. ) ;
#5235 = CARTESIAN_POINT ( 'NONE',  ( -1.352911193550911051, 0.07818880144970048740, 0.8000000000000001554 ) ) ;
#5236 =( NAMED_UNIT ( * ) SI_UNIT ( $, .STERADIAN. ) SOLID_ANGLE_UNIT ( ) );
#5237 = FACE_OUTER_BOUND ( 'NONE', #4205, .T. ) ;
#5238 = CARTESIAN_POINT ( 'NONE',  ( -0.5912326040453197429, 0.006360863101664558303, 0.6999999999999996225 ) ) ;
#5239 = VERTEX_POINT ( 'NONE', #4148 ) ;
#5240 = ADVANCED_FACE ( 'NONE', ( #3134 ), #4224, .T. ) ;
#5241 = ORIENTED_EDGE ( 'NONE', *, *, #1700, .T. ) ;
#5242 = ORIENTED_EDGE ( 'NONE', *, *, #2204, .F. ) ;
#5243 = DIRECTION ( 'NONE',  ( 0.000000000000000000, 0.000000000000000000, 1.000000000000000000 ) ) ;
#5244 = AXIS2_PLACEMENT_3D ( 'NONE', #4404, #222, #1777 ) ;
#5245 = VECTOR ( 'NONE', #783, 1000.000000000000000 ) ;
#5246 = ORIENTED_EDGE ( 'NONE', *, *, #3039, .F. ) ;
#5247 = CIRCLE ( 'NONE', #4256, 0.2000000000000000944 ) ;
#5248 = CARTESIAN_POINT ( 'NONE',  ( -0.5987834790697843523, 0.05657415413726004511, 0.7999999999999999334 ) ) ;
#5249 =( NAMED_UNIT ( * ) SI_UNIT ( $, .STERADIAN. ) SOLID_ANGLE_UNIT ( ) );
#5250 = CARTESIAN_POINT ( 'NONE',  ( -0.3355921500037981065, 0.1333170696709775338, 0.7999999999999998224 ) ) ;
#5251 = VECTOR ( 'NONE', #2953, 1000.000000000000000 ) ;
#5252 = ADVANCED_FACE ( 'NONE', ( #5093 ), #3212, .F. ) ;
#5253 = ORIENTED_EDGE ( 'NONE', *, *, #5618, .T. ) ;
#5254 = SURFACE_STYLE_USAGE ( .BOTH. , #5280 ) ;
#5255 = EDGE_CURVE ( 'NONE', #739, #4343, #6042, .T. ) ;
#5256 = DIRECTION ( 'NONE',  ( 1.577844766204413196E-32, -1.355252715606880789E-16, 1.000000000000000000 ) ) ;
#5257 = STYLED_ITEM ( 'NONE', ( #6134 ), #5053 ) ;
#5258 = DIRECTION ( 'NONE',  ( 1.000000000000000000, 0.000000000000000000, 0.000000000000000000 ) ) ;
#5259 = PLANE ( 'NONE',  #3921 ) ;
#5260 = CARTESIAN_POINT ( 'NONE',  ( -2.390000000000000568, 3.149999999999999467, 0.2000000000000003997 ) ) ;
#5261 = B_SPLINE_CURVE_WITH_KNOTS ( 'NONE', 3,
 ( #5677, #3091, #4129, #4646, #1552, #5181, #5692, #4144, #2592, #3108, #3248, #6276, #5802, #3735, #1118, #1618, #2205, #1688, #5830 ),
 .UNSPECIFIED., .F., .F.,
 ( 4, 1, 1, 1, 1, 1, 1, 1, 1, 1, 1, 1, 1, 1, 1, 1, 4 ),
 ( 0.000000000000000000, 0.06167423887742603389, 0.1230530616348058798, 0.1834750007317021148, 0.2437265005106117599, 0.3042789165122536943, 0.3648629209606826795, 0.4259462039686196522, 0.4873912299654080127, 0.5492203840754762423, 0.6111435886926029903, 0.6735285303101521404, 0.7369614566573042813, 0.8007852828728402317, 0.8660125956416149240, 0.9321007477905784988, 1.000000000000000000 ),
 .UNSPECIFIED. ) ;
#5262 = ORIENTED_EDGE ( 'NONE', *, *, #5930, .T. ) ;
#5263 = EDGE_CURVE ( 'NONE', #6462, #6068, #6126, .T. ) ;
#5264 = CARTESIAN_POINT ( 'NONE',  ( -0.6339793967944827857, 0.03049079305533804879, 0.8000000000000001554 ) ) ;
#5265 = DIRECTION ( 'NONE',  ( 0.000000000000000000, -0.000000000000000000, 1.000000000000000000 ) ) ;
#5266 = EDGE_LOOP ( 'NONE', ( #3656, #767, #2303, #550, #6102, #4391, #3550, #6239 ) ) ;
#5267 = FILL_AREA_STYLE ('',( #138 ) ) ;
#5268 = SURFACE_SIDE_STYLE ('',( #3952 ) ) ;
#5269 = EDGE_LOOP ( 'NONE', ( #3120, #1082, #1592, #699, #6024, #627, #2561, #4746 ) ) ;
#5270 = STYLED_ITEM ( 'NONE', ( #4749 ), #624 ) ;
#5271 = DIRECTION ( 'NONE',  ( 1.000000000000000000, 0.000000000000000000, 0.000000000000000000 ) ) ;
#5272 = LINE ( 'NONE', #974, #4949 ) ;
#5273 = SURFACE_STYLE_USAGE ( .BOTH. , #5290 ) ;
#5274 = CARTESIAN_POINT ( 'NONE',  ( 3.025000000000002132, -1.343175853018394816, 0.2999999999999999889 ) ) ;
#5275 = CARTESIAN_POINT ( 'NONE',  ( -0.3379006410256411019, 0.05969551282051283048, 0.7000000000000010658 ) ) ;
#5276 = CARTESIAN_POINT ( 'NONE',  ( -0.4009869324580014327, 0.05769752332425463065, 0.8000000000000000444 ) ) ;
#5277 = EDGE_CURVE ( 'NONE', #1221, #615, #66, .T. ) ;
#5278 = AXIS2_PLACEMENT_3D ( 'NONE', #198, #2270, #4317 ) ;
#5279 = CARTESIAN_POINT ( 'NONE',  ( -0.6141188099131608125, 0.3825785063951715470, 0.8000000000000001554 ) ) ;
#5280 = SURFACE_SIDE_STYLE ('',( #3958 ) ) ;
#5281 = CARTESIAN_POINT ( 'NONE',  ( -0.1500000000000003275, 3.050000000000000266, -0.09999999999999993616 ) ) ;
#5282 = CARTESIAN_POINT ( 'NONE',  ( -1.384401851633609182, 0.1802648342272089033, 0.7000000000000006217 ) ) ;
#5283 = CARTESIAN_POINT ( 'NONE',  ( -1.475080128205128238, 0.000000000000000000, 0.8000000000000000444 ) ) ;
#5284 =( GEOMETRIC_REPRESENTATION_CONTEXT ( 3 ) GLOBAL_UNCERTAINTY_ASSIGNED_CONTEXT ( ( #6472 ) ) GLOBAL_UNIT_ASSIGNED_CONTEXT ( ( #4819, #1710, #3832 ) ) REPRESENTATION_CONTEXT ( 'NONE', 'WORKASPACE' ) );
#5285 = VECTOR ( 'NONE', #3850, 1000.000000000000000 ) ;
#5286 = CARTESIAN_POINT ( 'NONE',  ( -0.5024038461538462563, 0.4102564102564102977, 0.8000000000000000444 ) ) ;
#5287 = ADVANCED_FACE ( 'NONE', ( #312 ), #5123, .T. ) ;
#5288 = UNCERTAINTY_MEASURE_WITH_UNIT (LENGTH_MEASURE( 1.000000000000000082E-05 ), #2689, 'distance_accuracy_value', 'NONE');
#5289 = DIRECTION ( 'NONE',  ( 0.000000000000000000, 1.000000000000000000, 0.000000000000000000 ) ) ;
#5290 = SURFACE_SIDE_STYLE ('',( #401 ) ) ;
#5291 = CARTESIAN_POINT ( 'NONE',  ( -0.6406748519897106364, 0.09212493567157035990, 0.8000000000000000444 ) ) ;
#5292 = CARTESIAN_POINT ( 'NONE',  ( -0.4985824820065922203, -0.01022646825003434290, 0.8000000000000001554 ) ) ;
#5293 = PLANE ( 'NONE',  #3249 ) ;
#5294 = EDGE_CURVE ( 'NONE', #175, #1262, #1189, .T. ) ;
#5295 = UNCERTAINTY_MEASURE_WITH_UNIT (LENGTH_MEASURE( 1.000000000000000082E-05 ), #1492, 'distance_accuracy_value', 'NONE');
#5296 = CARTESIAN_POINT ( 'NONE',  ( -0.08717948717948718895, 0.4000000000000000222, 0.8000000000000000444 ) ) ;
#5297 = DIRECTION ( 'NONE',  ( 1.000000000000000000, 1.164243943608595441E-16, -0.000000000000000000 ) ) ;
#5298 = LINE ( 'NONE', #1627, #5949 ) ;
#5299 = CARTESIAN_POINT ( 'NONE',  ( -1.282879648264774852, 0.01632811867338580455, 0.8000000000000004885 ) ) ;
#5300 = PRESENTATION_STYLE_ASSIGNMENT (( #4591 ) ) ;
#5301 = DIRECTION ( 'NONE',  ( 0.000000000000000000, -1.000000000000000000, 0.000000000000000000 ) ) ;
#5302 = CARTESIAN_POINT ( 'NONE',  ( -0.3379006410256411019, 0.05969551282051283048, 0.7000000000000000666 ) ) ;
#5303 = B_SPLINE_CURVE_WITH_KNOTS ( 'NONE', 3,
 ( #2844, #6464, #6399, #5870, #1235, #1799, #5457, #4351, #2335, #4891, #1780 ),
 .UNSPECIFIED., .F., .F.,
 ( 4, 1, 1, 1, 1, 1, 1, 1, 4 ),
 ( 0.000000000000000000, 0.1642892164747606909, 0.3174059112304910002, 0.4588436116410199439, 0.5893665423053090491, 0.7078313187781720695, 0.8157700306990054440, 0.9128799029021265055, 1.000000000000000000 ),
 .UNSPECIFIED. ) ;
#5304 = VECTOR ( 'NONE', #4328, 1000.000000000000000 ) ;
#5305 = ORIENTED_EDGE ( 'NONE', *, *, #6566, .T. ) ;
#5306 = MECHANICAL_DESIGN_GEOMETRIC_PRESENTATION_REPRESENTATION (  '', ( #3126 ), #3497 ) ;
#5307 = DIRECTION ( 'NONE',  ( 0.000000000000000000, -0.000000000000000000, 1.000000000000000000 ) ) ;
#5308 =( GEOMETRIC_REPRESENTATION_CONTEXT ( 3 ) GLOBAL_UNCERTAINTY_ASSIGNED_CONTEXT ( ( #1598 ) ) GLOBAL_UNIT_ASSIGNED_CONTEXT ( ( #2347, #4925, #3865 ) ) REPRESENTATION_CONTEXT ( 'NONE', 'WORKASPACE' ) );
#5309 = CIRCLE ( 'NONE', #433, 0.2000000000000000944 ) ;
#5310 = CARTESIAN_POINT ( 'NONE',  ( -0.2871794871794872139, 0.2023237179487179793, 0.8000000000000000444 ) ) ;
#5311 = PLANE ( 'NONE',  #6547 ) ;
#5312 = EDGE_CURVE ( 'NONE', #4733, #6147, #1587, .T. ) ;
#5313 = LINE ( 'NONE', #4263, #5709 ) ;
#5314 = FILL_AREA_STYLE_COLOUR ( '', #4835 ) ;
#5315 = ORIENTED_EDGE ( 'NONE', *, *, #2923, .F. ) ;
#5316 = CARTESIAN_POINT ( 'NONE',  ( -1.384615384615384803, 0.1949519230769231060, 0.8000000000000000444 ) ) ;
#5317 = COLOUR_RGB ( '',0.1803921568627450955, 0.1803921568627450955, 0.1803921568627450955 ) ;
#5318 = DIRECTION ( 'NONE',  ( -1.355252715606879803E-16, 1.000000000000000000, 0.000000000000000000 ) ) ;
#5319 = CARTESIAN_POINT ( 'NONE',  ( -0.4316338945117954573, 0.04255571429766092512, 0.7999999999999998224 ) ) ;
#5320 = DIRECTION ( 'NONE',  ( 1.000000000000000000, 1.164243943608595441E-16, -0.000000000000000000 ) ) ;
#5321 = ORIENTED_EDGE ( 'NONE', *, *, #5063, .F. ) ;
#5322 = FACE_OUTER_BOUND ( 'NONE', #4681, .T. ) ;
#5323 = LINE ( 'NONE', #3475, #6532 ) ;
#5324 = EDGE_LOOP ( 'NONE', ( #6109, #1289, #5360, #5415 ) ) ;
#5325 = ADVANCED_FACE ( 'NONE', ( #3297 ), #2895, .T. ) ;
#5326 = CARTESIAN_POINT ( 'NONE',  ( -0.4311690971683505014, 0.3566305601049936658, 0.7999999999999999334 ) ) ;
#5327 = STYLED_ITEM ( 'NONE', ( #6700 ), #1028 ) ;
#5328 = FACE_BOUND ( 'NONE', #1781, .T. ) ;
#5329 = AXIS2_PLACEMENT_3D ( 'NONE', #1163, #1092, #1195 ) ;
#5330 = CARTESIAN_POINT ( 'NONE',  ( -1.252564102564102777, 0.05120192307692308237, 0.6999999999999999556 ) ) ;
#5331 = VECTOR ( 'NONE', #5498, 1000.000000000000000 ) ;
#5332 = CARTESIAN_POINT ( 'NONE',  ( -1.180368589743589824, 0.000000000000000000, 0.8000000000000000444 ) ) ;
#5333 = ORIENTED_EDGE ( 'NONE', *, *, #3349, .T. ) ;
#5334 = VECTOR ( 'NONE', #243, 1000.000000000000000 ) ;
#5335 = CARTESIAN_POINT ( 'NONE',  ( -0.3517521433118474539, 0.2949296944088641292, 0.8000000000000000444 ) ) ;
#5336 = VERTEX_POINT ( 'NONE', #4375 ) ;
#5337 = CARTESIAN_POINT ( 'NONE',  ( -1.630769230769230971, 0.4000000000000000222, 0.8000000000000000444 ) ) ;
#5338 =( NAMED_UNIT ( * ) SI_UNIT ( $, .STERADIAN. ) SOLID_ANGLE_UNIT ( ) );
#5339 = EDGE_LOOP ( 'NONE', ( #2267, #5617, #6649, #2414 ) ) ;
#5340 = FACE_OUTER_BOUND ( 'NONE', #5339, .T. ) ;
#5341 = SURFACE_SIDE_STYLE ('',( #3428 ) ) ;
#5342 =( LENGTH_UNIT ( ) NAMED_UNIT ( * ) SI_UNIT ( .MILLI., .METRE. ) );
#5343 = CARTESIAN_POINT ( 'NONE',  ( -0.5799745647495774259, 0.3979455622420680072, 0.6999999999999999556 ) ) ;
#5344 = CARTESIAN_POINT ( 'NONE',  ( -0.2906778569237533083, 0.2444483272507210758, 0.8000000000000002665 ) ) ;
#5345 = DIRECTION ( 'NONE',  ( 0.000000000000000000, -1.000000000000000000, 0.000000000000000000 ) ) ;
#5346 = B_SPLINE_SURFACE_WITH_KNOTS ( 'NONE', 3, 1, ( 
 ( #5545, #5010 ),
 ( #542, #18 ),
 ( #3113, #3675 ),
 ( #6244, #2039 ),
 ( #4145, #1026 ),
 ( #3139, #963 ),
 ( #3096, #1554 ),
 ( #3630, #2545 ),
 ( #6224, #4683 ),
 ( #1489, #485 ),
 ( #986, #567 ),
 ( #6679, #4617 ),
 ( #36, #519 ),
 ( #6169, #2612 ),
 ( #1569, #4653 ),
 ( #1516, #3655 ),
 ( #4592, #3604 ),
 ( #5142, #3077 ),
 ( #5188, #2079 ) ),
 .UNSPECIFIED., .F., .F., .F.,
 ( 4, 1, 1, 1, 1, 1, 1, 1, 1, 1, 1, 1, 1, 1, 1, 1, 4 ),
 ( 2, 2 ),
 ( 0.000000000000000000, 0.06154496601632404584, 0.1216942964020306106, 0.1811548554526335730, 0.2398753889119565608, 0.2987019424504289145, 0.3576474237092014397, 0.4176048428493668307, 0.4784940407282909924, 0.5404070506371329019, 0.6023449938728032693, 0.6650043279232339399, 0.7285593088233761616, 0.7936505420268855637, 0.8605342675902675209, 0.9292359605619637808, 1.000000000000000000 ),
 ( 0.000000000000000000, 1.000000000000000000 ),
 .UNSPECIFIED. ) ;
#5347 = DIRECTION ( 'NONE',  ( 0.000000000000000000, -1.000000000000000000, 0.000000000000000000 ) ) ;
#5348 = SURFACE_STYLE_FILL_AREA ( #2560 ) ;
#5349 = VERTEX_POINT ( 'NONE', #3448 ) ;
#5350 = CARTESIAN_POINT ( 'NONE',  ( -0.4000138915675912621, 0.3407802121552616637, 0.7000000000000009548 ) ) ;
#5351 = EDGE_CURVE ( 'NONE', #3746, #5956, #1844, .T. ) ;
#5352 = CARTESIAN_POINT ( 'NONE',  ( -0.3230769230769230949, 0.1995993589743589869, 0.6999999999999999556 ) ) ;
#5353 = VERTEX_POINT ( 'NONE', #5926 ) ;
#5354 = CARTESIAN_POINT ( 'NONE',  ( -1.264102564102564052, 0.3855769230769230949, 0.8000000000000000444 ) ) ;
#5355 = VERTEX_POINT ( 'NONE', #2361 ) ;
#5356 = DIRECTION ( 'NONE',  ( 0.000000000000000000, -0.000000000000000000, 1.000000000000000000 ) ) ;
#5357 = EDGE_LOOP ( 'NONE', ( #2548, #4399, #1182, #805 ) ) ;
#5358 = CARTESIAN_POINT ( 'NONE',  ( -0.3991803724333711223, 0.01173764898175506943, 0.7000000000000000666 ) ) ;
#5359 = EDGE_CURVE ( 'NONE', #5412, #2329, #4593, .T. ) ;
#5360 = ORIENTED_EDGE ( 'NONE', *, *, #1228, .T. ) ;
#5361 = DIRECTION ( 'NONE',  ( 0.000000000000000000, 1.000000000000000000, 0.000000000000000000 ) ) ;
#5362 = ADVANCED_FACE ( 'NONE', ( #5649 ), #1356, .T. ) ;
#5363 = CARTESIAN_POINT ( 'NONE',  ( 0.1499999999999995226, 3.850000000000000089, 1.626303258728256651E-16 ) ) ;
#5364 = DIRECTION ( 'NONE',  ( 1.000000000000000000, 1.164243943608595441E-16, -0.000000000000000000 ) ) ;
#5365 = AXIS2_PLACEMENT_3D ( 'NONE', #172, #2780, #2323 ) ;
#5366 = DIRECTION ( 'NONE',  ( -0.000000000000000000, -0.000000000000000000, -1.000000000000000000 ) ) ;
#5367 = PLANE ( 'NONE',  #4550 ) ;
#5368 = CARTESIAN_POINT ( 'NONE',  ( -0.5917572718198167436, 0.3934842443774276277, 0.7000000000000000666 ) ) ;
#5369 = CARTESIAN_POINT ( 'NONE',  ( -0.4176319492292833724, 0.3956388888815565719, 0.7999999999999999334 ) ) ;
#5370 = FACE_OUTER_BOUND ( 'NONE', #4038, .T. ) ;
#5371 = DIRECTION ( 'NONE',  ( -0.000000000000000000, -0.000000000000000000, -1.000000000000000000 ) ) ;
#5372 =( GEOMETRIC_REPRESENTATION_CONTEXT ( 3 ) GLOBAL_UNCERTAINTY_ASSIGNED_CONTEXT ( ( #6254 ) ) GLOBAL_UNIT_ASSIGNED_CONTEXT ( ( #5176, #2022, #4076 ) ) REPRESENTATION_CONTEXT ( 'NONE', 'WORKASPACE' ) );
#5373 = DIRECTION ( 'NONE',  ( 1.000000000000000000, 1.164243943608595441E-16, -0.000000000000000000 ) ) ;
#5374 = CARTESIAN_POINT ( 'NONE',  ( -1.120432692307692601, 0.3589743589743589758, 0.6999999999999999556 ) ) ;
#5375 = CARTESIAN_POINT ( 'NONE',  ( -1.348717948717949033, 0.1950320512820512830, 0.6999999999999999556 ) ) ;
#5376 = CARTESIAN_POINT ( 'NONE',  ( -1.330404442521851083, 0.04943687436769871740, 0.8000000000000000444 ) ) ;
#5377 = EDGE_CURVE ( 'NONE', #1344, #1009, #3631, .T. ) ;
#5378 = DIRECTION ( 'NONE',  ( 0.000000000000000000, 0.000000000000000000, 1.000000000000000000 ) ) ;
#5379 = DIRECTION ( 'NONE',  ( -1.000000000000000000, 0.000000000000000000, 0.000000000000000000 ) ) ;
#5380 = VECTOR ( 'NONE', #4311, 1000.000000000000000 ) ;
#5381 = DIRECTION ( 'NONE',  ( 0.000000000000000000, 5.421010862427523156E-16, -1.000000000000000000 ) ) ;
#5382 = ORIENTED_EDGE ( 'NONE', *, *, #1708, .F. ) ;
#5383 = DIRECTION ( 'NONE',  ( 0.4190581774617468946, 0.9079593845004516606, 0.000000000000000000 ) ) ;
#5384 = SURFACE_STYLE_USAGE ( .BOTH. , #5268 ) ;
#5385 = CARTESIAN_POINT ( 'NONE',  ( -1.221223736039660723, 0.3528077877372744475, 0.8000000000000000444 ) ) ;
#5386 = LINE ( 'NONE', #4034, #4477 ) ;
#5387 = CARTESIAN_POINT ( 'NONE',  ( -1.144204514403069028, 0.3999494205718896467, 0.7000000000000000666 ) ) ;
#5388 = CARTESIAN_POINT ( 'NONE',  ( -0.4582684121655189458, 0.4068386202899898496, 0.7999999999999999334 ) ) ;
#5389 = DIRECTION ( 'NONE',  ( 1.000000000000000000, 0.000000000000000000, 0.000000000000000000 ) ) ;
#5390 = EDGE_CURVE ( 'NONE', #2907, #3244, #4210, .T. ) ;
#5391 = DIRECTION ( 'NONE',  ( 1.000000000000000000, 1.164243943608595441E-16, -0.000000000000000000 ) ) ;
#5392 = ORIENTED_EDGE ( 'NONE', *, *, #340, .T. ) ;
#5393 = CARTESIAN_POINT ( 'NONE',  ( -0.4646990202338958653, 0.3661760865306679102, 0.8000000000000001554 ) ) ;
#5394 = LINE ( 'NONE', #5501, #5551 ) ;
#5395 = CARTESIAN_POINT ( 'NONE',  ( -1.348659287304920351, 0.1997101633160560663, 0.6999999999999999556 ) ) ;
#5396 = VECTOR ( 'NONE', #5851, 1000.000000000000000 ) ;
#5397 = VERTEX_POINT ( 'NONE', #1862 ) ;
#5398 = EDGE_CURVE ( 'NONE', #5474, #6369, #6539, .T. ) ;
#5399 = CARTESIAN_POINT ( 'NONE',  ( -1.243385508681660978, 0.04853655116246716195, 0.7999999999999999334 ) ) ;
#5400 = CARTESIAN_POINT ( 'NONE',  ( -1.345279786943733180, 0.1568043825591096396, 0.6999999999999999556 ) ) ;
#5401 = CARTESIAN_POINT ( 'NONE',  ( -1.263430616879651414, 0.05502888667593165695, 0.7000000000000005107 ) ) ;
#5402 = ORIENTED_EDGE ( 'NONE', *, *, #6027, .T. ) ;
#5403 = LINE ( 'NONE', #4595, #4843 ) ;
#5404 = STYLED_ITEM ( 'NONE', ( #3217 ), #206 ) ;
#5405 = SURFACE_STYLE_FILL_AREA ( #417 ) ;
#5406 =( LENGTH_UNIT ( ) NAMED_UNIT ( * ) SI_UNIT ( .MILLI., .METRE. ) );
#5407 = EDGE_LOOP ( 'NONE', ( #2986, #780, #5704, #63 ) ) ;
#5408 = CARTESIAN_POINT ( 'NONE',  ( -1.120432692307692601, 0.3589743589743589758, 0.8000000000000000444 ) ) ;
#5409 = SURFACE_STYLE_FILL_AREA ( #1331 ) ;
#5410 = EDGE_CURVE ( 'NONE', #595, #1783, #3950, .T. ) ;
#5411 = FACE_OUTER_BOUND ( 'NONE', #80, .T. ) ;
#5412 = VERTEX_POINT ( 'NONE', #4395 ) ;
#5413 = LINE ( 'NONE', #2876, #6622 ) ;
#5414 = LINE ( 'NONE', #1561, #4760 ) ;
#5415 = ORIENTED_EDGE ( 'NONE', *, *, #2186, .T. ) ;
#5416 = FILL_AREA_STYLE_COLOUR ( '', #991 ) ;
#5417 = ORIENTED_EDGE ( 'NONE', *, *, #5725, .F. ) ;
#5418 = FILL_AREA_STYLE_COLOUR ( '', #856 ) ;
#5419 = VERTEX_POINT ( 'NONE', #5464 ) ;
#5420 = CARTESIAN_POINT ( 'NONE',  ( -1.221223736039660723, 0.3528077877372744475, 0.6999999999999999556 ) ) ;
#5421 = COLOUR_RGB ( '',0.7960784313725489669, 0.8235294117647058432, 0.9372549019607843146 ) ;
#5422 = VECTOR ( 'NONE', #6702, 1000.000000000000000 ) ;
#5423 = ORIENTED_EDGE ( 'NONE', *, *, #4547, .F. ) ;
#5424 = LINE ( 'NONE', #1840, #6463 ) ;
#5425 = CARTESIAN_POINT ( 'NONE',  ( -0.4205164571915385174, 0.3519042926924290660, 0.8000000000000000444 ) ) ;
#5426 = STYLED_ITEM ( 'NONE', ( #5795 ), #2166 ) ;
#5427 = MECHANICAL_DESIGN_GEOMETRIC_PRESENTATION_REPRESENTATION (  '', ( #434 ), #2623 ) ;
#5428 = CARTESIAN_POINT ( 'NONE',  ( -0.6769230769230770717, 0.3266025641025641635, 0.6999999999999999556 ) ) ;
#5429 = UNCERTAINTY_MEASURE_WITH_UNIT (LENGTH_MEASURE( 1.000000000000000082E-05 ), #1591, 'distance_accuracy_value', 'NONE');
#5430 = DIRECTION ( 'NONE',  ( -1.164243943608595688E-16, 1.000000000000000000, 3.614007241618349264E-16 ) ) ;
#5431 = LINE ( 'NONE', #2728, #4042 ) ;
#5432 = VERTEX_POINT ( 'NONE', #3407 ) ;
#5433 = CARTESIAN_POINT ( 'NONE',  ( -1.316445552679278874, 0.09412074619740362635, 0.7000000000000001776 ) ) ;
#5434 = ORIENTED_EDGE ( 'NONE', *, *, #1401, .T. ) ;
#5435 = CARTESIAN_POINT ( 'NONE',  ( -1.273817026617285242, 0.05966404795450654802, 0.7999999999999998224 ) ) ;
#5436 = CARTESIAN_POINT ( 'NONE',  ( -0.5001602564102564097, 0.3692307692307692513, 0.6999999999999999556 ) ) ;
#5437 = VERTEX_POINT ( 'NONE', #302 ) ;
#5438 = CARTESIAN_POINT ( 'NONE',  ( 2.390000000000000568, -3.149999999999999911, 0.2000000000000003997 ) ) ;
#5439 = ORIENTED_EDGE ( 'NONE', *, *, #2490, .T. ) ;
#5440 = EDGE_CURVE ( 'NONE', #2631, #1344, #3473, .T. ) ;
#5441 = ORIENTED_EDGE ( 'NONE', *, *, #3649, .F. ) ;
#5442 = VECTOR ( 'NONE', #4912, 1000.000000000000000 ) ;
#5443 = CARTESIAN_POINT ( 'NONE',  ( -0.6246395320287330133, 0.3762452922755938900, 0.6999999999999996225 ) ) ;
#5444 = DIRECTION ( 'NONE',  ( -0.4190581774617470057, -0.9079593845004517716, 0.000000000000000000 ) ) ;
#5445 = VERTEX_POINT ( 'NONE', #3531 ) ;
#5446 = CARTESIAN_POINT ( 'NONE',  ( -1.092307692307692424, 0.3589743589743589758, 0.6999999999999999556 ) ) ;
#5447 = ORIENTED_EDGE ( 'NONE', *, *, #4790, .T. ) ;
#5448 = VECTOR ( 'NONE', #443, 1000.000000000000000 ) ;
#5449 = CARTESIAN_POINT ( 'NONE',  ( -0.4093586238386960896, 0.007107228120340132113, 0.8000000000000002665 ) ) ;
#5450 = CARTESIAN_POINT ( 'NONE',  ( -0.5435282792554941844, 0.03456031093075295074, 0.7000000000000000666 ) ) ;
#5451 = STYLED_ITEM ( 'NONE', ( #2890 ), #6262 ) ;
#5452 = SURFACE_STYLE_FILL_AREA ( #6020 ) ;
#5453 = CARTESIAN_POINT ( 'NONE',  ( -2.690000000000000391, 3.049999999999999822, -0.2999999999999999334 ) ) ;
#5454 = EDGE_CURVE ( 'NONE', #5008, #1313, #6705, .T. ) ;
#5455 = CARTESIAN_POINT ( 'NONE',  ( -1.329152136910612958, 0.1128290841634935482, 0.7000000000000003997 ) ) ;
#5456 = CARTESIAN_POINT ( 'NONE',  ( -0.1500000000000003553, 3.149999999999999911, 0.2000000000000003997 ) ) ;
#5457 = CARTESIAN_POINT ( 'NONE',  ( -1.227298005409125148, 0.3945791966091301006, 0.8000000000000000444 ) ) ;
#5458 = CARTESIAN_POINT ( 'NONE',  ( -1.239994942246168685, 0.3486840020131321549, 0.8000000000000000444 ) ) ;
#5459 =( NAMED_UNIT ( * ) SI_UNIT ( $, .STERADIAN. ) SOLID_ANGLE_UNIT ( ) );
#5460 = CARTESIAN_POINT ( 'NONE',  ( -1.208124861819156903, 0.3547054447677717159, 0.6999999999999997335 ) ) ;
#5461 = MECHANICAL_DESIGN_GEOMETRIC_PRESENTATION_REPRESENTATION (  '', ( #5116 ), #3238 ) ;
#5462 = CARTESIAN_POINT ( 'NONE',  ( -2.690000000000000391, 3.149999999999999467, 0.6999999999999998446 ) ) ;
#5463 = ORIENTED_EDGE ( 'NONE', *, *, #6332, .T. ) ;
#5464 = CARTESIAN_POINT ( 'NONE',  ( -0.9846153846153847811, 0.4000000000000000222, 0.8000000000000000444 ) ) ;
#5465 = CARTESIAN_POINT ( 'NONE',  ( -0.05128205128205128721, 0.4000000000000000222, 0.8000000000000000444 ) ) ;
#5466 = LINE ( 'NONE', #3179, #5935 ) ;
#5467 = SURFACE_STYLE_USAGE ( .BOTH. , #5512 ) ;
#5468 = EDGE_CURVE ( 'NONE', #2488, #6403, #3668, .T. ) ;
#5469 = CARTESIAN_POINT ( 'NONE',  ( -3.324999999999999289, 3.725000000000000089, 0.000000000000000000 ) ) ;
#5470 = AXIS2_PLACEMENT_3D ( 'NONE', #6183, #6605, #3598 ) ;
#5471 = PLANE ( 'NONE',  #2363 ) ;
#5472 = CARTESIAN_POINT ( 'NONE',  ( -2.689999999999999503, -3.150000000000000355, 0.2000000000000003997 ) ) ;
#5473 = CARTESIAN_POINT ( 'NONE',  ( -0.5787696205331563926, 0.3538427498574875929, 0.8000000000000000444 ) ) ;
#5474 = VERTEX_POINT ( 'NONE', #4472 ) ;
#5475 =( LENGTH_UNIT ( ) NAMED_UNIT ( * ) SI_UNIT ( .MILLI., .METRE. ) );
#5476 = CARTESIAN_POINT ( 'NONE',  ( -1.264102564102564052, 0.3855769230769230949, 0.8000000000000000444 ) ) ;
#5477 = FILL_AREA_STYLE_COLOUR ( '', #6404 ) ;
#5478 = CARTESIAN_POINT ( 'NONE',  ( -0.3232144685735802714, 0.2113241210509241574, 0.6999999999999997335 ) ) ;
#5479 = EDGE_CURVE ( 'NONE', #977, #6400, #154, .T. ) ;
#5480 = VECTOR ( 'NONE', #790, 1000.000000000000000 ) ;
#5481 = CARTESIAN_POINT ( 'NONE',  ( -0.2873253151559820862, 0.1954783300492064779, 0.6999999999999999556 ) ) ;
#5482 = LINE ( 'NONE', #5462, #1830 ) ;
#5483 = VERTEX_POINT ( 'NONE', #6067 ) ;
#5484 = MECHANICAL_DESIGN_GEOMETRIC_PRESENTATION_REPRESENTATION (  '', ( #6651 ), #3967 ) ;
#5485 = CARTESIAN_POINT ( 'NONE',  ( -0.3231230197849257468, 0.2035287710378473336, 0.7000000000000007327 ) ) ;
#5486 = DIRECTION ( 'NONE',  ( 0.000000000000000000, 1.000000000000000000, 0.000000000000000000 ) ) ;
#5487 = ORIENTED_EDGE ( 'NONE', *, *, #4000, .F. ) ;
#5488 = VERTEX_POINT ( 'NONE', #5017 ) ;
#5489 = FACE_OUTER_BOUND ( 'NONE', #2501, .T. ) ;
#5490 = CARTESIAN_POINT ( 'NONE',  ( -1.312995065719942955, 0.03400172079729321672, 0.7000000000000001776 ) ) ;
#5491 = FACE_OUTER_BOUND ( 'NONE', #6459, .T. ) ;
#5492 = CARTESIAN_POINT ( 'NONE',  ( -0.7589743589743590535, 0.4000000000000000222, 0.8000000000000000444 ) ) ;
#5493 =( GEOMETRIC_REPRESENTATION_CONTEXT ( 3 ) GLOBAL_UNCERTAINTY_ASSIGNED_CONTEXT ( ( #4089 ) ) GLOBAL_UNIT_ASSIGNED_CONTEXT ( ( #859, #6639, #3543 ) ) REPRESENTATION_CONTEXT ( 'NONE', 'WORKASPACE' ) );
#5494 = DIRECTION ( 'NONE',  ( 1.000000000000000000, 1.164243943608595441E-16, -0.000000000000000000 ) ) ;
#5495 = ORIENTED_EDGE ( 'NONE', *, *, #2973, .F. ) ;
#5496 = LINE ( 'NONE', #1585, #867 ) ;
#5497 = DIRECTION ( 'NONE',  ( 0.000000000000000000, -1.000000000000000000, 0.000000000000000000 ) ) ;
#5498 = DIRECTION ( 'NONE',  ( -0.000000000000000000, -0.000000000000000000, -1.000000000000000000 ) ) ;
#5499 = CARTESIAN_POINT ( 'NONE',  ( -0.6164347288765715804, 0.3315091964019278303, 0.6999999999999998446 ) ) ;
#5500 = STYLED_ITEM ( 'NONE', ( #1074 ), #2616 ) ;
#5501 = CARTESIAN_POINT ( 'NONE',  ( -0.9846153846153847811, 0.000000000000000000, 0.6999999999999999556 ) ) ;
#5502 = CARTESIAN_POINT ( 'NONE',  ( -0.6455128205128205510, 0.3025641025641025994, 0.6999999999999999556 ) ) ;
#5503 = ORIENTED_EDGE ( 'NONE', *, *, #3285, .F. ) ;
#5504 = FACE_OUTER_BOUND ( 'NONE', #3803, .T. ) ;
#5505 = CARTESIAN_POINT ( 'NONE',  ( -0.2871794871794872139, 0.2023237179487179793, 0.6999999999999999556 ) ) ;
#5506 = UNCERTAINTY_MEASURE_WITH_UNIT (LENGTH_MEASURE( 1.000000000000000082E-05 ), #6465, 'distance_accuracy_value', 'NONE');
#5507 = DIRECTION ( 'NONE',  ( -1.164243943608595688E-16, 1.000000000000000000, -4.336808689942017736E-16 ) ) ;
#5508 = AXIS2_PLACEMENT_3D ( 'NONE', #3645, #67, #3683 ) ;
#5509 = MECHANICAL_DESIGN_GEOMETRIC_PRESENTATION_REPRESENTATION (  '', ( #2254 ), #6186 ) ;
#5510 = CARTESIAN_POINT ( 'NONE',  ( -1.266850768795168225, 0.3388967709914514903, 0.7000000000000000666 ) ) ;
#5511 = CARTESIAN_POINT ( 'NONE',  ( -1.244842962425348754, 0.005259830562448422966, 0.6999999999999999556 ) ) ;
#5512 = SURFACE_SIDE_STYLE ('',( #3558 ) ) ;
#5513 = VERTEX_POINT ( 'NONE', #6577 ) ;
#5514 = PLANE ( 'NONE',  #1323 ) ;
#5515 = UNCERTAINTY_MEASURE_WITH_UNIT (LENGTH_MEASURE( 1.000000000000000082E-05 ), #1291, 'distance_accuracy_value', 'NONE');
#5516 = CARTESIAN_POINT ( 'NONE',  ( -0.2871794871794872139, 0.2023237179487179793, 0.6999999999999999556 ) ) ;
#5517 = ORIENTED_EDGE ( 'NONE', *, *, #1789, .T. ) ;
#5518 = DIRECTION ( 'NONE',  ( 1.164243943608595195E-16, -1.000000000000000000, 1.355252715606880789E-16 ) ) ;
#5519 = DIRECTION ( 'NONE',  ( 0.000000000000000000, 1.000000000000000000, 0.000000000000000000 ) ) ;
#5520 = ORIENTED_EDGE ( 'NONE', *, *, #1557, .F. ) ;
#5521 = ORIENTED_EDGE ( 'NONE', *, *, #6332, .F. ) ;
#5522 = EDGE_CURVE ( 'NONE', #2073, #2745, #4261, .T. ) ;
#5523 = CARTESIAN_POINT ( 'NONE',  ( -0.5787696205331563926, 0.3538427498574875929, 0.6999999999999998446 ) ) ;
#5524 = CARTESIAN_POINT ( 'NONE',  ( 3.025000000000002132, 1.343175853018396149, 0.7000000000000002887 ) ) ;
#5525 = DIRECTION ( 'NONE',  ( 1.164243943608595195E-16, -1.000000000000000000, -1.355252715606880789E-16 ) ) ;
#5526 = EDGE_CURVE ( 'NONE', #6068, #4033, #1517, .T. ) ;
#5527 = CARTESIAN_POINT ( 'NONE',  ( -1.347095553820074842, 0.2223850067035061939, 0.7999999999999998224 ) ) ;
#5528 = CARTESIAN_POINT ( 'NONE',  ( -0.5917572718198167436, 0.3934842443774276277, 0.8000000000000001554 ) ) ;
#5529 = PRESENTATION_LAYER_ASSIGNMENT (  '', '', ( #4558 ) ) ;
#5530 = EDGE_CURVE ( 'NONE', #5877, #494, #3392, .T. ) ;
#5531 = CARTESIAN_POINT ( 'NONE',  ( -1.260564313021068639, 0.3867467366120683758, 0.8000000000000001554 ) ) ;
#5532 = CARTESIAN_POINT ( 'NONE',  ( -0.1499999999999996336, -3.050000000000000266, -0.3000000000000002109 ) ) ;
#5533 = EDGE_CURVE ( 'NONE', #5483, #4513, #712, .T. ) ;
#5534 = SURFACE_STYLE_USAGE ( .BOTH. , #6016 ) ;
#5535 =( NAMED_UNIT ( * ) SI_UNIT ( $, .STERADIAN. ) SOLID_ANGLE_UNIT ( ) );
#5536 = DIRECTION ( 'NONE',  ( -1.164243943608595688E-16, 1.000000000000000000, 0.000000000000000000 ) ) ;
#5537 = CARTESIAN_POINT ( 'NONE',  ( -1.314744571188083411, 0.3579577841626070955, 0.6999999999999999556 ) ) ;
#5538 = CARTESIAN_POINT ( 'NONE',  ( 2.690000000000000391, -3.050000000000000266, -0.09999999999999993616 ) ) ;
#5539 = CARTESIAN_POINT ( 'NONE',  ( -0.3232211309653693632, 0.1936872081260485323, 0.6999999999999999556 ) ) ;
#5540 =( NAMED_UNIT ( * ) SI_UNIT ( $, .STERADIAN. ) SOLID_ANGLE_UNIT ( ) );
#5541 =( GEOMETRIC_REPRESENTATION_CONTEXT ( 3 ) GLOBAL_UNCERTAINTY_ASSIGNED_CONTEXT ( ( #5698 ) ) GLOBAL_UNIT_ASSIGNED_CONTEXT ( ( #4189, #2049, #6241 ) ) REPRESENTATION_CONTEXT ( 'NONE', 'WORKASPACE' ) );
#5542 = CARTESIAN_POINT ( 'NONE',  ( -3.024999999999999467, 3.425000000000000266, 3.000000000000000000 ) ) ;
#5543 = VECTOR ( 'NONE', #5055, 1000.000000000000000 ) ;
#5544 = CARTESIAN_POINT ( 'NONE',  ( -1.348659287304920351, 0.1997101633160560663, 0.8000000000000000444 ) ) ;
#5545 = CARTESIAN_POINT ( 'NONE',  ( -1.264102564102564052, 0.3855769230769230949, 0.8000000000000000444 ) ) ;
#5546 = PRESENTATION_STYLE_ASSIGNMENT (( #2532 ) ) ;
#5547 = ORIENTED_EDGE ( 'NONE', *, *, #4547, .T. ) ;
#5548 = VECTOR ( 'NONE', #973, 1000.000000000000000 ) ;
#5549 = VECTOR ( 'NONE', #2853, 1000.000000000000000 ) ;
#5550 = DIRECTION ( 'NONE',  ( -0.000000000000000000, 0.000000000000000000, -1.000000000000000000 ) ) ;
#5551 = VECTOR ( 'NONE', #3962, 1000.000000000000000 ) ;
#5552 = DIRECTION ( 'NONE',  ( -1.164243943608595688E-16, 1.000000000000000000, -3.614007241618349264E-16 ) ) ;
#5553 = FACE_OUTER_BOUND ( 'NONE', #5672, .T. ) ;
#5554 = DIRECTION ( 'NONE',  ( 0.000000000000000000, 0.000000000000000000, -1.000000000000000000 ) ) ;
#5555 = EDGE_LOOP ( 'NONE', ( #2466, #5968, #437, #4448 ) ) ;
#5556 = CARTESIAN_POINT ( 'NONE',  ( -1.435897435897435903, 0.000000000000000000, 0.6999999999999999556 ) ) ;
#5557 = FACE_BOUND ( 'NONE', #2979, .T. ) ;
#5558 = DIRECTION ( 'NONE',  ( 1.000000000000000000, 0.000000000000000000, 0.000000000000000000 ) ) ;
#5559 = ORIENTED_EDGE ( 'NONE', *, *, #1747, .T. ) ;
#5560 = ORIENTED_EDGE ( 'NONE', *, *, #1712, .T. ) ;
#5561 = DIRECTION ( 'NONE',  ( 1.000000000000000000, 0.000000000000000000, 0.000000000000000000 ) ) ;
#5562 = DIRECTION ( 'NONE',  ( 1.000000000000000000, 0.000000000000000000, 0.000000000000000000 ) ) ;
#5563 = LINE ( 'NONE', #800, #1753 ) ;
#5564 = CIRCLE ( 'NONE', #1649, 0.2999999999999999334 ) ;
#5565 = CARTESIAN_POINT ( 'NONE',  ( -1.333149181004108508, 0.2711812019366882098, 0.7999999999999997113 ) ) ;
#5566 = ORIENTED_EDGE ( 'NONE', *, *, #1397, .F. ) ;
#5567 = SURFACE_STYLE_FILL_AREA ( #1971 ) ;
#5568 = EDGE_LOOP ( 'NONE', ( #2300, #1363, #3903, #317 ) ) ;
#5569 = ORIENTED_EDGE ( 'NONE', *, *, #4203, .F. ) ;
#5570 = PRESENTATION_STYLE_ASSIGNMENT (( #3686 ) ) ;
#5571 = CARTESIAN_POINT ( 'NONE',  ( -1.348544046439784649, 0.2089003558151941164, 0.8000000000000002665 ) ) ;
#5572 = EDGE_CURVE ( 'NONE', #1977, #3882, #2898, .T. ) ;
#5573 = CIRCLE ( 'NONE', #3092, 0.2000000000000000944 ) ;
#5574 = FILL_AREA_STYLE_COLOUR ( '', #1759 ) ;
#5575 = VERTEX_POINT ( 'NONE', #93 ) ;
#5576 = CARTESIAN_POINT ( 'NONE',  ( -1.345279786943733180, 0.1568043825591096396, 0.8000000000000000444 ) ) ;
#5577 = DIRECTION ( 'NONE',  ( 0.000000000000000000, 1.000000000000000000, 0.000000000000000000 ) ) ;
#5578 = CYLINDRICAL_SURFACE ( 'NONE', #5932, 0.2999999999999999334 ) ;
#5579 = CARTESIAN_POINT ( 'NONE',  ( 2.390000000000000568, -3.050000000000000266, -0.09999999999999993616 ) ) ;
#5580 = UNCERTAINTY_MEASURE_WITH_UNIT (LENGTH_MEASURE( 1.000000000000000082E-05 ), #2862, 'distance_accuracy_value', 'NONE');
#5581 = PRESENTATION_LAYER_ASSIGNMENT (  '', '', ( #5737 ) ) ;
#5582 = ORIENTED_EDGE ( 'NONE', *, *, #1455, .T. ) ;
#5583 = PLANE ( 'NONE',  #1859 ) ;
#5584 = PRESENTATION_LAYER_ASSIGNMENT (  '', '', ( #387 ) ) ;
#5585 = ORIENTED_EDGE ( 'NONE', *, *, #3847, .F. ) ;
#5586 = ORIENTED_EDGE ( 'NONE', *, *, #2601, .F. ) ;
#5587 =( NAMED_UNIT ( * ) SI_UNIT ( $, .STERADIAN. ) SOLID_ANGLE_UNIT ( ) );
#5588 = SURFACE_SIDE_STYLE ('',( #5405 ) ) ;
#5589 = EDGE_LOOP ( 'NONE', ( #5091, #1986, #1751, #5333 ) ) ;
#5590 = ORIENTED_EDGE ( 'NONE', *, *, #3883, .F. ) ;
#5591 = VECTOR ( 'NONE', #2263, 1000.000000000000000 ) ;
#5592 = VERTEX_POINT ( 'NONE', #3726 ) ;
#5593 = EDGE_CURVE ( 'NONE', #3234, #5956, #475, .T. ) ;
#5594 = MECHANICAL_DESIGN_GEOMETRIC_PRESENTATION_REPRESENTATION (  '', ( #1989 ), #939 ) ;
#5595 = CARTESIAN_POINT ( 'NONE',  ( -3.024999999999998579, 3.725000000000000089, 0.6999999999999999556 ) ) ;
#5596 = CARTESIAN_POINT ( 'NONE',  ( -1.180368589743589824, 0.000000000000000000, 0.6999999999999999556 ) ) ;
#5597 = EDGE_LOOP ( 'NONE', ( #6122, #2242, #5185, #3625 ) ) ;
#5598 = DIRECTION ( 'NONE',  ( -0.000000000000000000, 0.000000000000000000, -1.000000000000000000 ) ) ;
#5599 = CARTESIAN_POINT ( 'NONE',  ( 2.389999999999999680, 3.850000000000000089, -0.2999999999999998224 ) ) ;
#5600 = DIRECTION ( 'NONE',  ( 0.7941277684358859501, -0.6077508431907271413, 0.000000000000000000 ) ) ;
#5601 =( NAMED_UNIT ( * ) PLANE_ANGLE_UNIT ( ) SI_UNIT ( $, .RADIAN. ) );
#5602 = CARTESIAN_POINT ( 'NONE',  ( -0.7948717948717949344, 0.2358974358974359198, 0.8000000000000000444 ) ) ;
#5603 = LINE ( 'NONE', #271, #2762 ) ;
#5604 = EDGE_CURVE ( 'NONE', #2785, #2745, #5564, .T. ) ;
#5605 = SURFACE_SIDE_STYLE ('',( #211 ) ) ;
#5606 = PRESENTATION_LAYER_ASSIGNMENT (  '', '', ( #4206 ) ) ;
#5607 = CARTESIAN_POINT ( 'NONE',  ( -0.3619665727957989687, 0.09119549527372365627, 0.6999999999999997335 ) ) ;
#5608 = DIRECTION ( 'NONE',  ( -1.164243943608595688E-16, 1.000000000000000000, -4.336808689942017736E-16 ) ) ;
#5609 = CARTESIAN_POINT ( 'NONE',  ( -1.320969757448418269, 0.2924359716060198067, 0.7999999999999999334 ) ) ;
#5610 = EDGE_CURVE ( 'NONE', #278, #2753, #4849, .T. ) ;
#5611 = FILL_AREA_STYLE ('',( #2569 ) ) ;
#5612 = PLANE ( 'NONE',  #688 ) ;
#5613 = DIRECTION ( 'NONE',  ( -0.000000000000000000, -0.000000000000000000, 1.000000000000000000 ) ) ;
#5614 = PRESENTATION_LAYER_ASSIGNMENT (  '', '', ( #2794 ) ) ;
#5615 = AXIS2_PLACEMENT_3D ( 'NONE', #2041, #2105, #3588 ) ;
#5616 = DIRECTION ( 'NONE',  ( 1.000000000000000000, 0.000000000000000000, -0.000000000000000000 ) ) ;
#5617 = ORIENTED_EDGE ( 'NONE', *, *, #5454, .F. ) ;
#5618 = EDGE_CURVE ( 'NONE', #1262, #6701, #3213, .T. ) ;
#5619 = DIRECTION ( 'NONE',  ( -1.000000000000000000, -1.164243943608595441E-16, 0.000000000000000000 ) ) ;
#5620 = STYLED_ITEM ( 'NONE', ( #1981 ), #2771 ) ;
#5621 =( NAMED_UNIT ( * ) SI_UNIT ( $, .STERADIAN. ) SOLID_ANGLE_UNIT ( ) );
#5622 = SURFACE_SIDE_STYLE ('',( #106 ) ) ;
#5623 = ORIENTED_EDGE ( 'NONE', *, *, #801, .F. ) ;
#5624 = CARTESIAN_POINT ( 'NONE',  ( 3.025000000000002132, 1.343175853018396149, 0.2999999999999999889 ) ) ;
#5625 = FACE_OUTER_BOUND ( 'NONE', #5568, .T. ) ;
#5626 = ADVANCED_FACE ( 'NONE', ( #5169 ), #3116, .T. ) ;
#5627 = AXIS2_PLACEMENT_3D ( 'NONE', #3394, #3925, #288 ) ;
#5628 = MECHANICAL_DESIGN_GEOMETRIC_PRESENTATION_REPRESENTATION (  '', ( #185 ), #5979 ) ;
#5629 = CARTESIAN_POINT ( 'NONE',  ( -0.1499999999999996059, -3.350000000000000089, 0.2000000000000003997 ) ) ;
#5630 = VECTOR ( 'NONE', #189, 1000.000000000000000 ) ;
#5631 = EDGE_LOOP ( 'NONE', ( #4047, #6442, #6625, #261 ) ) ;
#5632 = FILL_AREA_STYLE_COLOUR ( '', #640 ) ;
#5633 = CARTESIAN_POINT ( 'NONE',  ( -0.2873253151559820862, 0.1954783300492064779, 0.8000000000000000444 ) ) ;
#5634 = CARTESIAN_POINT ( 'NONE',  ( 2.389999999999999680, 2.850000000000000089, 0.6999999999999999556 ) ) ;
#5635 = VECTOR ( 'NONE', #5444, 999.9999999999998863 ) ;
#5636 = LINE ( 'NONE', #4222, #1175 ) ;
#5637 = DIRECTION ( 'NONE',  ( -1.000000000000000000, -1.164243943608595688E-16, 0.000000000000000000 ) ) ;
#5638 = VERTEX_POINT ( 'NONE', #6231 ) ;
#5639 = VECTOR ( 'NONE', #4723, 1000.000000000000000 ) ;
#5640 = EDGE_CURVE ( 'NONE', #6600, #5976, #1350, .T. ) ;
#5641 = COLOUR_RGB ( '',0.7960784313725489669, 0.8235294117647058432, 0.9372549019607843146 ) ;
#5642 = PLANE ( 'NONE',  #2021 ) ;
#5643 = ORIENTED_EDGE ( 'NONE', *, *, #4777, .F. ) ;
#5644 = FACE_OUTER_BOUND ( 'NONE', #6447, .T. ) ;
#5645 = VECTOR ( 'NONE', #5687, 1000.000000000000000 ) ;
#5646 = ORIENTED_EDGE ( 'NONE', *, *, #6343, .F. ) ;
#5647 = CIRCLE ( 'NONE', #3071, 0.2000000000000000944 ) ;
#5648 = DIRECTION ( 'NONE',  ( 1.000000000000000000, 1.164243943608595441E-16, -0.000000000000000000 ) ) ;
#5649 = FACE_OUTER_BOUND ( 'NONE', #6453, .T. ) ;
#5650 = CARTESIAN_POINT ( 'NONE',  ( 3.325000000000002398, 1.343175853018396149, 0.2999999999999999889 ) ) ;
#5651 = FACE_OUTER_BOUND ( 'NONE', #6071, .T. ) ;
#5652 =( NAMED_UNIT ( * ) SI_UNIT ( $, .STERADIAN. ) SOLID_ANGLE_UNIT ( ) );
#5653 = FILL_AREA_STYLE_COLOUR ( '', #4442 ) ;
#5654 = VERTEX_POINT ( 'NONE', #2767 ) ;
#5655 = SURFACE_STYLE_USAGE ( .BOTH. , #5588 ) ;
#5656 = AXIS2_PLACEMENT_3D ( 'NONE', #5472, #3851, #3368 ) ;
#5657 = AXIS2_PLACEMENT_3D ( 'NONE', #5025, #2433, #2555 ) ;
#5658 = ORIENTED_EDGE ( 'NONE', *, *, #4641, .F. ) ;
#5659 =( NAMED_UNIT ( * ) PLANE_ANGLE_UNIT ( ) SI_UNIT ( $, .RADIAN. ) );
#5660 = CARTESIAN_POINT ( 'NONE',  ( -0.3066832285584413786, 0.1073357516158843505, 0.8000000000000000444 ) ) ;
#5661 = CARTESIAN_POINT ( 'NONE',  ( -0.6695872434478282731, 0.3362808396652526288, 0.8000000000000002665 ) ) ;
#5662 = CARTESIAN_POINT ( 'NONE',  ( -0.2954571479170656767, 0.2643513442625217702, 0.6999999999999999556 ) ) ;
#5663 = EDGE_CURVE ( 'NONE', #6400, #1523, #229, .T. ) ;
#5664 = ORIENTED_EDGE ( 'NONE', *, *, #5054, .T. ) ;
#5665 = ADVANCED_FACE ( 'NONE', ( #4667 ), #1676, .T. ) ;
#5666 = CARTESIAN_POINT ( 'NONE',  ( -0.5217463307230768566, 0.3686850997999704393, 0.8000000000000000444 ) ) ;
#5667 = CARTESIAN_POINT ( 'NONE',  ( -2.389999999999999680, -3.350000000000000533, 0.2000000000000003997 ) ) ;
#5668 = ORIENTED_EDGE ( 'NONE', *, *, #3154, .T. ) ;
#5669 = AXIS2_PLACEMENT_3D ( 'NONE', #3563, #6588, #3495 ) ;
#5670 = FILL_AREA_STYLE_COLOUR ( '', #4587 ) ;
#5671 = MECHANICAL_DESIGN_GEOMETRIC_PRESENTATION_REPRESENTATION (  '', ( #6264 ), #3935 ) ;
#5672 = EDGE_LOOP ( 'NONE', ( #6230, #3628, #4622, #5253 ) ) ;
#5673 = ORIENTED_EDGE ( 'NONE', *, *, #749, .T. ) ;
#5674 = CARTESIAN_POINT ( 'NONE',  ( -0.3232211309653693632, 0.1936872081260485323, 0.6999999999999998446 ) ) ;
#5675 = VECTOR ( 'NONE', #1303, 1000.000000000000000 ) ;
#5676 = EDGE_LOOP ( 'NONE', ( #412, #394, #132, #2927 ) ) ;
#5677 = CARTESIAN_POINT ( 'NONE',  ( -0.6769230769230770717, 0.07363782051282051488, 0.6999999999999999556 ) ) ;
#5678 = SURFACE_SIDE_STYLE ('',( #3618 ) ) ;
#5679 = CARTESIAN_POINT ( 'NONE',  ( -1.305679074854715571, 0.3110700315732637389, 0.7000000000000000666 ) ) ;
#5680 = CARTESIAN_POINT ( 'NONE',  ( 2.390000000000000568, -3.050000000000000266, -0.2999999999999999334 ) ) ;
#5681 = CARTESIAN_POINT ( 'NONE',  ( -3.024999999999999467, 3.725000000000000089, 2.700000000000000178 ) ) ;
#5682 = SURFACE_STYLE_USAGE ( .BOTH. , #2055 ) ;
#5683 = LINE ( 'NONE', #2722, #2600 ) ;
#5684 = PLANE ( 'NONE',  #3420 ) ;
#5685 = CARTESIAN_POINT ( 'NONE',  ( -0.08717948717948718895, 0.04102564102564103254, 0.8000000000000000444 ) ) ;
#5686 = EDGE_CURVE ( 'NONE', #3490, #4562, #4696, .T. ) ;
#5687 = DIRECTION ( 'NONE',  ( -0.000000000000000000, -0.000000000000000000, -1.000000000000000000 ) ) ;
#5688 = AXIS2_PLACEMENT_3D ( 'NONE', #4638, #3639, #3033 ) ;
#5689 =( LENGTH_UNIT ( ) NAMED_UNIT ( * ) SI_UNIT ( .MILLI., .METRE. ) );
#5690 = ORIENTED_EDGE ( 'NONE', *, *, #2945, .F. ) ;
#5691 = ADVANCED_FACE ( 'NONE', ( #5328, #4420 ), #4291, .T. ) ;
#5692 = CARTESIAN_POINT ( 'NONE',  ( -0.6339793967944827857, 0.03049079305533804879, 0.7000000000000000666 ) ) ;
#5693 = EDGE_CURVE ( 'NONE', #5909, #1677, #5973, .T. ) ;
#5694 = VECTOR ( 'NONE', #2756, 1000.000000000000000 ) ;
#5695 = CARTESIAN_POINT ( 'NONE',  ( -2.689999999999999503, -3.050000000000000711, -0.09999999999999993616 ) ) ;
#5696 = CARTESIAN_POINT ( 'NONE',  ( -1.320969757448418269, 0.2924359716060198067, 0.6999999999999998446 ) ) ;
#5697 = CARTESIAN_POINT ( 'NONE',  ( 2.389999999999999680, 3.350000000000000089, 3.523657060577889411E-16 ) ) ;
#5698 = UNCERTAINTY_MEASURE_WITH_UNIT (LENGTH_MEASURE( 1.000000000000000082E-05 ), #4189, 'distance_accuracy_value', 'NONE');
#5699 = AXIS2_PLACEMENT_3D ( 'NONE', #5226, #1625, #3160 ) ;
#5700 = DIRECTION ( 'NONE',  ( -0.000000000000000000, -1.000000000000000000, 0.000000000000000000 ) ) ;
#5701 = VERTEX_POINT ( 'NONE', #4823 ) ;
#5702 = AXIS2_PLACEMENT_3D ( 'NONE', #6668, #1545, #525 ) ;
#5703 = DIRECTION ( 'NONE',  ( -0.000000000000000000, 0.000000000000000000, -1.000000000000000000 ) ) ;
#5704 = ORIENTED_EDGE ( 'NONE', *, *, #4826, .T. ) ;
#5705 = COLOUR_RGB ( '',0.7960784313725489669, 0.8235294117647058432, 0.9372549019607843146 ) ;
#5706 = LINE ( 'NONE', #2390, #4154 ) ;
#5707 = SURFACE_SIDE_STYLE ('',( #4181 ) ) ;
#5708 = SURFACE_SIDE_STYLE ('',( #3130 ) ) ;
#5709 = VECTOR ( 'NONE', #5806, 1000.000000000000000 ) ;
#5710 = VERTEX_POINT ( 'NONE', #3251 ) ;
#5711 = SURFACE_SIDE_STYLE ('',( #731 ) ) ;
#5712 = VECTOR ( 'NONE', #426, 1000.000000000000000 ) ;
#5713 = PLANE ( 'NONE',  #3682 ) ;
#5714 = AXIS2_PLACEMENT_3D ( 'NONE', #1828, #5371, #5389 ) ;
#5715 = EDGE_LOOP ( 'NONE', ( #6188, #2585, #4897, #3452 ) ) ;
#5716 = ORIENTED_EDGE ( 'NONE', *, *, #938, .F. ) ;
#5717 = PRESENTATION_STYLE_ASSIGNMENT (( #5983 ) ) ;
#5718 = CARTESIAN_POINT ( 'NONE',  ( -0.2901209600998653215, 0.1622115036649684483, 0.7000000000000000666 ) ) ;
#5719 = FILL_AREA_STYLE ('',( #5128 ) ) ;
#5720 = ORIENTED_EDGE ( 'NONE', *, *, #492, .T. ) ;
#5721 = ORIENTED_EDGE ( 'NONE', *, *, #3525, .F. ) ;
#5722 = ADVANCED_FACE ( 'NONE', ( #5491 ), #5367, .F. ) ;
#5723 = LINE ( 'NONE', #75, #4345 ) ;
#5724 = DIRECTION ( 'NONE',  ( -1.164243943608595688E-16, 1.000000000000000000, 3.614007241618349264E-16 ) ) ;
#5725 = EDGE_CURVE ( 'NONE', #2431, #1843, #4304, .T. ) ;
#5726 = LINE ( 'NONE', #190, #2982 ) ;
#5727 =( NAMED_UNIT ( * ) PLANE_ANGLE_UNIT ( ) SI_UNIT ( $, .RADIAN. ) );
#5728 = LINE ( 'NONE', #1145, #4603 ) ;
#5729 = CARTESIAN_POINT ( 'NONE',  ( -1.378419013490426837, 0.1385322437134763884, 0.7000000000000003997 ) ) ;
#5730 = ORIENTED_EDGE ( 'NONE', *, *, #1366, .F. ) ;
#5731 = CARTESIAN_POINT ( 'NONE',  ( -0.9846153846153847811, 0.000000000000000000, 0.8000000000000000444 ) ) ;
#5732 = PLANE ( 'NONE',  #1375 ) ;
#5733 = CIRCLE ( 'NONE', #5244, 0.2000000000000000944 ) ;
#5734 = EDGE_CURVE ( 'NONE', #5419, #2396, #5431, .T. ) ;
#5735 = FILL_AREA_STYLE ('',( #6304 ) ) ;
#5736 = CARTESIAN_POINT ( 'NONE',  ( 3.325000000000001510, 1.043175853018396326, 0.2999999999999999889 ) ) ;
#5737 = STYLED_ITEM ( 'NONE', ( #4495 ), #6413 ) ;
#5738 = ORIENTED_EDGE ( 'NONE', *, *, #3748, .T. ) ;
#5739 = PRESENTATION_LAYER_ASSIGNMENT (  '', '', ( #5270 ) ) ;
#5740 = ORIENTED_EDGE ( 'NONE', *, *, #5122, .T. ) ;
#5741 = FILL_AREA_STYLE ('',( #4193 ) ) ;
#5742 = CARTESIAN_POINT ( 'NONE',  ( -0.4198692913468239363, 0.003003801063799598804, 0.7000000000000006217 ) ) ;
#5743 = EDGE_CURVE ( 'NONE', #49, #5002, #5726, .T. ) ;
#5744 = VERTEX_POINT ( 'NONE', #1471 ) ;
#5745 = DIRECTION ( 'NONE',  ( 1.000000000000000000, 1.164243943608595441E-16, -0.000000000000000000 ) ) ;
#5746 = ORIENTED_EDGE ( 'NONE', *, *, #5440, .T. ) ;
#5747 = ORIENTED_EDGE ( 'NONE', *, *, #34, .T. ) ;
#5748 = DIRECTION ( 'NONE',  ( -0.000000000000000000, -0.000000000000000000, -1.000000000000000000 ) ) ;
#5749 = CARTESIAN_POINT ( 'NONE',  ( -1.157508144606478995, 0.04110852977536626207, 0.7000000000000001776 ) ) ;
#5750 = ORIENTED_EDGE ( 'NONE', *, *, #2264, .F. ) ;
#5751 = LINE ( 'NONE', #1624, #4370 ) ;
#5752 = DIRECTION ( 'NONE',  ( 1.000000000000000000, 0.000000000000000000, 0.000000000000000000 ) ) ;
#5753 = DIRECTION ( 'NONE',  ( -1.000000000000000000, -1.164243943608595441E-16, 0.000000000000000000 ) ) ;
#5754 = ADVANCED_FACE ( 'NONE', ( #5237 ), #4087, .F. ) ;
#5755 = CARTESIAN_POINT ( 'NONE',  ( -0.6311924197341232112, 0.08171543529932032146, 0.8000000000000001554 ) ) ;
#5756 = DIRECTION ( 'NONE',  ( -1.164243943608595688E-16, 1.000000000000000000, 4.336808689942017736E-16 ) ) ;
#5757 = FILL_AREA_STYLE_COLOUR ( '', #5120 ) ;
#5758 = EDGE_CURVE ( 'NONE', #4871, #2578, #6052, .T. ) ;
#5759 = FILL_AREA_STYLE_COLOUR ( '', #1920 ) ;
#5760 = DIRECTION ( 'NONE',  ( 1.164243943608595441E-16, -1.000000000000000000, 0.000000000000000000 ) ) ;
#5761 = ORIENTED_EDGE ( 'NONE', *, *, #4698, .T. ) ;
#5762 = CARTESIAN_POINT ( 'NONE',  ( -2.689999999999999503, -3.050000000000000711, -0.09999999999999993616 ) ) ;
#5763 = DIRECTION ( 'NONE',  ( -1.164243943608595441E-16, 1.000000000000000000, 0.000000000000000000 ) ) ;
#5764 = CARTESIAN_POINT ( 'NONE',  ( -0.3620037726279788926, 0.03584116165106802226, 0.7000000000000000666 ) ) ;
#5765 = B_SPLINE_CURVE_WITH_KNOTS ( 'NONE', 3,
 ( #2418, #2944, #876, #2924, #4445, #4975, #1393, #4421, #6473, #5481, #5505 ),
 .UNSPECIFIED., .F., .F.,
 ( 4, 1, 1, 1, 1, 1, 1, 1, 4 ),
 ( 0.000000000000000000, 0.1243285095938499729, 0.2471560163611867256, 0.3687797492913394981, 0.4907338624016480133, 0.6136137718478437142, 0.7389575757222155428, 0.8673105751912625339, 1.000000000000000000 ),
 .UNSPECIFIED. ) ;
#5766 = PRESENTATION_LAYER_ASSIGNMENT (  '', '', ( #5451 ) ) ;
#5767 = UNCERTAINTY_MEASURE_WITH_UNIT (LENGTH_MEASURE( 1.000000000000000082E-05 ), #1057, 'distance_accuracy_value', 'NONE');
#5768 = CARTESIAN_POINT ( 'NONE',  ( -0.6434785729761612894, 0.03805130341017708834, 0.8000000000000000444 ) ) ;
#5769 = LINE ( 'NONE', #2195, #1813 ) ;
#5770 = EDGE_CURVE ( 'NONE', #182, #1243, #4861, .T. ) ;
#5771 =( NAMED_UNIT ( * ) PLANE_ANGLE_UNIT ( ) SI_UNIT ( $, .RADIAN. ) );
#5772 = VERTEX_POINT ( 'NONE', #4589 ) ;
#5773 = EDGE_CURVE ( 'NONE', #5942, #1447, #1361, .T. ) ;
#5774 = PRESENTATION_STYLE_ASSIGNMENT (( #2913 ) ) ;
#5775 = COLOUR_RGB ( '',0.7960784313725489669, 0.8235294117647058432, 0.9372549019607843146 ) ;
#5776 =( LENGTH_UNIT ( ) NAMED_UNIT ( * ) SI_UNIT ( .MILLI., .METRE. ) );
#5777 = EDGE_LOOP ( 'NONE', ( #5102, #564, #4481 ) ) ;
#5778 =( LENGTH_UNIT ( ) NAMED_UNIT ( * ) SI_UNIT ( .MILLI., .METRE. ) );
#5779 = DIRECTION ( 'NONE',  ( -1.577844766204413196E-32, 1.355252715606880789E-16, 1.000000000000000000 ) ) ;
#5780 = CARTESIAN_POINT ( 'NONE',  ( -2.689999999999999503, -3.350000000000000533, 3.794707603699265519E-16 ) ) ;
#5781 = SURFACE_STYLE_FILL_AREA ( #4509 ) ;
#5782 = FILL_AREA_STYLE_COLOUR ( '', #3793 ) ;
#5783 = EDGE_LOOP ( 'NONE', ( #1670, #4661, #1913, #1337 ) ) ;
#5784 = CIRCLE ( 'NONE', #5627, 0.2000000000000000944 ) ;
#5785 = ADVANCED_FACE ( 'NONE', ( #1938 ), #4651, .F. ) ;
#5786 = ORIENTED_EDGE ( 'NONE', *, *, #2834, .T. ) ;
#5787 =( NAMED_UNIT ( * ) PLANE_ANGLE_UNIT ( ) SI_UNIT ( $, .RADIAN. ) );
#5788 = AXIS2_PLACEMENT_3D ( 'NONE', #6162, #6628, #5068 ) ;
#5789 = MECHANICAL_DESIGN_GEOMETRIC_PRESENTATION_REPRESENTATION (  '', ( #3595 ), #9 ) ;
#5790 = CARTESIAN_POINT ( 'NONE',  ( -1.243385508681660978, 0.04853655116246716195, 0.7999999999999999334 ) ) ;
#5791 = ORIENTED_EDGE ( 'NONE', *, *, #5377, .F. ) ;
#5792 = LINE ( 'NONE', #1200, #5154 ) ;
#5793 = FACE_OUTER_BOUND ( 'NONE', #5982, .T. ) ;
#5794 = ORIENTED_EDGE ( 'NONE', *, *, #4134, .F. ) ;
#5795 = PRESENTATION_STYLE_ASSIGNMENT (( #2071 ) ) ;
#5796 = FILL_AREA_STYLE_COLOUR ( '', #4113 ) ;
#5797 =( NAMED_UNIT ( * ) SI_UNIT ( $, .STERADIAN. ) SOLID_ANGLE_UNIT ( ) );
#5798 = EDGE_LOOP ( 'NONE', ( #3367, #735, #1526, #2108 ) ) ;
#5799 = PRESENTATION_STYLE_ASSIGNMENT (( #774 ) ) ;
#5800 = VERTEX_POINT ( 'NONE', #540 ) ;
#5801 = EDGE_CURVE ( 'NONE', #5710, #4158, #4680, .T. ) ;
#5802 = CARTESIAN_POINT ( 'NONE',  ( -0.5675943171372067608, -0.001819554878283214955, 0.7000000000000002887 ) ) ;
#5803 = FACE_OUTER_BOUND ( 'NONE', #3878, .T. ) ;
#5804 = PRESENTATION_LAYER_ASSIGNMENT (  '', '', ( #6149 ) ) ;
#5805 = VECTOR ( 'NONE', #1650, 1000.000000000000000 ) ;
#5806 = DIRECTION ( 'NONE',  ( -1.000000000000000000, 0.000000000000000000, 0.000000000000000000 ) ) ;
#5807 = ORIENTED_EDGE ( 'NONE', *, *, #4015, .T. ) ;
#5808 = CARTESIAN_POINT ( 'NONE',  ( -0.05128205128205128721, 0.4000000000000000222, 0.8000000000000000444 ) ) ;
#5809 = CARTESIAN_POINT ( 'NONE',  ( -0.4418710964724574253, -0.003604247304356313682, 0.7999999999999997113 ) ) ;
#5810 = ORIENTED_EDGE ( 'NONE', *, *, #4236, .F. ) ;
#5811 = CARTESIAN_POINT ( 'NONE',  ( -0.7948717948717949344, 0.3589743589743589758, 0.8000000000000000444 ) ) ;
#5812 = LINE ( 'NONE', #4988, #3220 ) ;
#5813 = CARTESIAN_POINT ( 'NONE',  ( -0.6769230769230770717, 0.3266025641025641635, 0.8000000000000000444 ) ) ;
#5814 = ADVANCED_FACE ( 'NONE', ( #322 ), #1045, .F. ) ;
#5815 = LINE ( 'NONE', #2695, #4510 ) ;
#5816 = EDGE_LOOP ( 'NONE', ( #5246, #4272, #3694, #10 ) ) ;
#5817 = CARTESIAN_POINT ( 'NONE',  ( -1.232862531928289762, 0.3506563165919445724, 0.8000000000000001554 ) ) ;
#5818 = EDGE_CURVE ( 'NONE', #4085, #1993, #5573, .T. ) ;
#5819 = CARTESIAN_POINT ( 'NONE',  ( -1.296967984737156021, 0.3191836658906981872, 0.6999999999999999556 ) ) ;
#5820 = SURFACE_STYLE_FILL_AREA ( #4306 ) ;
#5821 = ORIENTED_EDGE ( 'NONE', *, *, #1352, .T. ) ;
#5822 = PRESENTATION_LAYER_ASSIGNMENT (  '', '', ( #5257 ) ) ;
#5823 = CARTESIAN_POINT ( 'NONE',  ( -0.2410256410256410575, 0.000000000000000000, 0.8000000000000000444 ) ) ;
#5824 = DIRECTION ( 'NONE',  ( 0.000000000000000000, 1.000000000000000000, 0.000000000000000000 ) ) ;
#5825 = DIRECTION ( 'NONE',  ( -0.000000000000000000, -0.000000000000000000, -1.000000000000000000 ) ) ;
#5826 = ORIENTED_EDGE ( 'NONE', *, *, #1401, .F. ) ;
#5827 = CARTESIAN_POINT ( 'NONE',  ( -0.5028846153846154854, -0.01025641025641025814, 0.6999999999999998446 ) ) ;
#5828 = ORIENTED_EDGE ( 'NONE', *, *, #2005, .T. ) ;
#5829 = ADVANCED_FACE ( 'NONE', ( #3960 ), #2567, .T. ) ;
#5830 = CARTESIAN_POINT ( 'NONE',  ( -0.5028846153846154854, -0.01025641025641025814, 0.6999999999999999556 ) ) ;
#5831 = VERTEX_POINT ( 'NONE', #1621 ) ;
#5832 =( GEOMETRIC_REPRESENTATION_CONTEXT ( 3 ) GLOBAL_UNCERTAINTY_ASSIGNED_CONTEXT ( ( #2802 ) ) GLOBAL_UNIT_ASSIGNED_CONTEXT ( ( #6260, #2702, #3182 ) ) REPRESENTATION_CONTEXT ( 'NONE', 'WORKASPACE' ) );
#5833 = DIRECTION ( 'NONE',  ( -1.164243943608595688E-16, 1.000000000000000000, 4.336808689942017736E-16 ) ) ;
#5834 = SURFACE_STYLE_FILL_AREA ( #2494 ) ;
#5835 = DIRECTION ( 'NONE',  ( 0.000000000000000000, 0.000000000000000000, -1.000000000000000000 ) ) ;
#5836 = ORIENTED_EDGE ( 'NONE', *, *, #1563, .F. ) ;
#5837 = CARTESIAN_POINT ( 'NONE',  ( -0.3260240736353015589, 0.1650771286528283088, 0.8000000000000001554 ) ) ;
#5838 = PRESENTATION_LAYER_ASSIGNMENT (  '', '', ( #1053 ) ) ;
#5839 = CARTESIAN_POINT ( 'NONE',  ( -0.6616716916579301611, 0.3454389909975190687, 0.7999999999999997113 ) ) ;
#5840 = COLOUR_RGB ( '',0.1803921568627450955, 0.1803921568627450955, 0.1803921568627450955 ) ;
#5841 = CARTESIAN_POINT ( 'NONE',  ( -0.4961507364856381219, 0.3691846020867876055, 0.7000000000000007327 ) ) ;
#5842 = CARTESIAN_POINT ( 'NONE',  ( -1.348644456698963712, 0.1905954247745671182, 0.7999999999999999334 ) ) ;
#5843 = CARTESIAN_POINT ( 'NONE',  ( -0.3403315994926306987, 0.2759752716439228259, 0.7999999999999999334 ) ) ;
#5844 = MECHANICAL_DESIGN_GEOMETRIC_PRESENTATION_REPRESENTATION (  '', ( #6184 ), #3286 ) ;
#5845 = SURFACE_STYLE_FILL_AREA ( #188 ) ;
#5846 = DIRECTION ( 'NONE',  ( -0.000000000000000000, -0.000000000000000000, -1.000000000000000000 ) ) ;
#5847 = AXIS2_PLACEMENT_3D ( 'NONE', #1914, #1405, #822 ) ;
#5848 =( NAMED_UNIT ( * ) PLANE_ANGLE_UNIT ( ) SI_UNIT ( $, .RADIAN. ) );
#5849 = CARTESIAN_POINT ( 'NONE',  ( -0.3155000920109308216, 0.09059652774436213751, 0.8000000000000002665 ) ) ;
#5850 =( NAMED_UNIT ( * ) SI_UNIT ( $, .STERADIAN. ) SOLID_ANGLE_UNIT ( ) );
#5851 = DIRECTION ( 'NONE',  ( 0.000000000000000000, 0.000000000000000000, 1.000000000000000000 ) ) ;
#5852 = CARTESIAN_POINT ( 'NONE',  ( -2.689999999999999503, -3.850000000000000533, -0.2999999999999998224 ) ) ;
#5853 = CARTESIAN_POINT ( 'NONE',  ( -0.3108516896199663426, 0.3015323756705149960, 0.7999999999999999334 ) ) ;
#5854 = CARTESIAN_POINT ( 'NONE',  ( -0.3426686129249965074, 0.1184704001786343885, 0.8000000000000000444 ) ) ;
#5855 = EDGE_CURVE ( 'NONE', #2829, #3066, #5815, .T. ) ;
#5856 = CARTESIAN_POINT ( 'NONE',  ( -1.221045050600807036, 0.04491113933348862830, 0.7000000000000000666 ) ) ;
#5857 = ADVANCED_FACE ( 'NONE', ( #1767 ), #82, .T. ) ;
#5858 = CARTESIAN_POINT ( 'NONE',  ( -1.159756422025468581, 0.3583302076588108509, 0.8000000000000000444 ) ) ;
#5859 = EDGE_CURVE ( 'NONE', #4525, #3042, #5728, .T. ) ;
#5860 = CARTESIAN_POINT ( 'NONE',  ( -1.376807860355770963, 0.2597035808175419680, 0.8000000000000002665 ) ) ;
#5861 = VECTOR ( 'NONE', #2611, 1000.000000000000000 ) ;
#5862 = CARTESIAN_POINT ( 'NONE',  ( -0.4763233689346232924, 0.3678802248214749770, 0.7999999999999999334 ) ) ;
#5863 = COLOUR_RGB ( '',0.7960784313725489669, 0.8235294117647058432, 0.9372549019607843146 ) ;
#5864 = ORIENTED_EDGE ( 'NONE', *, *, #5277, .F. ) ;
#5865 =( GEOMETRIC_REPRESENTATION_CONTEXT ( 3 ) GLOBAL_UNCERTAINTY_ASSIGNED_CONTEXT ( ( #3088 ) ) GLOBAL_UNIT_ASSIGNED_CONTEXT ( ( #6602, #390, #5652 ) ) REPRESENTATION_CONTEXT ( 'NONE', 'WORKASPACE' ) );
#5866 = STYLED_ITEM ( 'NONE', ( #327 ), #57 ) ;
#5867 = LINE ( 'NONE', #6620, #287 ) ;
#5868 = CARTESIAN_POINT ( 'NONE',  ( -0.3258001701310614950, 0.07456384417196772196, 0.7999999999999999334 ) ) ;
#5869 = FACE_OUTER_BOUND ( 'NONE', #1433, .T. ) ;
#5870 = CARTESIAN_POINT ( 'NONE',  ( -1.177389681576034075, 0.3992321138210237486, 0.8000000000000001554 ) ) ;
#5871 = EDGE_CURVE ( 'NONE', #227, #309, #4178, .T. ) ;
#5872 = VERTEX_POINT ( 'NONE', #3717 ) ;
#5873 = CARTESIAN_POINT ( 'NONE',  ( -0.2873572235860095136, 0.2095186269248641986, 0.7999999999999999334 ) ) ;
#5874 = FACE_OUTER_BOUND ( 'NONE', #1269, .T. ) ;
#5875 = CARTESIAN_POINT ( 'NONE',  ( -1.144818681930727333, 0.04105399489696306969, 0.7000000000000000666 ) ) ;
#5876 = ORIENTED_EDGE ( 'NONE', *, *, #970, .T. ) ;
#5877 = VERTEX_POINT ( 'NONE', #2660 ) ;
#5878 = VECTOR ( 'NONE', #1136, 1000.000000000000227 ) ;
#5879 = CARTESIAN_POINT ( 'NONE',  ( -0.4533034240946238191, 0.3636474781622735519, 0.7000000000000007327 ) ) ;
#5880 = STYLED_ITEM ( 'NONE', ( #4342 ), #1685 ) ;
#5881 = VECTOR ( 'NONE', #851, 1000.000000000000000 ) ;
#5882 = UNCERTAINTY_MEASURE_WITH_UNIT (LENGTH_MEASURE( 1.000000000000000082E-05 ), #3, 'distance_accuracy_value', 'NONE');
#5883 = AXIS2_PLACEMENT_3D ( 'NONE', #4611, #6167, #2032 ) ;
#5884 = DIRECTION ( 'NONE',  ( 1.000000000000000000, 0.000000000000000000, -0.000000000000000000 ) ) ;
#5885 = CARTESIAN_POINT ( 'NONE',  ( -1.282879648264774852, 0.01632811867338580455, 0.7000000000000008438 ) ) ;
#5886 = ORIENTED_EDGE ( 'NONE', *, *, #5686, .F. ) ;
#5887 = VECTOR ( 'NONE', #445, 1000.000000000000000 ) ;
#5888 = ORIENTED_EDGE ( 'NONE', *, *, #880, .F. ) ;
#5889 = CARTESIAN_POINT ( 'NONE',  ( -0.4533034240946238191, 0.3636474781622735519, 0.8000000000000000444 ) ) ;
#5890 = VERTEX_POINT ( 'NONE', #1090 ) ;
#5891 = CARTESIAN_POINT ( 'NONE',  ( -1.348717948717949033, 0.1950320512820512830, 0.6999999999999999556 ) ) ;
#5892 = VECTOR ( 'NONE', #3098, 1000.000000000000000 ) ;
#5893 = CARTESIAN_POINT ( 'NONE',  ( -0.6455128205128205510, 0.3025641025641025994, 0.8000000000000000444 ) ) ;
#5894 = CARTESIAN_POINT ( 'NONE',  ( -0.2876122053024021130, 0.1820112684880759724, 0.8000000000000001554 ) ) ;
#5895 = ADVANCED_FACE ( 'NONE', ( #2411 ), #4264, .T. ) ;
#5896 = ORIENTED_EDGE ( 'NONE', *, *, #1754, .T. ) ;
#5897 = CARTESIAN_POINT ( 'NONE',  ( -0.1500000000000004385, 3.850000000000000089, -0.2999999999999998224 ) ) ;
#5898 = LINE ( 'NONE', #3458, #4773 ) ;
#5899 = CARTESIAN_POINT ( 'NONE',  ( -1.815384615384615596, 0.000000000000000000, 0.8000000000000000444 ) ) ;
#5900 = CARTESIAN_POINT ( 'NONE',  ( -1.776362179487179782, 0.000000000000000000, 0.8000000000000000444 ) ) ;
#5901 = CARTESIAN_POINT ( 'NONE',  ( -2.390000000000000568, 3.849999999999999645, 1.626303258728256651E-16 ) ) ;
#5902 = CARTESIAN_POINT ( 'NONE',  ( -1.092307692307692424, 0.3589743589743589758, 0.8000000000000000444 ) ) ;
#5903 = CARTESIAN_POINT ( 'NONE',  ( 2.390000000000000568, -3.850000000000000089, 1.626303258728256651E-16 ) ) ;
#5904 = VECTOR ( 'NONE', #3933, 1000.000000000000000 ) ;
#5905 = ORIENTED_EDGE ( 'NONE', *, *, #4554, .T. ) ;
#5906 = CARTESIAN_POINT ( 'NONE',  ( -0.3517521433118474539, 0.2949296944088641292, 0.7000000000000007327 ) ) ;
#5907 = CARTESIAN_POINT ( 'NONE',  ( -1.348544046439784649, 0.2089003558151941164, 0.7000000000000001776 ) ) ;
#5908 = UNCERTAINTY_MEASURE_WITH_UNIT (LENGTH_MEASURE( 1.000000000000000082E-05 ), #5475, 'distance_accuracy_value', 'NONE');
#5909 = VERTEX_POINT ( 'NONE', #5024 ) ;
#5910 = EDGE_LOOP ( 'NONE', ( #4349, #4530, #4335, #2564 ) ) ;
#5911 = CARTESIAN_POINT ( 'NONE',  ( -0.3905218861073250780, 0.3343444005116584239, 0.7999999999999999334 ) ) ;
#5912 = ORIENTED_EDGE ( 'NONE', *, *, #5948, .F. ) ;
#5913 = CARTESIAN_POINT ( 'NONE',  ( -1.329152136910612958, 0.1128290841634935482, 0.7000000000000000666 ) ) ;
#5914 = EDGE_CURVE ( 'NONE', #6270, #4604, #2688, .T. ) ;
#5915 = EDGE_LOOP ( 'NONE', ( #2580, #6152, #5434, #1257 ) ) ;
#5916 = CARTESIAN_POINT ( 'NONE',  ( -1.316445552679278874, 0.09412074619740362635, 0.7000000000000005107 ) ) ;
#5917 = FILL_AREA_STYLE ('',( #2293 ) ) ;
#5918 = PRESENTATION_STYLE_ASSIGNMENT (( #3691 ) ) ;
#5919 = CARTESIAN_POINT ( 'NONE',  ( -0.05128205128205128721, 0.000000000000000000, 0.8000000000000000444 ) ) ;
#5920 =( GEOMETRIC_REPRESENTATION_CONTEXT ( 3 ) GLOBAL_UNCERTAINTY_ASSIGNED_CONTEXT ( ( #5204 ) ) GLOBAL_UNIT_ASSIGNED_CONTEXT ( ( #5118, #2515, #1948 ) ) REPRESENTATION_CONTEXT ( 'NONE', 'WORKASPACE' ) );
#5921 = CARTESIAN_POINT ( 'NONE',  ( -0.5554119525116941736, 0.4048424330747723010, 0.6999999999999996225 ) ) ;
#5922 = SURFACE_STYLE_USAGE ( .BOTH. , #4893 ) ;
#5923 = CIRCLE ( 'NONE', #1683, 0.2999999999999999334 ) ;
#5924 = DIRECTION ( 'NONE',  ( 0.000000000000000000, 0.000000000000000000, 1.000000000000000000 ) ) ;
#5925 =( GEOMETRIC_REPRESENTATION_CONTEXT ( 3 ) GLOBAL_UNCERTAINTY_ASSIGNED_CONTEXT ( ( #4194 ) ) GLOBAL_UNIT_ASSIGNED_CONTEXT ( ( #5778, #634, #2681 ) ) REPRESENTATION_CONTEXT ( 'NONE', 'WORKASPACE' ) );
#5926 = CARTESIAN_POINT ( 'NONE',  ( -0.7948717948717949344, 0.04102564102564103254, 0.6999999999999999556 ) ) ;
#5927 = DIRECTION ( 'NONE',  ( 0.000000000000000000, 0.000000000000000000, -1.000000000000000000 ) ) ;
#5928 = CARTESIAN_POINT ( 'NONE',  ( -1.330404442521851083, 0.04943687436769871740, 0.6999999999999999556 ) ) ;
#5929 = DIRECTION ( 'NONE',  ( -0.7941277684358859501, 0.6077508431907272524, 0.000000000000000000 ) ) ;
#5930 = EDGE_CURVE ( 'NONE', #759, #5638, #3476, .T. ) ;
#5931 = DIRECTION ( 'NONE',  ( 0.000000000000000000, 0.000000000000000000, -1.000000000000000000 ) ) ;
#5932 = AXIS2_PLACEMENT_3D ( 'NONE', #204, #1139, #1846 ) ;
#5933 = CARTESIAN_POINT ( 'NONE',  ( 1.214511168995398135E-16, -1.043175853018395882, 0.2999999999999999889 ) ) ;
#5934 = CARTESIAN_POINT ( 'NONE',  ( -3.324999999999998845, 1.343175853018395260, 0.000000000000000000 ) ) ;
#5935 = VECTOR ( 'NONE', #107, 1000.000000000000000 ) ;
#5936 = CARTESIAN_POINT ( 'NONE',  ( -0.5069997858048641559, 0.4102013087488826093, 0.6999999999999999556 ) ) ;
#5937 = CARTESIAN_POINT ( 'NONE',  ( -0.1500000000000003553, 3.149999999999999911, 0.2000000000000003997 ) ) ;
#5938 = EDGE_CURVE ( 'NONE', #6315, #6205, #314, .T. ) ;
#5939 = ORIENTED_EDGE ( 'NONE', *, *, #3227, .F. ) ;
#5940 = MECHANICAL_DESIGN_GEOMETRIC_PRESENTATION_REPRESENTATION (  '', ( #4206 ), #2008 ) ;
#5941 = VECTOR ( 'NONE', #5944, 1000.000000000000000 ) ;
#5942 = VERTEX_POINT ( 'NONE', #4308 ) ;
#5943 = CARTESIAN_POINT ( 'NONE',  ( -0.3232144685735802714, 0.2113241210509241574, 0.7000000000000005107 ) ) ;
#5944 = DIRECTION ( 'NONE',  ( -1.000000000000000000, 0.000000000000000000, 0.000000000000000000 ) ) ;
#5945 = FILL_AREA_STYLE_COLOUR ( '', #4411 ) ;
#5946 = VECTOR ( 'NONE', #1782, 1000.000000000000000 ) ;
#5947 = EDGE_LOOP ( 'NONE', ( #691, #4597, #721, #3115 ) ) ;
#5948 = EDGE_CURVE ( 'NONE', #5890, #182, #2644, .T. ) ;
#5949 = VECTOR ( 'NONE', #5208, 1000.000000000000000 ) ;
#5950 =( LENGTH_UNIT ( ) NAMED_UNIT ( * ) SI_UNIT ( .MILLI., .METRE. ) );
#5951 = LINE ( 'NONE', #1147, #776 ) ;
#5952 = ORIENTED_EDGE ( 'NONE', *, *, #5390, .F. ) ;
#5953 = STYLED_ITEM ( 'NONE', ( #6036 ), #710 ) ;
#5954 = ADVANCED_FACE ( 'NONE', ( #5651 ), #3737, .F. ) ;
#5955 = CARTESIAN_POINT ( 'NONE',  ( 2.389999999999999680, 3.050000000000000266, -0.09999999999999993616 ) ) ;
#5956 = VERTEX_POINT ( 'NONE', #6374 ) ;
#5957 = CARTESIAN_POINT ( 'NONE',  ( -1.092307692307692424, 0.04102564102564103254, 0.8000000000000000444 ) ) ;
#5958 = LINE ( 'NONE', #2164, #5639 ) ;
#5959 = CARTESIAN_POINT ( 'NONE',  ( 3.025000000000002132, -1.343175853018395260, 0.7000000000000002887 ) ) ;
#5960 = EDGE_CURVE ( 'NONE', #3660, #1829, #4669, .T. ) ;
#5961 = CARTESIAN_POINT ( 'NONE',  ( -0.6388210107778339308, 0.3105392894846122354, 0.8000000000000001554 ) ) ;
#5962 = PRESENTATION_LAYER_ASSIGNMENT (  '', '', ( #3641 ) ) ;
#5963 = LINE ( 'NONE', #6033, #2806 ) ;
#5964 = EDGE_LOOP ( 'NONE', ( #5241, #3624, #4739, #6236 ) ) ;
#5965 = SURFACE_STYLE_FILL_AREA ( #5014 ) ;
#5966 = FACE_OUTER_BOUND ( 'NONE', #2099, .T. ) ;
#5967 = DIRECTION ( 'NONE',  ( 1.000000000000000000, 1.164243943608595441E-16, -0.000000000000000000 ) ) ;
#5968 = ORIENTED_EDGE ( 'NONE', *, *, #2556, .F. ) ;
#5969 = CARTESIAN_POINT ( 'NONE',  ( -0.5026442307692308153, 0.03076923076923077441, 0.6999999999999999556 ) ) ;
#5970 = PRESENTATION_STYLE_ASSIGNMENT (( #1318 ) ) ;
#5971 = EDGE_LOOP ( 'NONE', ( #4799, #1705, #2308, #4269, #5520, #4283, #1279, #489 ) ) ;
#5972 = DIRECTION ( 'NONE',  ( 1.000000000000000000, 0.000000000000000000, 0.000000000000000000 ) ) ;
#5973 = LINE ( 'NONE', #725, #3797 ) ;
#5974 = FILL_AREA_STYLE_COLOUR ( '', #62 ) ;
#5975 = ORIENTED_EDGE ( 'NONE', *, *, #679, .T. ) ;
#5976 = VERTEX_POINT ( 'NONE', #5959 ) ;
#5977 = CARTESIAN_POINT ( 'NONE',  ( -0.3318133135958852287, 0.2556119375331149524, 0.8000000000000000444 ) ) ;
#5978 = AXIS2_PLACEMENT_3D ( 'NONE', #226, #4348, #779 ) ;
#5979 =( GEOMETRIC_REPRESENTATION_CONTEXT ( 3 ) GLOBAL_UNCERTAINTY_ASSIGNED_CONTEXT ( ( #6104 ) ) GLOBAL_UNIT_ASSIGNED_CONTEXT ( ( #3036, #4570, #429 ) ) REPRESENTATION_CONTEXT ( 'NONE', 'WORKASPACE' ) );
#5980 = CARTESIAN_POINT ( 'NONE',  ( -1.214511168995398135E-16, 1.043175853018396104, 0.000000000000000000 ) ) ;
#5981 = FILL_AREA_STYLE ('',( #1179 ) ) ;
#5982 = EDGE_LOOP ( 'NONE', ( #1420, #4119, #889, #5952, #5193, #6278, #1153, #251, #4769, #4569, #3177 ) ) ;
#5983 = SURFACE_STYLE_USAGE ( .BOTH. , #4377 ) ;
#5984 = CARTESIAN_POINT ( 'NONE',  ( -1.292658972896590486, 0.07125768723823845685, 0.8000000000000001554 ) ) ;
#5985 = CARTESIAN_POINT ( 'NONE',  ( -3.024999999999998579, 3.725000000000000089, 0.000000000000000000 ) ) ;
#5986 = EDGE_CURVE ( 'NONE', #5831, #657, #6629, .T. ) ;
#5987 = CARTESIAN_POINT ( 'NONE',  ( -2.354330708661414917, -2.731627296587916032, 2.900000000000000355 ) ) ;
#5988 = CARTESIAN_POINT ( 'NONE',  ( -0.4316338945117954573, 0.04255571429766092512, 0.6999999999999997335 ) ) ;
#5989 = EDGE_LOOP ( 'NONE', ( #2337, #5033, #3044, #6146 ) ) ;
#5990 = CARTESIAN_POINT ( 'NONE',  ( -0.4948628510718718343, 0.4100720287691576038, 0.8000000000000000444 ) ) ;
#5991 = FILL_AREA_STYLE ('',( #5974 ) ) ;
#5992 = UNCERTAINTY_MEASURE_WITH_UNIT (LENGTH_MEASURE( 1.000000000000000082E-05 ), #2978, 'distance_accuracy_value', 'NONE');
#5993 = EDGE_LOOP ( 'NONE', ( #1423, #1065, #2758, #6317 ) ) ;
#5994 = CARTESIAN_POINT ( 'NONE',  ( -0.5028846153846154854, -0.01025641025641025814, 0.8000000000000000444 ) ) ;
#5995 =( NAMED_UNIT ( * ) PLANE_ANGLE_UNIT ( ) SI_UNIT ( $, .RADIAN. ) );
#5996 = CARTESIAN_POINT ( 'NONE',  ( -1.230159136397883213, 0.002850995974456670568, 0.6999999999999999556 ) ) ;
#5997 = MECHANICAL_DESIGN_GEOMETRIC_PRESENTATION_REPRESENTATION (  '', ( #908 ), #3008 ) ;
#5998 = DIRECTION ( 'NONE',  ( -0.000000000000000000, -0.000000000000000000, -1.000000000000000000 ) ) ;
#5999 = CARTESIAN_POINT ( 'NONE',  ( -1.378419013490426837, 0.1385322437134763884, 0.8000000000000000444 ) ) ;
#6000 = CARTESIAN_POINT ( 'NONE',  ( -1.244842962425348754, 0.005259830562448422966, 0.8000000000000000444 ) ) ;
#6001 = EDGE_CURVE ( 'NONE', #219, #3493, #2403, .T. ) ;
#6002 = CARTESIAN_POINT ( 'NONE',  ( -1.256215343944339535, 0.05248781544752136735, 0.7000000000000002887 ) ) ;
#6003 = DIRECTION ( 'NONE',  ( 0.000000000000000000, 0.000000000000000000, 1.000000000000000000 ) ) ;
#6004 = VECTOR ( 'NONE', #228, 1000.000000000000000 ) ;
#6005 = CARTESIAN_POINT ( 'NONE',  ( -0.5909698187783485324, 0.3478469800156653302, 0.6999999999999999556 ) ) ;
#6006 = FILL_AREA_STYLE_COLOUR ( '', #2318 ) ;
#6007 = CARTESIAN_POINT ( 'NONE',  ( -0.6241969141583996183, 0.3249672673014806779, 0.7000000000000000666 ) ) ;
#6008 = PRESENTATION_LAYER_ASSIGNMENT (  '', '', ( #4484 ) ) ;
#6009 = AXIS2_PLACEMENT_3D ( 'NONE', #263, #4943, #5486 ) ;
#6010 = CARTESIAN_POINT ( 'NONE',  ( -0.4775156886684360780, -0.009208156793253022623, 0.8000000000000002665 ) ) ;
#6011 = CARTESIAN_POINT ( 'NONE',  ( -1.120432692307692601, 0.3589743589743589758, 0.6999999999999999556 ) ) ;
#6012 = DIRECTION ( 'NONE',  ( -1.164243943608595688E-16, 1.000000000000000000, -3.614007241618349264E-16 ) ) ;
#6013 = DIRECTION ( 'NONE',  ( 0.000000000000000000, 0.000000000000000000, -1.000000000000000000 ) ) ;
#6014 = CARTESIAN_POINT ( 'NONE',  ( -1.435897435897435903, 0.000000000000000000, 0.8000000000000000444 ) ) ;
#6015 = CARTESIAN_POINT ( 'NONE',  ( -0.3640755363678860879, 0.3644937594902960543, 0.6999999999999997335 ) ) ;
#6016 = SURFACE_SIDE_STYLE ('',( #3487 ) ) ;
#6017 = FACE_OUTER_BOUND ( 'NONE', #2003, .T. ) ;
#6018 = CARTESIAN_POINT ( 'NONE',  ( -0.5552901447472550212, -0.004934061932441139060, 0.7999999999999999334 ) ) ;
#6019 = UNCERTAINTY_MEASURE_WITH_UNIT (LENGTH_MEASURE( 1.000000000000000082E-05 ), #6387, 'distance_accuracy_value', 'NONE');
#6020 = FILL_AREA_STYLE ('',( #4950 ) ) ;
#6021 = CARTESIAN_POINT ( 'NONE',  ( -1.380356026931788493, 0.2443668519247708393, 0.6999999999999997335 ) ) ;
#6022 = VECTOR ( 'NONE', #4460, 1000.000000000000000 ) ;
#6023 = DIRECTION ( 'NONE',  ( -1.000000000000000000, 0.000000000000000000, 0.000000000000000000 ) ) ;
#6024 = ORIENTED_EDGE ( 'NONE', *, *, #4888, .F. ) ;
#6025 = CARTESIAN_POINT ( 'NONE',  ( -0.5987834790697843523, 0.05657415413726004511, 0.7999999999999999334 ) ) ;
#6026 = VECTOR ( 'NONE', #2345, 1000.000000000000000 ) ;
#6027 = EDGE_CURVE ( 'NONE', #461, #4443, #3300, .T. ) ;
#6028 =( LENGTH_UNIT ( ) NAMED_UNIT ( * ) SI_UNIT ( .MILLI., .METRE. ) );
#6029 = ORIENTED_EDGE ( 'NONE', *, *, #5122, .F. ) ;
#6030 = STYLED_ITEM ( 'NONE', ( #3640 ), #5194 ) ;
#6031 = VECTOR ( 'NONE', #5015, 1000.000000000000000 ) ;
#6032 = FILL_AREA_STYLE_COLOUR ( '', #909 ) ;
#6033 = CARTESIAN_POINT ( 'NONE',  ( -1.627804487179487447, 0.3220352564102564319, 0.8000000000000000444 ) ) ;
#6034 = EDGE_CURVE ( 'NONE', #3388, #2165, #3884, .T. ) ;
#6035 = ORIENTED_EDGE ( 'NONE', *, *, #1549, .F. ) ;
#6036 = PRESENTATION_STYLE_ASSIGNMENT (( #4729 ) ) ;
#6037 =( LENGTH_UNIT ( ) NAMED_UNIT ( * ) SI_UNIT ( .MILLI., .METRE. ) );
#6038 = ORIENTED_EDGE ( 'NONE', *, *, #5855, .T. ) ;
#6039 = CARTESIAN_POINT ( 'NONE',  ( -1.383129929819975068, 0.1659058747291569103, 0.8000000000000000444 ) ) ;
#6040 = VECTOR ( 'NONE', #3344, 1000.000000000000000 ) ;
#6041 = CARTESIAN_POINT ( 'NONE',  ( -0.3108516896199663426, 0.3015323756705149960, 0.6999999999999998446 ) ) ;
#6042 = LINE ( 'NONE', #573, #1926 ) ;
#6043 = MECHANICAL_DESIGN_GEOMETRIC_PRESENTATION_REPRESENTATION (  '', ( #6523 ), #3977 ) ;
#6044 = COLOUR_RGB ( '',0.7960784313725489669, 0.8235294117647058432, 0.9372549019607843146 ) ;
#6045 = ORIENTED_EDGE ( 'NONE', *, *, #4000, .T. ) ;
#6046 = DIRECTION ( 'NONE',  ( -1.000000000000000000, -1.164243943608595688E-16, 0.000000000000000000 ) ) ;
#6047 = ORIENTED_EDGE ( 'NONE', *, *, #3676, .F. ) ;
#6048 = CARTESIAN_POINT ( 'NONE',  ( -1.384615384615384803, 0.1949519230769231060, 0.6999999999999999556 ) ) ;
#6049 = LINE ( 'NONE', #439, #5892 ) ;
#6050 = CARTESIAN_POINT ( 'NONE',  ( -0.6455128205128205510, 0.3025641025641025994, 0.8000000000000000444 ) ) ;
#6051 = PRESENTATION_LAYER_ASSIGNMENT (  '', '', ( #4441 ) ) ;
#6052 = LINE ( 'NONE', #4131, #6383 ) ;
#6053 = CARTESIAN_POINT ( 'NONE',  ( -0.4963061586800907032, 0.03088751775256767806, 0.6999999999999999556 ) ) ;
#6054 = CARTESIAN_POINT ( 'NONE',  ( -1.352911193550911051, 0.07818880144970048740, 0.7000000000000000666 ) ) ;
#6055 = CARTESIAN_POINT ( 'NONE',  ( -0.4176319492292833724, 0.3956388888815565719, 0.7999999999999999334 ) ) ;
#6056 = ORIENTED_EDGE ( 'NONE', *, *, #319, .T. ) ;
#6057 = DIRECTION ( 'NONE',  ( 1.000000000000000000, 1.164243943608595441E-16, -0.000000000000000000 ) ) ;
#6058 = VECTOR ( 'NONE', #2911, 1000.000000000000000 ) ;
#6059 = EDGE_CURVE ( 'NONE', #2745, #3153, #2901, .T. ) ;
#6060 = PRESENTATION_LAYER_ASSIGNMENT (  '', '', ( #2119 ) ) ;
#6061 = FILL_AREA_STYLE ('',( #962 ) ) ;
#6062 = CARTESIAN_POINT ( 'NONE',  ( -1.264102564102564052, 0.3855769230769230949, 0.6999999999999999556 ) ) ;
#6063 = UNCERTAINTY_MEASURE_WITH_UNIT (LENGTH_MEASURE( 1.000000000000000082E-05 ), #1622, 'distance_accuracy_value', 'NONE');
#6064 = FACE_OUTER_BOUND ( 'NONE', #231, .T. ) ;
#6065 = ORIENTED_EDGE ( 'NONE', *, *, #1970, .T. ) ;
#6066 = CARTESIAN_POINT ( 'NONE',  ( -2.690000000000000391, 3.149999999999999467, 0.2000000000000003997 ) ) ;
#6067 = CARTESIAN_POINT ( 'NONE',  ( -3.024999999999998579, -1.043175853018396770, 0.000000000000000000 ) ) ;
#6068 = VERTEX_POINT ( 'NONE', #1386 ) ;
#6069 = CARTESIAN_POINT ( 'NONE',  ( -0.6769230769230770717, 0.3266025641025641635, 0.8000000000000000444 ) ) ;
#6070 = CARTESIAN_POINT ( 'NONE',  ( -0.5163923040456379621, -0.01010351029279037138, 0.7999999999999998224 ) ) ;
#6071 = EDGE_LOOP ( 'NONE', ( #1668, #1659, #2996, #5807 ) ) ;
#6072 = DIRECTION ( 'NONE',  ( -0.4285842068721733567, 0.9035018415143104553, 0.000000000000000000 ) ) ;
#6073 = VERTEX_POINT ( 'NONE', #1908 ) ;
#6074 = EDGE_CURVE ( 'NONE', #5196, #2404, #68, .T. ) ;
#6075 = FILL_AREA_STYLE_COLOUR ( '', #3272 ) ;
#6076 = ORIENTED_EDGE ( 'NONE', *, *, #3327, .T. ) ;
#6077 = DIRECTION ( 'NONE',  ( 1.000000000000000000, 0.000000000000000000, 0.000000000000000000 ) ) ;
#6078 = CARTESIAN_POINT ( 'NONE',  ( -0.6082336866494912897, 0.3373853982001850382, 0.6999999999999998446 ) ) ;
#6079 = DIRECTION ( 'NONE',  ( -0.000000000000000000, -0.000000000000000000, -1.000000000000000000 ) ) ;
#6080 = EDGE_CURVE ( 'NONE', #4604, #6213, #580, .T. ) ;
#6081 = B_SPLINE_CURVE_WITH_KNOTS ( 'NONE', 3,
 ( #1855, #5539, #3987, #873, #351, #4937, #4415, #4483, #1319, #1827, #6512, #2357, #1923, #5988, #1896, #2436, #5028, #6053, #5969 ),
 .UNSPECIFIED., .F., .F.,
 ( 4, 1, 1, 1, 1, 1, 1, 1, 1, 1, 1, 1, 1, 1, 1, 1, 4 ),
 ( 0.000000000000000000, 0.06432321657984212127, 0.1262901037035559504, 0.1867264692161328676, 0.2461464323353446393, 0.3055756426461386788, 0.3654293856180519939, 0.4263263089482600687, 0.4888399064006413997, 0.5517249718140475601, 0.6139185964661593164, 0.6754837657683966379, 0.7373338970992860952, 0.8002290443945266896, 0.8645022981233231318, 0.9310407391556975165, 1.000000000000000000 ),
 .UNSPECIFIED. ) ;
#6082 = LINE ( 'NONE', #4326, #1715 ) ;
#6083 = CARTESIAN_POINT ( 'NONE',  ( -1.344978804620147406, 0.2353542239063887986, 0.8000000000000001554 ) ) ;
#6084 =( NAMED_UNIT ( * ) PLANE_ANGLE_UNIT ( ) SI_UNIT ( $, .RADIAN. ) );
#6085 = STYLED_ITEM ( 'NONE', ( #2154 ), #641 ) ;
#6086 = CARTESIAN_POINT ( 'NONE',  ( -1.260564313021068639, 0.3867467366120683758, 0.6999999999999999556 ) ) ;
#6087 = FILL_AREA_STYLE ('',( #861 ) ) ;
#6088 = EDGE_CURVE ( 'NONE', #5513, #6242, #1016, .T. ) ;
#6089 =( LENGTH_UNIT ( ) NAMED_UNIT ( * ) SI_UNIT ( .MILLI., .METRE. ) );
#6090 =( NAMED_UNIT ( * ) PLANE_ANGLE_UNIT ( ) SI_UNIT ( $, .RADIAN. ) );
#6091 = FILL_AREA_STYLE_COLOUR ( '', #3338 ) ;
#6092 = CARTESIAN_POINT ( 'NONE',  ( -1.338903309596359392, 0.1337371577511493881, 0.8000000000000000444 ) ) ;
#6093 = ORIENTED_EDGE ( 'NONE', *, *, #1416, .F. ) ;
#6094 = CARTESIAN_POINT ( 'NONE',  ( 0.000000000000000000, 0.000000000000000000, 0.000000000000000000 ) ) ;
#6095 = CARTESIAN_POINT ( 'NONE',  ( -0.3230769230769230949, 0.1995993589743589869, 0.6999999999999998446 ) ) ;
#6096 = PRESENTATION_LAYER_ASSIGNMENT (  '', '', ( #303 ) ) ;
#6097 =( GEOMETRIC_REPRESENTATION_CONTEXT ( 3 ) GLOBAL_UNCERTAINTY_ASSIGNED_CONTEXT ( ( #689 ) ) GLOBAL_UNIT_ASSIGNED_CONTEXT ( ( #6556, #6508, #803 ) ) REPRESENTATION_CONTEXT ( 'NONE', 'WORKASPACE' ) );
#6098 = CARTESIAN_POINT ( 'NONE',  ( 3.325000000000002398, -1.343175853018395260, 0.7000000000000002887 ) ) ;
#6099 = SURFACE_STYLE_FILL_AREA ( #2120 ) ;
#6100 = DIRECTION ( 'NONE',  ( 1.000000000000000000, 0.000000000000000000, -0.000000000000000000 ) ) ;
#6101 = CARTESIAN_POINT ( 'NONE',  ( -1.698317307692307709, 0.1692307692307692679, 0.8000000000000000444 ) ) ;
#6102 = ORIENTED_EDGE ( 'NONE', *, *, #753, .T. ) ;
#6103 = SURFACE_STYLE_FILL_AREA ( #4396 ) ;
#6104 = UNCERTAINTY_MEASURE_WITH_UNIT (LENGTH_MEASURE( 1.000000000000000082E-05 ), #3036, 'distance_accuracy_value', 'NONE');
#6105 = DIRECTION ( 'NONE',  ( -0.000000000000000000, -0.000000000000000000, -1.000000000000000000 ) ) ;
#6106 = EDGE_CURVE ( 'NONE', #1379, #5355, #3555, .T. ) ;
#6107 = ORIENTED_EDGE ( 'NONE', *, *, #1223, .T. ) ;
#6108 = LINE ( 'NONE', #270, #1329 ) ;
#6109 = ORIENTED_EDGE ( 'NONE', *, *, #2740, .F. ) ;
#6110 =( NAMED_UNIT ( * ) SI_UNIT ( $, .STERADIAN. ) SOLID_ANGLE_UNIT ( ) );
#6111 = ORIENTED_EDGE ( 'NONE', *, *, #5604, .T. ) ;
#6112 = FACE_OUTER_BOUND ( 'NONE', #4023, .T. ) ;
#6113 = VERTEX_POINT ( 'NONE', #358 ) ;
#6114 = CARTESIAN_POINT ( 'NONE',  ( 3.325000000000002398, 1.343175853018396149, 0.2999999999999999889 ) ) ;
#6115 = CARTESIAN_POINT ( 'NONE',  ( -3.324999999999998845, -1.043175853018396770, 0.000000000000000000 ) ) ;
#6116 = PLANE ( 'NONE',  #4275 ) ;
#6117 = SURFACE_STYLE_USAGE ( .BOTH. , #451 ) ;
#6118 = VECTOR ( 'NONE', #5430, 1000.000000000000000 ) ;
#6119 = VERTEX_POINT ( 'NONE', #3908 ) ;
#6120 =( GEOMETRIC_REPRESENTATION_CONTEXT ( 3 ) GLOBAL_UNCERTAINTY_ASSIGNED_CONTEXT ( ( #976 ) ) GLOBAL_UNIT_ASSIGNED_CONTEXT ( ( #5092, #2045, #7 ) ) REPRESENTATION_CONTEXT ( 'NONE', 'WORKASPACE' ) );
#6121 = PRESENTATION_STYLE_ASSIGNMENT (( #1079 ) ) ;
#6122 = ORIENTED_EDGE ( 'NONE', *, *, #33, .F. ) ;
#6123 =( LENGTH_UNIT ( ) NAMED_UNIT ( * ) SI_UNIT ( .MILLI., .METRE. ) );
#6124 = CARTESIAN_POINT ( 'NONE',  ( -1.327587281659164953, 0.2821531869507271639, 0.7000000000000001776 ) ) ;
#6125 = CARTESIAN_POINT ( 'NONE',  ( -0.5799745647495774259, 0.3979455622420680072, 0.8000000000000000444 ) ) ;
#6126 = LINE ( 'NONE', #4242, #6209 ) ;
#6127 = CARTESIAN_POINT ( 'NONE',  ( -0.3022453637564939677, 0.2833460579297081283, 0.8000000000000000444 ) ) ;
#6128 = EDGE_CURVE ( 'NONE', #3224, #6686, #4853, .T. ) ;
#6129 = VECTOR ( 'NONE', #6012, 1000.000000000000000 ) ;
#6130 = ORIENTED_EDGE ( 'NONE', *, *, #4188, .T. ) ;
#6131 = LINE ( 'NONE', #3122, #5172 ) ;
#6132 = ADVANCED_FACE ( 'NONE', ( #4768 ), #2365, .F. ) ;
#6133 = CARTESIAN_POINT ( 'NONE',  ( -0.05128205128205128721, 0.000000000000000000, 0.8000000000000000444 ) ) ;
#6134 = PRESENTATION_STYLE_ASSIGNMENT (( #5534 ) ) ;
#6135 = DIRECTION ( 'NONE',  ( 1.000000000000000000, 0.000000000000000000, 0.000000000000000000 ) ) ;
#6136 = FILL_AREA_STYLE_COLOUR ( '', #3157 ) ;
#6137 = VECTOR ( 'NONE', #2981, 1000.000000000000000 ) ;
#6138 = LINE ( 'NONE', #26, #1687 ) ;
#6139 = DIRECTION ( 'NONE',  ( 1.000000000000000000, 1.164243943608595441E-16, -0.000000000000000000 ) ) ;
#6140 = AXIS2_PLACEMENT_3D ( 'NONE', #5629, #1951, #2453 ) ;
#6141 = VECTOR ( 'NONE', #6323, 1000.000000000000000 ) ;
#6142 = DIRECTION ( 'NONE',  ( -0.000000000000000000, -0.000000000000000000, -1.000000000000000000 ) ) ;
#6143 = CARTESIAN_POINT ( 'NONE',  ( -1.180368589743589824, 0.000000000000000000, 0.8000000000000000444 ) ) ;
#6144 = CARTESIAN_POINT ( 'NONE',  ( -0.1500000000000004385, 3.850000000000000089, 1.626303258728256651E-16 ) ) ;
#6145 = FILL_AREA_STYLE_COLOUR ( '', #2885 ) ;
#6146 = ORIENTED_EDGE ( 'NONE', *, *, #5183, .T. ) ;
#6147 = VERTEX_POINT ( 'NONE', #1793 ) ;
#6148 = EDGE_CURVE ( 'NONE', #5002, #3019, #2247, .T. ) ;
#6149 = STYLED_ITEM ( 'NONE', ( #738 ), #4637 ) ;
#6150 = CARTESIAN_POINT ( 'NONE',  ( -1.243349358974359165, 0.3477564102564102977, 0.8000000000000000444 ) ) ;
#6151 = CARTESIAN_POINT ( 'NONE',  ( -0.2877069088698393506, 0.2236741611605364555, 0.7999999999999999334 ) ) ;
#6152 = ORIENTED_EDGE ( 'NONE', *, *, #3669, .F. ) ;
#6153 = CARTESIAN_POINT ( 'NONE',  ( 3.325000000000002398, 1.043175853018396326, 0.2999999999999999889 ) ) ;
#6154 = CIRCLE ( 'NONE', #1810, 0.2000000000000000944 ) ;
#6155 = DIRECTION ( 'NONE',  ( 1.000000000000000000, 1.164243943608595441E-16, -0.000000000000000000 ) ) ;
#6156 = CARTESIAN_POINT ( 'NONE',  ( -0.2410256410256410575, 0.000000000000000000, 0.8000000000000000444 ) ) ;
#6157 = CARTESIAN_POINT ( 'NONE',  ( -1.535897435897435992, 0.1282051282051282215, 0.8000000000000000444 ) ) ;
#6158 = FACE_OUTER_BOUND ( 'NONE', #5964, .T. ) ;
#6159 = CARTESIAN_POINT ( 'NONE',  ( -0.9846153846153847811, 0.2358974358974359198, 0.8000000000000000444 ) ) ;
#6160 = VERTEX_POINT ( 'NONE', #3940 ) ;
#6161 = EDGE_CURVE ( 'NONE', #3795, #6400, #621, .T. ) ;
#6162 = CARTESIAN_POINT ( 'NONE',  ( 2.390000000000000568, -3.149999999999999911, 0.2000000000000003997 ) ) ;
#6164 = AXIS2_PLACEMENT_3D ( 'NONE', #1997, #2058, #3184 ) ;
#6163 = SURFACE_SIDE_STYLE ('',( #4833 ) ) ;
#6165 = CARTESIAN_POINT ( 'NONE',  ( -0.4482083075310652753, 0.03726923113702642482, 0.7000000000000000666 ) ) ;
#6166 = ADVANCED_FACE ( 'NONE', ( #3633 ), #3385, .F. ) ;
#6167 = DIRECTION ( 'NONE',  ( 1.577844766204413196E-32, -1.355252715606880789E-16, 1.000000000000000000 ) ) ;
#6168 = DIRECTION ( 'NONE',  ( -1.164243943608595688E-16, 1.000000000000000000, 0.000000000000000000 ) ) ;
#6169 = CARTESIAN_POINT ( 'NONE',  ( -1.376807860355770963, 0.2597035808175419680, 0.8000000000000002665 ) ) ;
#6170 = UNCERTAINTY_MEASURE_WITH_UNIT (LENGTH_MEASURE( 1.000000000000000082E-05 ), #574, 'distance_accuracy_value', 'NONE');
#6171 = CARTESIAN_POINT ( 'NONE',  ( -0.3483535551907714356, 0.3504892620477516596, 0.7999999999999999334 ) ) ;
#6172 =( GEOMETRIC_REPRESENTATION_CONTEXT ( 3 ) GLOBAL_UNCERTAINTY_ASSIGNED_CONTEXT ( ( #490 ) ) GLOBAL_UNIT_ASSIGNED_CONTEXT ( ( #6313, #127, #111 ) ) REPRESENTATION_CONTEXT ( 'NONE', 'WORKASPACE' ) );
#6173 = DIRECTION ( 'NONE',  ( 0.000000000000000000, 0.000000000000000000, 1.000000000000000000 ) ) ;
#6174 = CARTESIAN_POINT ( 'NONE',  ( -1.330404442521851083, 0.04943687436769871740, 0.8000000000000000444 ) ) ;
#6175 = CARTESIAN_POINT ( 'NONE',  ( -0.5427190276927575940, 0.3653455368646211787, 0.8000000000000000444 ) ) ;
#6176 = SURFACE_SIDE_STYLE ('',( #527 ) ) ;
#6177 = DIRECTION ( 'NONE',  ( -1.000000000000000000, -1.164243943608595441E-16, 0.000000000000000000 ) ) ;
#6178 = DIRECTION ( 'NONE',  ( 5.049103251854120913E-32, -4.336808689942017736E-16, -1.000000000000000000 ) ) ;
#6179 = COLOUR_RGB ( '',0.7960784313725489669, 0.8235294117647058432, 0.9372549019607843146 ) ;
#6180 = CARTESIAN_POINT ( 'NONE',  ( -0.3426686129249965074, 0.1184704001786343885, 0.8000000000000000444 ) ) ;
#6181 = VECTOR ( 'NONE', #4072, 1000.000000000000000 ) ;
#6182 = ORIENTED_EDGE ( 'NONE', *, *, #3227, .T. ) ;
#6183 = CARTESIAN_POINT ( 'NONE',  ( -3.024999999999998579, 3.725000000000000089, 0.6999999999999999556 ) ) ;
#6184 = STYLED_ITEM ( 'NONE', ( #4028 ), #2057 ) ;
#6185 = DIRECTION ( 'NONE',  ( 0.000000000000000000, 0.000000000000000000, 1.000000000000000000 ) ) ;
#6186 =( GEOMETRIC_REPRESENTATION_CONTEXT ( 3 ) GLOBAL_UNCERTAINTY_ASSIGNED_CONTEXT ( ( #3515 ) ) GLOBAL_UNIT_ASSIGNED_CONTEXT ( ( #4602, #6687, #3743 ) ) REPRESENTATION_CONTEXT ( 'NONE', 'WORKASPACE' ) );
#6187 = LINE ( 'NONE', #2050, #3194 ) ;
#6188 = ORIENTED_EDGE ( 'NONE', *, *, #2613, .T. ) ;
#6189 = COLOUR_RGB ( '',0.1803921568627450955, 0.1803921568627450955, 0.1803921568627450955 ) ;
#6190 = PRESENTATION_STYLE_ASSIGNMENT (( #4177 ) ) ;
#6191 = CARTESIAN_POINT ( 'NONE',  ( -0.5233719333879169877, 0.03134211103099672491, 0.6999999999999997335 ) ) ;
#6192 = CARTESIAN_POINT ( 'NONE',  ( -0.6744733228757271437, 0.3298345615042309054, 0.8000000000000000444 ) ) ;
#6193 = UNCERTAINTY_MEASURE_WITH_UNIT (LENGTH_MEASURE( 1.000000000000000082E-05 ), #5689, 'distance_accuracy_value', 'NONE');
#6194 = CARTESIAN_POINT ( 'NONE',  ( -0.3108516896199663426, 0.3015323756705149960, 0.6999999999999998446 ) ) ;
#6195 = VECTOR ( 'NONE', #4860, 1000.000000000000000 ) ;
#6196 = PRESENTATION_STYLE_ASSIGNMENT (( #6117 ) ) ;
#6197 = VERTEX_POINT ( 'NONE', #6612 ) ;
#6198 = FACE_OUTER_BOUND ( 'NONE', #4836, .T. ) ;
#6199 = ADVANCED_FACE ( 'NONE', ( #5411 ), #3519, .F. ) ;
#6200 = CARTESIAN_POINT ( 'NONE',  ( -0.6316599590608166226, 0.3179883802817414229, 0.8000000000000000444 ) ) ;
#6201 = EDGE_CURVE ( 'NONE', #4596, #5239, #5963, .T. ) ;
#6202 = DIRECTION ( 'NONE',  ( 1.164243943608595441E-16, -1.000000000000000000, -5.421010862427523156E-16 ) ) ;
#6203 = EDGE_LOOP ( 'NONE', ( #4901, #3540, #2334, #3379 ) ) ;
#6204 = LINE ( 'NONE', #4170, #2074 ) ;
#6205 = VERTEX_POINT ( 'NONE', #4035 ) ;
#6206 = COLOUR_RGB ( '',0.1803921568627450955, 0.1803921568627450955, 0.1803921568627450955 ) ;
#6207 = UNCERTAINTY_MEASURE_WITH_UNIT (LENGTH_MEASURE( 1.000000000000000082E-05 ), #6037, 'distance_accuracy_value', 'NONE');
#6208 = DIRECTION ( 'NONE',  ( -1.164243943608595441E-16, 1.000000000000000000, 0.000000000000000000 ) ) ;
#6209 = VECTOR ( 'NONE', #2124, 1000.000000000000000 ) ;
#6210 =( NAMED_UNIT ( * ) SI_UNIT ( $, .STERADIAN. ) SOLID_ANGLE_UNIT ( ) );
#6211 = B_SPLINE_CURVE_WITH_KNOTS ( 'NONE', 3,
 ( #1756, #5458, #1802, #5385, #2296, #3852, #6467, #2283, #2259, #3370, #272 ),
 .UNSPECIFIED., .F., .F.,
 ( 4, 1, 1, 1, 1, 1, 1, 1, 4 ),
 ( 0.000000000000000000, 0.08431861695858089423, 0.1792845142139041781, 0.2865825276465601146, 0.4051114834342786075, 0.5355928734189734364, 0.6781902099934136174, 0.8329758397604892783, 1.000000000000000000 ),
 .UNSPECIFIED. ) ;
#6212 = EDGE_CURVE ( 'NONE', #4055, #2507, #2636, .T. ) ;
#6213 = VERTEX_POINT ( 'NONE', #5596 ) ;
#6214 = COLOUR_RGB ( '',0.7960784313725489669, 0.8235294117647058432, 0.9372549019607843146 ) ;
#6215 = FACE_OUTER_BOUND ( 'NONE', #5269, .T. ) ;
#6216 = PLANE ( 'NONE',  #3905 ) ;
#6217 =( NAMED_UNIT ( * ) PLANE_ANGLE_UNIT ( ) SI_UNIT ( $, .RADIAN. ) );
#6218 = SURFACE_STYLE_FILL_AREA ( #4581 ) ;
#6219 = AXIS2_PLACEMENT_3D ( 'NONE', #2028, #477, #6077 ) ;
#6220 = PRESENTATION_LAYER_ASSIGNMENT (  '', '', ( #5866 ) ) ;
#6221 = ORIENTED_EDGE ( 'NONE', *, *, #1917, .T. ) ;
#6222 = PRESENTATION_STYLE_ASSIGNMENT (( #4065 ) ) ;
#6223 = CARTESIAN_POINT ( 'NONE',  ( -1.266850768795168225, 0.3388967709914514903, 0.8000000000000001554 ) ) ;
#6224 = CARTESIAN_POINT ( 'NONE',  ( -1.344507250838571366, 0.3270538099544382238, 0.7999999999999998224 ) ) ;
#6225 = EDGE_CURVE ( 'NONE', #2921, #2482, #3941, .T. ) ;
#6226 = CARTESIAN_POINT ( 'NONE',  ( -0.5295544314856857060, 0.4090286817650846118, 0.7999999999999999334 ) ) ;
#6227 = PLANE ( 'NONE',  #1882 ) ;
#6228 =( NAMED_UNIT ( * ) SI_UNIT ( $, .STERADIAN. ) SOLID_ANGLE_UNIT ( ) );
#6229 = PRESENTATION_STYLE_ASSIGNMENT (( #3580 ) ) ;
#6230 = ORIENTED_EDGE ( 'NONE', *, *, #1528, .F. ) ;
#6231 = CARTESIAN_POINT ( 'NONE',  ( 2.690000000000000391, -3.149999999999999911, 0.2000000000000003997 ) ) ;
#6232 = CARTESIAN_POINT ( 'NONE',  ( -0.1500000000000003275, 3.050000000000000266, -0.2999999999999999334 ) ) ;
#6233 = MECHANICAL_DESIGN_GEOMETRIC_PRESENTATION_REPRESENTATION (  '', ( #6494 ), #2320 ) ;
#6234 = DIRECTION ( 'NONE',  ( 0.000000000000000000, -1.000000000000000000, 0.000000000000000000 ) ) ;
#6235 = ORIENTED_EDGE ( 'NONE', *, *, #2306, .T. ) ;
#6236 = ORIENTED_EDGE ( 'NONE', *, *, #1042, .T. ) ;
#6237 =( NAMED_UNIT ( * ) SI_UNIT ( $, .STERADIAN. ) SOLID_ANGLE_UNIT ( ) );
#6238 = CARTESIAN_POINT ( 'NONE',  ( -0.3379006410256411019, 0.05969551282051283048, 0.7000000000000000666 ) ) ;
#6239 = ORIENTED_EDGE ( 'NONE', *, *, #5948, .T. ) ;
#6240 = ADVANCED_FACE ( 'NONE', ( #3207 ), #3028, .T. ) ;
#6241 =( NAMED_UNIT ( * ) SI_UNIT ( $, .STERADIAN. ) SOLID_ANGLE_UNIT ( ) );
#6242 = VERTEX_POINT ( 'NONE', #6571 ) ;
#6243 = CARTESIAN_POINT ( 'NONE',  ( -1.277565476314040716, 0.3331040074392040418, 0.6999999999999998446 ) ) ;
#6244 = CARTESIAN_POINT ( 'NONE',  ( -1.290910913149264205, 0.3737485229560012501, 0.8000000000000000444 ) ) ;
#6245 = CARTESIAN_POINT ( 'NONE',  ( 2.390000000000000568, -3.850000000000000089, -0.2999999999999998224 ) ) ;
#6246 = LINE ( 'NONE', #722, #1551 ) ;
#6247 = CARTESIAN_POINT ( 'NONE',  ( -1.252564102564102777, 0.05120192307692308237, 0.8000000000000000444 ) ) ;
#6248 = CARTESIAN_POINT ( 'NONE',  ( -2.690000000000000391, 3.049999999999999822, -0.2999999999999999334 ) ) ;
#6249 = CARTESIAN_POINT ( 'NONE',  ( -1.381281207528946897, 0.1519728951469312694, 0.7000000000000005107 ) ) ;
#6250 = PLANE ( 'NONE',  #5508 ) ;
#6251 = B_SPLINE_CURVE_WITH_KNOTS ( 'NONE', 3,
 ( #6331, #1716, #258, #5420, #5460, #193, #4332, #2298, #765, #3353, #4859 ),
 .UNSPECIFIED., .F., .F.,
 ( 4, 1, 1, 1, 1, 1, 1, 1, 4 ),
 ( 0.000000000000000000, 0.08431861695858089423, 0.1792845142139041781, 0.2865825276465601146, 0.4051114834342786075, 0.5355928734189734364, 0.6781902099934136174, 0.8329758397604892783, 1.000000000000000000 ),
 .UNSPECIFIED. ) ;
#6252 = AXIS2_PLACEMENT_3D ( 'NONE', #2854, #4959, #2346 ) ;
#6253 = CARTESIAN_POINT ( 'NONE',  ( -0.5795749543376638169, 0.001966146782577603627, 0.6999999999999999556 ) ) ;
#6254 = UNCERTAINTY_MEASURE_WITH_UNIT (LENGTH_MEASURE( 1.000000000000000082E-05 ), #5176, 'distance_accuracy_value', 'NONE');
#6255 = EDGE_CURVE ( 'NONE', #6068, #5353, #1757, .T. ) ;
#6256 = EDGE_LOOP ( 'NONE', ( #2301, #5041, #3371, #4336 ) ) ;
#6257 = DIRECTION ( 'NONE',  ( 0.000000000000000000, 0.000000000000000000, 1.000000000000000000 ) ) ;
#6258 = CARTESIAN_POINT ( 'NONE',  ( -1.555368589743590269, 0.1692307692307692957, 0.8000000000000000444 ) ) ;
#6259 = CARTESIAN_POINT ( 'NONE',  ( -0.3799241160028677400, 0.02276318310317203275, 0.8000000000000002665 ) ) ;
#6260 =( LENGTH_UNIT ( ) NAMED_UNIT ( * ) SI_UNIT ( .MILLI., .METRE. ) );
#6261 = LINE ( 'NONE', #2456, #6429 ) ;
#6262 = ADVANCED_FACE ( 'NONE', ( #1835 ), #372, .F. ) ;
#6263 = DIRECTION ( 'NONE',  ( 0.6038968352533770068, -0.7970624896273539317, 0.000000000000000000 ) ) ;
#6264 = STYLED_ITEM ( 'NONE', ( #5970 ), #3570 ) ;
#6265 = ORIENTED_EDGE ( 'NONE', *, *, #6514, .F. ) ;
#6266 = SURFACE_STYLE_FILL_AREA ( #1428 ) ;
#6267 = DIRECTION ( 'NONE',  ( 0.000000000000000000, -1.000000000000000000, 0.000000000000000000 ) ) ;
#6268 = CARTESIAN_POINT ( 'NONE',  ( -0.1499999999999995226, -3.850000000000000089, -0.2999999999999998224 ) ) ;
#6269 = LINE ( 'NONE', #123, #5630 ) ;
#6270 = VERTEX_POINT ( 'NONE', #6062 ) ;
#6271 = UNCERTAINTY_MEASURE_WITH_UNIT (LENGTH_MEASURE( 1.000000000000000082E-05 ), #882, 'distance_accuracy_value', 'NONE');
#6272 = CARTESIAN_POINT ( 'NONE',  ( -0.6611852023935999023, 0.05469492132179037264, 0.8000000000000001554 ) ) ;
#6273 = FACE_OUTER_BOUND ( 'NONE', #5676, .T. ) ;
#6274 = DIRECTION ( 'NONE',  ( 0.000000000000000000, 0.000000000000000000, 1.000000000000000000 ) ) ;
#6275 = EDGE_CURVE ( 'NONE', #2752, #5061, #2131, .T. ) ;
#6276 = CARTESIAN_POINT ( 'NONE',  ( -0.5795749543376638169, 0.001966146782577603627, 0.7000000000000000666 ) ) ;
#6277 = AXIS2_PLACEMENT_3D ( 'NONE', #3997, #6594, #5577 ) ;
#6278 = ORIENTED_EDGE ( 'NONE', *, *, #246, .F. ) ;
#6279 = LINE ( 'NONE', #4146, #4662 ) ;
#6280 = EDGE_LOOP ( 'NONE', ( #464, #2705, #3612, #2658, #3894, #3635 ) ) ;
#6281 = CYLINDRICAL_SURFACE ( 'NONE', #2591, 0.2999999999999999334 ) ;
#6282 = PLANE ( 'NONE',  #3103 ) ;
#6283 = CARTESIAN_POINT ( 'NONE',  ( -0.4307213153877917367, -0.0004875322614737636413, 0.8000000000000004885 ) ) ;
#6284 = SURFACE_SIDE_STYLE ('',( #3666 ) ) ;
#6285 = CARTESIAN_POINT ( 'NONE',  ( -0.6031569184685513507, 0.3883461339845254434, 0.7000000000000002887 ) ) ;
#6286 = ORIENTED_EDGE ( 'NONE', *, *, #6161, .F. ) ;
#6287 = LINE ( 'NONE', #1014, #1100 ) ;
#6289 = ADVANCED_FACE ( 'NONE', ( #1590 ), #5346, .T. ) ;
#6288 = ORIENTED_EDGE ( 'NONE', *, *, #3162, .T. ) ;
#6290 = ORIENTED_EDGE ( 'NONE', *, *, #1360, .F. ) ;
#6291 = ORIENTED_EDGE ( 'NONE', *, *, #428, .T. ) ;
#6292 = FILL_AREA_STYLE ('',( #23 ) ) ;
#6293 = EDGE_CURVE ( 'NONE', #92, #1464, #2478, .T. ) ;
#6294 = LINE ( 'NONE', #4098, #236 ) ;
#6295 = CARTESIAN_POINT ( 'NONE',  ( -1.221045050600807036, 0.04491113933348862830, 0.8000000000000001554 ) ) ;
#6296 = PRESENTATION_LAYER_ASSIGNMENT (  '', '', ( #2217 ) ) ;
#6297 = CARTESIAN_POINT ( 'NONE',  ( -0.7948717948717949344, 0.2358974358974359198, 0.8000000000000000444 ) ) ;
#6298 = ORIENTED_EDGE ( 'NONE', *, *, #4619, .T. ) ;
#6299 = CARTESIAN_POINT ( 'NONE',  ( 3.025000000000002132, 1.043175853018396326, 0.000000000000000000 ) ) ;
#6300 = CARTESIAN_POINT ( 'NONE',  ( -0.4775156886684360780, -0.009208156793253022623, 0.7000000000000001776 ) ) ;
#6301 = B_SPLINE_CURVE_WITH_KNOTS ( 'NONE', 3,
 ( #5502, #4512, #4954, #6513, #6007, #2452, #6078, #3513, #2922, #325, #6536, #3470, #3444, #847, #1374 ),
 .UNSPECIFIED., .F., .F.,
 ( 4, 1, 1, 1, 1, 1, 1, 1, 1, 1, 1, 1, 4 ),
 ( 0.000000000000000000, 0.06316325936347014225, 0.1254749410306405799, 0.1871212198160327467, 0.2482943461142985420, 0.3092948562551207092, 0.3698500660670926976, 0.4309733755473816874, 0.4924559896728166741, 0.6161479662918547540, 0.7408436984673625325, 0.8681826486700426893, 1.000000000000000000 ),
 .UNSPECIFIED. ) ;
#6302 = SURFACE_STYLE_FILL_AREA ( #2464 ) ;
#6303 = EDGE_CURVE ( 'NONE', #3795, #5872, #1097, .T. ) ;
#6304 = FILL_AREA_STYLE_COLOUR ( '', #6314 ) ;
#6305 = DIRECTION ( 'NONE',  ( 0.000000000000000000, 0.000000000000000000, 1.000000000000000000 ) ) ;
#6306 = ADVANCED_FACE ( 'NONE', ( #5086 ), #1048, .F. ) ;
#6307 = ORIENTED_EDGE ( 'NONE', *, *, #4053, .T. ) ;
#6308 = STYLED_ITEM ( 'NONE', ( #5082 ), #897 ) ;
#6309 = CARTESIAN_POINT ( 'NONE',  ( -0.5812595195035172857, 0.04708097837694762838, 0.6999999999999998446 ) ) ;
#6310 = EDGE_CURVE ( 'NONE', #483, #1410, #2630, .T. ) ;
#6311 = ORIENTED_EDGE ( 'NONE', *, *, #3162, .F. ) ;
#6312 = STYLED_ITEM ( 'NONE', ( #5774 ), #2565 ) ;
#6313 =( LENGTH_UNIT ( ) NAMED_UNIT ( * ) SI_UNIT ( .MILLI., .METRE. ) );
#6314 = COLOUR_RGB ( '',0.7960784313725489669, 0.8235294117647058432, 0.9372549019607843146 ) ;
#6315 = VERTEX_POINT ( 'NONE', #1692 ) ;
#6316 = CARTESIAN_POINT ( 'NONE',  ( -1.207526304966826114, 0.04346329759767841167, 0.8000000000000000444 ) ) ;
#6317 = ORIENTED_EDGE ( 'NONE', *, *, #2786, .T. ) ;
#6318 = CARTESIAN_POINT ( 'NONE',  ( -1.384543502617771260, 0.1900077815355854238, 0.7000000000000003997 ) ) ;
#6319 = FACE_OUTER_BOUND ( 'NONE', #556, .T. ) ;
#6320 =( LENGTH_UNIT ( ) NAMED_UNIT ( * ) SI_UNIT ( .MILLI., .METRE. ) );
#6321 = STYLED_ITEM ( 'NONE', ( #4086 ), #2225 ) ;
#6322 = CARTESIAN_POINT ( 'NONE',  ( -0.1499999999999996614, -2.850000000000000089, 0.6999999999999999556 ) ) ;
#6323 = DIRECTION ( 'NONE',  ( -1.000000000000000000, 0.000000000000000000, 0.000000000000000000 ) ) ;
#6324 = CARTESIAN_POINT ( 'NONE',  ( -0.2939816681089791883, 0.1431583020180322019, 0.8000000000000000444 ) ) ;
#6325 = PLANE ( 'NONE',  #4817 ) ;
#6326 = CARTESIAN_POINT ( 'NONE',  ( 2.390000000000000568, -3.850000000000000089, 1.626303258728256651E-16 ) ) ;
#6327 =( NAMED_UNIT ( * ) SI_UNIT ( $, .STERADIAN. ) SOLID_ANGLE_UNIT ( ) );
#6328 = CARTESIAN_POINT ( 'NONE',  ( -2.690000000000000391, 3.049999999999999822, -0.09999999999999993616 ) ) ;
#6329 = CARTESIAN_POINT ( 'NONE',  ( -0.4093586238386960896, 0.007107228120340132113, 0.8000000000000002665 ) ) ;
#6330 = FACE_OUTER_BOUND ( 'NONE', #5078, .T. ) ;
#6331 = CARTESIAN_POINT ( 'NONE',  ( -1.243349358974359165, 0.3477564102564102977, 0.6999999999999999556 ) ) ;
#6332 = EDGE_CURVE ( 'NONE', #4758, #2169, #4163, .T. ) ;
#6333 = PLANE ( 'NONE',  #5699 ) ;
#6334 = ADVANCED_FACE ( 'NONE', ( #2471 ), #60, .F. ) ;
#6335 = CARTESIAN_POINT ( 'NONE',  ( -1.475080128205128238, 0.000000000000000000, 0.8000000000000000444 ) ) ;
#6336 = DIRECTION ( 'NONE',  ( -1.164243943608595688E-16, 1.000000000000000000, -4.336808689942017736E-16 ) ) ;
#6337 = CARTESIAN_POINT ( 'NONE',  ( -1.321946417784788830, 0.04137223683696550358, 0.8000000000000002665 ) ) ;
#6338 = CARTESIAN_POINT ( 'NONE',  ( -0.4198692913468239363, 0.003003801063799598804, 0.6999999999999996225 ) ) ;
#6339 = STYLED_ITEM ( 'NONE', ( #1086 ), #6334 ) ;
#6340 = CARTESIAN_POINT ( 'NONE',  ( -3.324999999999999289, 3.425000000000000266, 3.000000000000000000 ) ) ;
#6341 = DIRECTION ( 'NONE',  ( -1.355252715606879803E-16, 1.000000000000000000, 0.000000000000000000 ) ) ;
#6342 = DIRECTION ( 'NONE',  ( 0.000000000000000000, -1.000000000000000000, 0.000000000000000000 ) ) ;
#6343 = EDGE_CURVE ( 'NONE', #309, #4085, #5951, .T. ) ;
#6344 = DIRECTION ( 'NONE',  ( -1.000000000000000000, -1.164243943608595688E-16, 0.000000000000000000 ) ) ;
#6345 = VECTOR ( 'NONE', #3138, 1000.000000000000000 ) ;
#6346 = CARTESIAN_POINT ( 'NONE',  ( -0.5435282792554941844, 0.03456031093075295074, 0.7000000000000000666 ) ) ;
#6347 = CARTESIAN_POINT ( 'NONE',  ( -0.4534283507634817578, -0.005929314739086059480, 0.7000000000000011768 ) ) ;
#6348 = DIRECTION ( 'NONE',  ( 1.164243943608595441E-16, -1.000000000000000000, 0.000000000000000000 ) ) ;
#6349 = VECTOR ( 'NONE', #6402, 1000.000000000000000 ) ;
#6350 = CARTESIAN_POINT ( 'NONE',  ( -0.6769230769230770717, 0.3266025641025641635, 0.7000000000000003997 ) ) ;
#6351 = ORIENTED_EDGE ( 'NONE', *, *, #753, .F. ) ;
#6352 = LINE ( 'NONE', #758, #1987 ) ;
#6353 = ADVANCED_FACE ( 'NONE', ( #1180 ), #1049, .T. ) ;
#6354 = SURFACE_STYLE_FILL_AREA ( #511 ) ;
#6355 = CARTESIAN_POINT ( 'NONE',  ( -0.4421510859758508993, 0.3604506074105589541, 0.7000000000000007327 ) ) ;
#6356 =( GEOMETRIC_REPRESENTATION_CONTEXT ( 3 ) GLOBAL_UNCERTAINTY_ASSIGNED_CONTEXT ( ( #2874 ) ) GLOBAL_UNIT_ASSIGNED_CONTEXT ( ( #5342, #167, #3785 ) ) REPRESENTATION_CONTEXT ( 'NONE', 'WORKASPACE' ) );
#6357 = MECHANICAL_DESIGN_GEOMETRIC_PRESENTATION_REPRESENTATION (  '', ( #3822 ), #2200 ) ;
#6358 = COLOUR_RGB ( '',0.1803921568627450955, 0.1803921568627450955, 0.1803921568627450955 ) ;
#6359 = CARTESIAN_POINT ( 'NONE',  ( -2.389999999999999680, -3.850000000000000533, 1.626303258728256651E-16 ) ) ;
#6360 = LINE ( 'NONE', #5903, #4989 ) ;
#6361 = VECTOR ( 'NONE', #3049, 1000.000000000000000 ) ;
#6362 = VERTEX_POINT ( 'NONE', #4268 ) ;
#6363 = CARTESIAN_POINT ( 'NONE',  ( -1.325350379919869370, 0.3484990014790579904, 0.7999999999999999334 ) ) ;
#6364 = FACE_BOUND ( 'NONE', #223, .T. ) ;
#6365 = CARTESIAN_POINT ( 'NONE',  ( -0.3654633114342003553, 0.3122115818495883044, 0.8000000000000002665 ) ) ;
#6366 =( NAMED_UNIT ( * ) PLANE_ANGLE_UNIT ( ) SI_UNIT ( $, .RADIAN. ) );
#6367 = ORIENTED_EDGE ( 'NONE', *, *, #4221, .F. ) ;
#6368 = DIRECTION ( 'NONE',  ( 1.000000000000000000, 1.164243943608595441E-16, -0.000000000000000000 ) ) ;
#6369 = VERTEX_POINT ( 'NONE', #5901 ) ;
#6370 = ADVANCED_FACE ( 'NONE', ( #1577 ), #2171, .F. ) ;
#6371 =( NAMED_UNIT ( * ) PLANE_ANGLE_UNIT ( ) SI_UNIT ( $, .RADIAN. ) );
#6372 = CIRCLE ( 'NONE', #1900, 0.2999999999999999334 ) ;
#6373 = VERTEX_POINT ( 'NONE', #234 ) ;
#6374 = CARTESIAN_POINT ( 'NONE',  ( -2.043570218841597175, -2.731627296587916032, 3.000000000000000000 ) ) ;
#6375 = CARTESIAN_POINT ( 'NONE',  ( 0.1499999999999996336, 3.050000000000000266, -0.2999999999999999334 ) ) ;
#6376 = EDGE_LOOP ( 'NONE', ( #4107, #4019, #2153, #6641 ) ) ;
#6377 = CYLINDRICAL_SURFACE ( 'NONE', #2280, 0.2999999999999999334 ) ;
#6378 = CARTESIAN_POINT ( 'NONE',  ( -0.6695872434478282731, 0.3362808396652526288, 0.7000000000000001776 ) ) ;
#6379 = ORIENTED_EDGE ( 'NONE', *, *, #1708, .T. ) ;
#6380 = PRESENTATION_STYLE_ASSIGNMENT (( #350 ) ) ;
#6381 = CARTESIAN_POINT ( 'NONE',  ( 0.1500000000000002720, -2.849999999999998757, 0.6999999999999999556 ) ) ;
#6382 = CARTESIAN_POINT ( 'NONE',  ( -3.024999999999998579, 3.725000000000000089, 0.6999999999999999556 ) ) ;
#6383 = VECTOR ( 'NONE', #1024, 1000.000000000000000 ) ;
#6384 = LINE ( 'NONE', #4021, #2176 ) ;
#6385 = CARTESIAN_POINT ( 'NONE',  ( -0.3654633114342003553, 0.3122115818495883044, 0.8000000000000002665 ) ) ;
#6386 = EDGE_CURVE ( 'NONE', #2745, #739, #5160, .T. ) ;
#6387 =( LENGTH_UNIT ( ) NAMED_UNIT ( * ) SI_UNIT ( .MILLI., .METRE. ) );
#6388 = SURFACE_STYLE_FILL_AREA ( #1233 ) ;
#6389 = EDGE_LOOP ( 'NONE', ( #1493, #2459, #6483, #1686 ) ) ;
#6390 = AXIS2_PLACEMENT_3D ( 'NONE', #4153, #4248, #4717 ) ;
#6391 = CARTESIAN_POINT ( 'NONE',  ( -1.230159136397883213, 0.002850995974456670568, 0.8000000000000000444 ) ) ;
#6392 = CARTESIAN_POINT ( 'NONE',  ( 2.390000000000000568, -3.149999999999999911, 0.6999999999999998446 ) ) ;
#6393 = CARTESIAN_POINT ( 'NONE',  ( -0.3799241160028677400, 0.02276318310317203275, 0.7000000000000001776 ) ) ;
#6394 = EDGE_CURVE ( 'NONE', #101, #2921, #4660, .T. ) ;
#6395 = DIRECTION ( 'NONE',  ( -6.018531076210113136E-32, 5.421010862427523156E-16, -1.000000000000000000 ) ) ;
#6396 = VECTOR ( 'NONE', #6652, 1000.000000000000000 ) ;
#6397 = PLANE ( 'NONE',  #4719 ) ;
#6398 = ORIENTED_EDGE ( 'NONE', *, *, #3257, .T. ) ;
#6399 = CARTESIAN_POINT ( 'NONE',  ( -1.157776830439176230, 0.3998517013800071962, 0.8000000000000000444 ) ) ;
#6400 = VERTEX_POINT ( 'NONE', #2262 ) ;
#6401 =( GEOMETRIC_REPRESENTATION_CONTEXT ( 3 ) GLOBAL_UNCERTAINTY_ASSIGNED_CONTEXT ( ( #5016 ) ) GLOBAL_UNIT_ASSIGNED_CONTEXT ( ( #2575, #5205, #520 ) ) REPRESENTATION_CONTEXT ( 'NONE', 'WORKASPACE' ) );
#6402 = DIRECTION ( 'NONE',  ( 0.000000000000000000, -1.000000000000000000, 0.000000000000000000 ) ) ;
#6403 = VERTEX_POINT ( 'NONE', #3333 ) ;
#6404 = COLOUR_RGB ( '',0.1803921568627450955, 0.1803921568627450955, 0.1803921568627450955 ) ;
#6405 = DIRECTION ( 'NONE',  ( -1.000000000000000000, -1.164243943608595441E-16, 0.000000000000000000 ) ) ;
#6406 = DIRECTION ( 'NONE',  ( 1.000000000000000000, 1.164243943608595441E-16, -0.000000000000000000 ) ) ;
#6407 = CARTESIAN_POINT ( 'NONE',  ( -0.3340166903126438047, 0.3351732904708904504, 0.8000000000000000444 ) ) ;
#6408 = ORIENTED_EDGE ( 'NONE', *, *, #1143, .T. ) ;
#6409 = CARTESIAN_POINT ( 'NONE',  ( -0.4646990202338958653, 0.3661760865306679102, 0.7000000000000000666 ) ) ;
#6410 =( GEOMETRIC_REPRESENTATION_CONTEXT ( 3 ) GLOBAL_UNCERTAINTY_ASSIGNED_CONTEXT ( ( #666 ) ) GLOBAL_UNIT_ASSIGNED_CONTEXT ( ( #3143, #1132, #1072 ) ) REPRESENTATION_CONTEXT ( 'NONE', 'WORKASPACE' ) );
#6411 = CARTESIAN_POINT ( 'NONE',  ( -1.233011193444533582, 0.04652541393320326624, 0.6999999999999999556 ) ) ;
#6412 = VERTEX_POINT ( 'NONE', #1786 ) ;
#6413 = ADVANCED_FACE ( 'NONE', ( #5874 ), #1281, .F. ) ;
#6414 = CARTESIAN_POINT ( 'NONE',  ( -1.208124861819156903, 0.3547054447677717159, 0.7999999999999998224 ) ) ;
#6415 = CARTESIAN_POINT ( 'NONE',  ( 3.325000000000001954, -3.425000000000000266, 2.700000000000000178 ) ) ;
#6416 = UNCERTAINTY_MEASURE_WITH_UNIT (LENGTH_MEASURE( 1.000000000000000082E-05 ), #108, 'distance_accuracy_value', 'NONE');
#6417 = CARTESIAN_POINT ( 'NONE',  ( -1.352839627527731459, 0.3149309541847812866, 0.8000000000000002665 ) ) ;
#6418 = CARTESIAN_POINT ( 'NONE',  ( -3.024999999999998579, -3.725000000000000089, 0.6999999999999999556 ) ) ;
#6419 = COLOUR_RGB ( '',0.1803921568627450955, 0.1803921568627450955, 0.1803921568627450955 ) ;
#6420 =( NAMED_UNIT ( * ) PLANE_ANGLE_UNIT ( ) SI_UNIT ( $, .RADIAN. ) );
#6421 = CARTESIAN_POINT ( 'NONE',  ( -0.1499999999999996059, -3.350000000000000089, 3.794707603699265519E-16 ) ) ;
#6422 = CARTESIAN_POINT ( 'NONE',  ( -1.195536397286891983, 0.3981360605812377940, 0.6999999999999999556 ) ) ;
#6423 = CARTESIAN_POINT ( 'NONE',  ( -0.4800214309976627014, 0.4097091478659776187, 0.8000000000000001554 ) ) ;
#6424 = CARTESIAN_POINT ( 'NONE',  ( -0.3457273404474578982, 0.2856367335450530343, 0.6999999999999999556 ) ) ;
#6425 = EDGE_CURVE ( 'NONE', #2165, #6147, #4014, .T. ) ;
#6426 = CARTESIAN_POINT ( 'NONE',  ( -0.5001602564102564097, 0.3692307692307692513, 0.7000000000000007327 ) ) ;
#6427 = FILL_AREA_STYLE_COLOUR ( '', #4393 ) ;
#6428 = EDGE_CURVE ( 'NONE', #5701, #2752, #3167, .T. ) ;
#6429 = VECTOR ( 'NONE', #3479, 1000.000000000000000 ) ;
#6430 = CARTESIAN_POINT ( 'NONE',  ( -0.3457273404474578982, 0.2856367335450530343, 0.8000000000000000444 ) ) ;
#6431 = CARTESIAN_POINT ( 'NONE',  ( -1.256215343944339535, 0.05248781544752136735, 0.6999999999999999556 ) ) ;
#6432 = VECTOR ( 'NONE', #4573, 1000.000000000000000 ) ;
#6433 = ORIENTED_EDGE ( 'NONE', *, *, #6558, .F. ) ;
#6434 = MECHANICAL_DESIGN_GEOMETRIC_PRESENTATION_REPRESENTATION (  '', ( #5953 ), #6172 ) ;
#6435 = CIRCLE ( 'NONE', #4532, 0.2999999999999999334 ) ;
#6436 = CARTESIAN_POINT ( 'NONE',  ( -1.092307692307692424, 0.04102564102564103254, 0.8000000000000000444 ) ) ;
#6437 = CARTESIAN_POINT ( 'NONE',  ( -1.384615384615384803, 0.1949519230769231060, 0.8000000000000000444 ) ) ;
#6438 = ORIENTED_EDGE ( 'NONE', *, *, #6088, .T. ) ;
#6439 = EDGE_CURVE ( 'NONE', #3330, #5575, #458, .T. ) ;
#6440 = COLOUR_RGB ( '',0.7960784313725489669, 0.8235294117647058432, 0.9372549019607843146 ) ;
#6441 = CARTESIAN_POINT ( 'NONE',  ( -3.324999999999998845, 1.343175853018395260, 0.2999999999999999889 ) ) ;
#6442 = ORIENTED_EDGE ( 'NONE', *, *, #4006, .F. ) ;
#6443 = CARTESIAN_POINT ( 'NONE',  ( -0.6141188099131608125, 0.3825785063951715470, 0.7000000000000000666 ) ) ;
#6444 = SURFACE_SIDE_STYLE ('',( #1419 ) ) ;
#6445 = CARTESIAN_POINT ( 'NONE',  ( -1.056410256410256654, 0.4000000000000000222, 0.8000000000000000444 ) ) ;
#6446 = ORIENTED_EDGE ( 'NONE', *, *, #1236, .F. ) ;
#6447 = EDGE_LOOP ( 'NONE', ( #6029, #4478, #4424, #5746 ) ) ;
#6448 = VECTOR ( 'NONE', #161, 1000.000000000000000 ) ;
#6449 = CARTESIAN_POINT ( 'NONE',  ( -0.7589743589743590535, 0.4000000000000000222, 0.8000000000000000444 ) ) ;
#6450 = PRESENTATION_LAYER_ASSIGNMENT (  '', '', ( #1114 ) ) ;
#6451 = CARTESIAN_POINT ( 'NONE',  ( -2.690000000000000391, 3.049999999999999822, -0.09999999999999993616 ) ) ;
#6452 = VECTOR ( 'NONE', #2596, 1000.000000000000000 ) ;
#6453 = EDGE_LOOP ( 'NONE', ( #3706, #4165, #869, #1776 ) ) ;
#6454 = LINE ( 'NONE', #4962, #1345 ) ;
#6455 = SURFACE_STYLE_FILL_AREA ( #1033 ) ;
#6456 = VERTEX_POINT ( 'NONE', #365 ) ;
#6457 = CARTESIAN_POINT ( 'NONE',  ( -2.689999999999999503, -3.050000000000000711, -0.2999999999999999334 ) ) ;
#6458 = ORIENTED_EDGE ( 'NONE', *, *, #5312, .F. ) ;
#6459 = EDGE_LOOP ( 'NONE', ( #4425, #4362, #3680, #4365 ) ) ;
#6460 = FILL_AREA_STYLE ('',( #2878 ) ) ;
#6461 = ORIENTED_EDGE ( 'NONE', *, *, #2388, .T. ) ;
#6462 = VERTEX_POINT ( 'NONE', #2864 ) ;
#6463 = VECTOR ( 'NONE', #6501, 1000.000000000000000 ) ;
#6464 = CARTESIAN_POINT ( 'NONE',  ( -1.144204514403069028, 0.3999494205718896467, 0.8000000000000001554 ) ) ;
#6465 =( LENGTH_UNIT ( ) NAMED_UNIT ( * ) SI_UNIT ( .MILLI., .METRE. ) );
#6466 = EDGE_CURVE ( 'NONE', #6456, #299, #5394, .T. ) ;
#6467 = CARTESIAN_POINT ( 'NONE',  ( -1.177389072080943899, 0.3574649145608261858, 0.7999999999999999334 ) ) ;
#6468 = CARTESIAN_POINT ( 'NONE',  ( -0.7948717948717949344, 0.3589743589743589758, 0.6999999999999999556 ) ) ;
#6469 =( NAMED_UNIT ( * ) PLANE_ANGLE_UNIT ( ) SI_UNIT ( $, .RADIAN. ) );
#6470 = ORIENTED_EDGE ( 'NONE', *, *, #6613, .T. ) ;
#6471 = CARTESIAN_POINT ( 'NONE',  ( -0.4533034240946238191, 0.3636474781622735519, 0.6999999999999999556 ) ) ;
#6472 = UNCERTAINTY_MEASURE_WITH_UNIT (LENGTH_MEASURE( 1.000000000000000082E-05 ), #4819, 'distance_accuracy_value', 'NONE');
#6473 = CARTESIAN_POINT ( 'NONE',  ( -0.2876122053024021130, 0.1820112684880759724, 0.7000000000000000666 ) ) ;
#6474 = ORIENTED_EDGE ( 'NONE', *, *, #5818, .T. ) ;
#6475 = CARTESIAN_POINT ( 'NONE',  ( -0.3244131509957871029, 0.2228251130048951589, 0.7999999999999999334 ) ) ;
#6476 = CARTESIAN_POINT ( 'NONE',  ( -0.5628237953273550476, 0.03977835868332680463, 0.6999999999999999556 ) ) ;
#6477 = FILL_AREA_STYLE ('',( #1267 ) ) ;
#6478 = ORIENTED_EDGE ( 'NONE', *, *, #1917, .F. ) ;
#6479 = AXIS2_PLACEMENT_3D ( 'NONE', #52, #6704, #503 ) ;
#6480 = STYLED_ITEM ( 'NONE', ( #2647 ), #176 ) ;
#6481 = SURFACE_STYLE_FILL_AREA ( #4069 ) ;
#6482 = CARTESIAN_POINT ( 'NONE',  ( -0.3232144685735802714, 0.2113241210509241574, 0.7999999999999998224 ) ) ;
#6483 = ORIENTED_EDGE ( 'NONE', *, *, #6106, .T. ) ;
#6484 = DIRECTION ( 'NONE',  ( 1.000000000000000000, 0.000000000000000000, 0.000000000000000000 ) ) ;
#6485 = EDGE_CURVE ( 'NONE', #6373, #5173, #3500, .T. ) ;
#6486 = ORIENTED_EDGE ( 'NONE', *, *, #2490, .F. ) ;
#6487 = CARTESIAN_POINT ( 'NONE',  ( 3.325000000000001954, -3.425000000000000266, 3.000000000000000000 ) ) ;
#6488 = CARTESIAN_POINT ( 'NONE',  ( -1.374944440526174594, 0.1254661616694129345, 0.6999999999999999556 ) ) ;
#6489 =( NAMED_UNIT ( * ) PLANE_ANGLE_UNIT ( ) SI_UNIT ( $, .RADIAN. ) );
#6490 = CARTESIAN_POINT ( 'NONE',  ( 2.690000000000000391, -3.149999999999999911, 0.6999999999999998446 ) ) ;
#6491 = CARTESIAN_POINT ( 'NONE',  ( 2.690000000000000391, -3.850000000000000089, -0.2999999999999998224 ) ) ;
#6492 = PRESENTATION_STYLE_ASSIGNMENT (( #3461 ) ) ;
#6493 = CARTESIAN_POINT ( 'NONE',  ( 2.689999999999999503, 3.850000000000000089, -0.2999999999999998224 ) ) ;
#6494 = STYLED_ITEM ( 'NONE', ( #1740 ), #1104 ) ;
#6495 = PRESENTATION_LAYER_ASSIGNMENT (  '', '', ( #3822 ) ) ;
#6496 = CARTESIAN_POINT ( 'NONE',  ( 0.1499999999999996336, 3.050000000000000266, -0.2999999999999999334 ) ) ;
#6497 = CARTESIAN_POINT ( 'NONE',  ( -0.3893673654198945289, 0.01697096999902510811, 0.7999999999999999334 ) ) ;
#6498 = PRESENTATION_STYLE_ASSIGNMENT (( #626 ) ) ;
#6499 = CARTESIAN_POINT ( 'NONE',  ( -0.5987834790697843523, 0.05657415413726004511, 0.6999999999999998446 ) ) ;
#6500 = CARTESIAN_POINT ( 'NONE',  ( -1.186273248311657591, 4.919957536582759457E-05, 0.6999999999999998446 ) ) ;
#6501 = DIRECTION ( 'NONE',  ( -1.000000000000000000, 0.000000000000000000, 0.000000000000000000 ) ) ;
#6502 = EDGE_CURVE ( 'NONE', #2136, #2552, #528, .T. ) ;
#6503 = CARTESIAN_POINT ( 'NONE',  ( -0.7948717948717949344, 0.2358974358974359198, 0.8000000000000000444 ) ) ;
#6504 = AXIS2_PLACEMENT_3D ( 'NONE', #448, #1466, #5119 ) ;
#6505 = UNCERTAINTY_MEASURE_WITH_UNIT (LENGTH_MEASURE( 1.000000000000000082E-05 ), #6320, 'distance_accuracy_value', 'NONE');
#6506 = CARTESIAN_POINT ( 'NONE',  ( -1.348644456698963712, 0.1905954247745671182, 0.7000000000000001776 ) ) ;
#6507 = ADVANCED_FACE ( 'NONE', ( #4243 ), #2920, .T. ) ;
#6508 =( NAMED_UNIT ( * ) PLANE_ANGLE_UNIT ( ) SI_UNIT ( $, .RADIAN. ) );
#6509 = DIRECTION ( 'NONE',  ( 0.000000000000000000, 1.000000000000000000, 0.000000000000000000 ) ) ;
#6510 = PRESENTATION_STYLE_ASSIGNMENT (( #1122 ) ) ;
#6511 = CARTESIAN_POINT ( 'NONE',  ( 0.1500000000000003553, -3.149999999999999911, 0.2000000000000003997 ) ) ;
#6512 = CARTESIAN_POINT ( 'NONE',  ( -0.3869585997044107106, 0.06761187549697660060, 0.6999999999999999556 ) ) ;
#6513 = CARTESIAN_POINT ( 'NONE',  ( -0.6316599590608166226, 0.3179883802817414229, 0.6999999999999999556 ) ) ;
#6514 = EDGE_CURVE ( 'NONE', #2344, #6113, #4486, .T. ) ;
#6515 =( NAMED_UNIT ( * ) SI_UNIT ( $, .STERADIAN. ) SOLID_ANGLE_UNIT ( ) );
#6516 = CARTESIAN_POINT ( 'NONE',  ( -0.3799241160028677400, 0.02276318310317203275, 0.8000000000000002665 ) ) ;
#6517 = DIRECTION ( 'NONE',  ( -1.000000000000000000, -1.164243943608595441E-16, 0.000000000000000000 ) ) ;
#6518 = LINE ( 'NONE', #2338, #1822 ) ;
#6519 = ORIENTED_EDGE ( 'NONE', *, *, #5468, .T. ) ;
#6520 = FACE_OUTER_BOUND ( 'NONE', #5357, .T. ) ;
#6521 = CARTESIAN_POINT ( 'NONE',  ( -2.690000000000000391, 2.849999999999999201, -0.09999999999999996392 ) ) ;
#6522 = CARTESIAN_POINT ( 'NONE',  ( -1.214451826017967306, 0.001236551124432138217, 0.7000000000000005107 ) ) ;
#6523 = STYLED_ITEM ( 'NONE', ( #5799 ), #533 ) ;
#6524 = LINE ( 'NONE', #142, #1414 ) ;
#6525 = ORIENTED_EDGE ( 'NONE', *, *, #1228, .F. ) ;
#6526 = UNCERTAINTY_MEASURE_WITH_UNIT (LENGTH_MEASURE( 1.000000000000000082E-05 ), #910, 'distance_accuracy_value', 'NONE');
#6527 = CARTESIAN_POINT ( 'NONE',  ( -2.689999999999999503, -3.850000000000000533, -0.2999999999999998224 ) ) ;
#6528 = CARTESIAN_POINT ( 'NONE',  ( -1.303176668916880887, 0.3662955970417894336, 0.6999999999999998446 ) ) ;
#6529 = CARTESIAN_POINT ( 'NONE',  ( -0.6316599590608166226, 0.3179883802817414229, 0.6999999999999998446 ) ) ;
#6530 =( GEOMETRIC_REPRESENTATION_CONTEXT ( 3 ) GLOBAL_UNCERTAINTY_ASSIGNED_CONTEXT ( ( #6019 ) ) GLOBAL_UNIT_ASSIGNED_CONTEXT ( ( #6387, #4812, #1204 ) ) REPRESENTATION_CONTEXT ( 'NONE', 'WORKASPACE' ) );
#6531 = ORIENTED_EDGE ( 'NONE', *, *, #4123, .F. ) ;
#6532 = VECTOR ( 'NONE', #1860, 999.9999999999998863 ) ;
#6533 = DIRECTION ( 'NONE',  ( 0.000000000000000000, 0.000000000000000000, 1.000000000000000000 ) ) ;
#6534 = EDGE_LOOP ( 'NONE', ( #2646, #4787, #1087, #4166 ) ) ;
#6535 = CARTESIAN_POINT ( 'NONE',  ( -0.5233719333879169877, 0.03134211103099672491, 0.7999999999999998224 ) ) ;
#6536 = CARTESIAN_POINT ( 'NONE',  ( -0.5628098664439719068, 0.3600994532874552401, 0.7000000000000001776 ) ) ;
#6537 = CYLINDRICAL_SURFACE ( 'NONE', #1467, 0.2999999999999999334 ) ;
#6538 = ORIENTED_EDGE ( 'NONE', *, *, #5938, .F. ) ;
#6539 = LINE ( 'NONE', #1306, #2724 ) ;
#6540 = CARTESIAN_POINT ( 'NONE',  ( 2.389999999999999680, 3.350000000000000089, 0.2000000000000003997 ) ) ;
#6541 = VECTOR ( 'NONE', #1288, 1000.000000000000000 ) ;
#6542 = ORIENTED_EDGE ( 'NONE', *, *, #1208, .T. ) ;
#6543 = LINE ( 'NONE', #2712, #3802 ) ;
#6544 = ORIENTED_EDGE ( 'NONE', *, *, #3084, .T. ) ;
#6545 = CARTESIAN_POINT ( 'NONE',  ( -0.3232144685735802714, 0.2113241210509241574, 0.7999999999999998224 ) ) ;
#6546 = AXIS2_PLACEMENT_3D ( 'NONE', #3087, #6234, #8 ) ;
#6547 = AXIS2_PLACEMENT_3D ( 'NONE', #745, #3896, #5383 ) ;
#6548 = DIRECTION ( 'NONE',  ( 1.000000000000000000, 0.000000000000000000, 0.000000000000000000 ) ) ;
#6549 = DIRECTION ( 'NONE',  ( 1.000000000000000000, 1.164243943608595441E-16, -0.000000000000000000 ) ) ;
#6550 = LINE ( 'NONE', #362, #6137 ) ;
#6551 = FACE_OUTER_BOUND ( 'NONE', #654, .T. ) ;
#6552 = CARTESIAN_POINT ( 'NONE',  ( -1.475080128205128238, 0.000000000000000000, 0.6999999999999999556 ) ) ;
#6553 = CARTESIAN_POINT ( 'NONE',  ( 3.025000000000001243, 3.425000000000000266, 0.7000000000000000666 ) ) ;
#6554 = VECTOR ( 'NONE', #4228, 1000.000000000000000 ) ;
#6555 = CARTESIAN_POINT ( 'NONE',  ( -0.6025170169367060069, 0.01149426276160554934, 0.7999999999999999334 ) ) ;
#6556 =( LENGTH_UNIT ( ) NAMED_UNIT ( * ) SI_UNIT ( .MILLI., .METRE. ) );
#6557 = DIRECTION ( 'NONE',  ( -0.9080590238365493505, 0.4188422247446084157, 0.000000000000000000 ) ) ;
#6558 = EDGE_CURVE ( 'NONE', #3291, #1197, #1570, .T. ) ;
#6559 = CARTESIAN_POINT ( 'NONE',  ( -0.6316599590608166226, 0.3179883802817414229, 0.8000000000000000444 ) ) ;
#6560 = FACE_OUTER_BOUND ( 'NONE', #2807, .T. ) ;
#6561 = CARTESIAN_POINT ( 'NONE',  ( -2.690000000000000391, 3.149999999999999467, 0.2000000000000003997 ) ) ;
#6562 = ORIENTED_EDGE ( 'NONE', *, *, #1645, .T. ) ;
#6563 = DIRECTION ( 'NONE',  ( -1.164243943608595688E-16, 1.000000000000000000, 3.614007241618349264E-16 ) ) ;
#6564 = SURFACE_SIDE_STYLE ('',( #3827 ) ) ;
#6565 = ORIENTED_EDGE ( 'NONE', *, *, #2215, .T. ) ;
#6566 = EDGE_CURVE ( 'NONE', #2753, #3849, #6081, .T. ) ;
#6567 = VERTEX_POINT ( 'NONE', #846 ) ;
#6568 = VECTOR ( 'NONE', #4551, 1000.000000000000000 ) ;
#6569 = EDGE_LOOP ( 'NONE', ( #2584, #5417, #4846, #706 ) ) ;
#6570 = DIRECTION ( 'NONE',  ( 1.000000000000000000, 0.000000000000000000, 0.000000000000000000 ) ) ;
#6571 = CARTESIAN_POINT ( 'NONE',  ( -0.9846153846153847811, 0.2358974358974359198, 0.6999999999999999556 ) ) ;
#6572 = MECHANICAL_DESIGN_GEOMETRIC_PRESENTATION_REPRESENTATION (  '', ( #4558 ), #423 ) ;
#6573 = EDGE_LOOP ( 'NONE', ( #157, #6478, #3003, #5547 ) ) ;
#6574 = AXIS2_PLACEMENT_3D ( 'NONE', #3592, #6177, #6670 ) ;
#6575 = CARTESIAN_POINT ( 'NONE',  ( -1.240916132050739806, 0.3921220075412049089, 0.6999999999999998446 ) ) ;
#6576 = CARTESIAN_POINT ( 'NONE',  ( -1.359441637551695337, 0.08916975828813994420, 0.8000000000000000444 ) ) ;
#6577 = CARTESIAN_POINT ( 'NONE',  ( -0.9846153846153847811, 0.2358974358974359198, 0.8000000000000000444 ) ) ;
#6578 = EDGE_CURVE ( 'NONE', #936, #1521, #53, .T. ) ;
#6579 = CARTESIAN_POINT ( 'NONE',  ( -2.389999999999999680, -3.150000000000000355, 0.6999999999999998446 ) ) ;
#6580 = DIRECTION ( 'NONE',  ( 1.164243943608595441E-16, -1.000000000000000000, 0.000000000000000000 ) ) ;
#6581 = CARTESIAN_POINT ( 'NONE',  ( -1.698317307692307709, 0.1692307692307692679, 0.8000000000000000444 ) ) ;
#6582 = CARTESIAN_POINT ( 'NONE',  ( -1.325350379919869370, 0.3484990014790579904, 0.6999999999999998446 ) ) ;
#6583 = CARTESIAN_POINT ( 'NONE',  ( -0.5001602564102564097, 0.3692307692307692513, 0.8000000000000000444 ) ) ;
#6584 = CARTESIAN_POINT ( 'NONE',  ( -0.6154230973908146884, 0.06808248298382128805, 0.8000000000000002665 ) ) ;
#6585 = FILL_AREA_STYLE ('',( #5477 ) ) ;
#6586 = CARTESIAN_POINT ( 'NONE',  ( -0.3230769230769230949, 0.1995993589743589869, 0.6999999999999999556 ) ) ;
#6587 = AXIS2_PLACEMENT_3D ( 'NONE', #1191, #6344, #2206 ) ;
#6588 = DIRECTION ( 'NONE',  ( 1.164243943608595441E-16, -1.000000000000000000, 0.000000000000000000 ) ) ;
#6589 = CARTESIAN_POINT ( 'NONE',  ( -0.9846153846153847811, 0.4000000000000000222, 0.6999999999999999556 ) ) ;
#6590 = FILL_AREA_STYLE ('',( #5105 ) ) ;
#6591 = LINE ( 'NONE', #2499, #3711 ) ;
#6592 = CARTESIAN_POINT ( 'NONE',  ( -1.227298005409125148, 0.3945791966091301006, 0.8000000000000000444 ) ) ;
#6593 = CARTESIAN_POINT ( 'NONE',  ( -0.7948717948717949344, 0.04102564102564103254, 0.8000000000000000444 ) ) ;
#6594 = DIRECTION ( 'NONE',  ( 1.000000000000000000, 1.164243943608595441E-16, -0.000000000000000000 ) ) ;
#6595 =( LENGTH_UNIT ( ) NAMED_UNIT ( * ) SI_UNIT ( .MILLI., .METRE. ) );
#6596 = SURFACE_STYLE_FILL_AREA ( #3993 ) ;
#6597 = FILL_AREA_STYLE_COLOUR ( '', #1470 ) ;
#6598 = CARTESIAN_POINT ( 'NONE',  ( -2.389999999999999680, -3.150000000000000355, 0.2000000000000003997 ) ) ;
#6599 = PLANE ( 'NONE',  #5788 ) ;
#6600 = VERTEX_POINT ( 'NONE', #5524 ) ;
#6601 = SURFACE_STYLE_FILL_AREA ( #3014 ) ;
#6602 =( LENGTH_UNIT ( ) NAMED_UNIT ( * ) SI_UNIT ( .MILLI., .METRE. ) );
#6603 =( LENGTH_UNIT ( ) NAMED_UNIT ( * ) SI_UNIT ( .MILLI., .METRE. ) );
#6604 = VECTOR ( 'NONE', #2766, 1000.000000000000000 ) ;
#6605 = DIRECTION ( 'NONE',  ( 0.000000000000000000, 0.000000000000000000, 1.000000000000000000 ) ) ;
#6606 = VECTOR ( 'NONE', #727, 1000.000000000000000 ) ;
#6607 = CARTESIAN_POINT ( 'NONE',  ( -0.05128205128205123864, 0.000000000000000000, 0.6999999999999999556 ) ) ;
#6608 = LINE ( 'NONE', #3739, #3610 ) ;
#6609 = EDGE_LOOP ( 'NONE', ( #2360, #6035, #1117, #2009 ) ) ;
#6610 = STYLED_ITEM ( 'NONE', ( #4756 ), #6166 ) ;
#6611 = CARTESIAN_POINT ( 'NONE',  ( -1.341917811930005699, 0.2478088748085149895, 0.6999999999999999556 ) ) ;
#6612 = CARTESIAN_POINT ( 'NONE',  ( -3.024999999999998579, 1.043175853018395882, 0.000000000000000000 ) ) ;
#6613 = EDGE_CURVE ( 'NONE', #3490, #6270, #3782, .T. ) ;
#6614 = ORIENTED_EDGE ( 'NONE', *, *, #6394, .F. ) ;
#6615 = ORIENTED_EDGE ( 'NONE', *, *, #1096, .T. ) ;
#6616 = LINE ( 'NONE', #4305, #5878 ) ;
#6617 = UNCERTAINTY_MEASURE_WITH_UNIT (LENGTH_MEASURE( 1.000000000000000082E-05 ), #6603, 'distance_accuracy_value', 'NONE');
#6618 =( NAMED_UNIT ( * ) SI_UNIT ( $, .STERADIAN. ) SOLID_ANGLE_UNIT ( ) );
#6619 = SURFACE_STYLE_FILL_AREA ( #457 ) ;
#6620 = CARTESIAN_POINT ( 'NONE',  ( -3.324999999999999289, 3.425000000000000266, 3.000000000000000000 ) ) ;
#6621 = ORIENTED_EDGE ( 'NONE', *, *, #1928, .T. ) ;
#6622 = VECTOR ( 'NONE', #3922, 1000.000000000000000 ) ;
#6623 = DIRECTION ( 'NONE',  ( 0.000000000000000000, 0.000000000000000000, 1.000000000000000000 ) ) ;
#6624 = ORIENTED_EDGE ( 'NONE', *, *, #4676, .T. ) ;
#6625 = ORIENTED_EDGE ( 'NONE', *, *, #2144, .T. ) ;
#6626 = FACE_OUTER_BOUND ( 'NONE', #6534, .T. ) ;
#6627 = VECTOR ( 'NONE', #5174, 1000.000000000000000 ) ;
#6628 = DIRECTION ( 'NONE',  ( -1.164243943608595441E-16, 1.000000000000000000, 0.000000000000000000 ) ) ;
#6629 = LINE ( 'NONE', #2860, #2726 ) ;
#6630 = EDGE_LOOP ( 'NONE', ( #4873, #742, #2068, #2023 ) ) ;
#6631 = VECTOR ( 'NONE', #3828, 1000.000000000000000 ) ;
#6632 = CARTESIAN_POINT ( 'NONE',  ( -1.277565476314040716, 0.3331040074392040418, 0.7999999999999999334 ) ) ;
#6633 = FACE_OUTER_BOUND ( 'NONE', #5407, .T. ) ;
#6634 = EDGE_LOOP ( 'NONE', ( #479, #1820, #5664, #3820 ) ) ;
#6635 = EDGE_CURVE ( 'NONE', #4100, #71, #1502, .T. ) ;
#6636 = MECHANICAL_DESIGN_GEOMETRIC_PRESENTATION_REPRESENTATION (  '', ( #1634 ), #2814 ) ;
#6637 = CARTESIAN_POINT ( 'NONE',  ( -2.690000000000000391, 2.849999999999999201, -0.09999999999999996392 ) ) ;
#6638 = CARTESIAN_POINT ( 'NONE',  ( -0.7948717948717949344, 0.04102564102564103254, 0.8000000000000000444 ) ) ;
#6639 =( NAMED_UNIT ( * ) PLANE_ANGLE_UNIT ( ) SI_UNIT ( $, .RADIAN. ) );
#6640 = EDGE_LOOP ( 'NONE', ( #778, #810, #1922 ) ) ;
#6641 = ORIENTED_EDGE ( 'NONE', *, *, #6255, .T. ) ;
#6642 = DIRECTION ( 'NONE',  ( -1.164243943608595688E-16, 1.000000000000000000, 3.614007241618349264E-16 ) ) ;
#6643 = VERTEX_POINT ( 'NONE', #3069 ) ;
#6644 = LINE ( 'NONE', #4727, #5675 ) ;
#6645 = CARTESIAN_POINT ( 'NONE',  ( -3.024999999999998579, -1.043175853018396326, 0.2999999999999999889 ) ) ;
#6646 = ORIENTED_EDGE ( 'NONE', *, *, #2740, .T. ) ;
#6647 = CARTESIAN_POINT ( 'NONE',  ( -1.271206977842831432, 0.01193611755297174781, 0.8000000000000000444 ) ) ;
#6648 = EDGE_CURVE ( 'NONE', #1699, #5349, #3041, .T. ) ;
#6649 = ORIENTED_EDGE ( 'NONE', *, *, #5189, .F. ) ;
#6651 = STYLED_ITEM ( 'NONE', ( #792 ), #5206 ) ;
#6650 = CARTESIAN_POINT ( 'NONE',  ( -0.6455128205128205510, 0.09743589743589745056, 0.8000000000000000444 ) ) ;
#6652 = DIRECTION ( 'NONE',  ( -1.000000000000000000, -1.164243943608595688E-16, 0.000000000000000000 ) ) ;
#6653 = CIRCLE ( 'NONE', #5158, 0.2999999999999999889 ) ;
#6654 = DIRECTION ( 'NONE',  ( 1.000000000000000000, 1.164243943608595441E-16, -0.000000000000000000 ) ) ;
#6655 = ADVANCED_FACE ( 'NONE', ( #1909 ), #5224, .F. ) ;
#6656 = CARTESIAN_POINT ( 'NONE',  ( -0.9846153846153847811, 0.3589743589743589758, 0.6999999999999999556 ) ) ;
#6657 = CARTESIAN_POINT ( 'NONE',  ( -1.348659287304920351, 0.1997101633160560663, 0.8000000000000000444 ) ) ;
#6658 = PRODUCT_DEFINITION_SHAPE ( 'NONE', 'NONE',  #3141 ) ;
#6659 = LINE ( 'NONE', #2936, #3988 ) ;
#6660 =( NAMED_UNIT ( * ) SI_UNIT ( $, .STERADIAN. ) SOLID_ANGLE_UNIT ( ) );
#6661 = DIRECTION ( 'NONE',  ( 0.000000000000000000, 0.000000000000000000, 1.000000000000000000 ) ) ;
#6662 = ORIENTED_EDGE ( 'NONE', *, *, #3084, .F. ) ;
#6663 = SURFACE_STYLE_USAGE ( .BOTH. , #941 ) ;
#6664 = CARTESIAN_POINT ( 'NONE',  ( -0.2873572235860095136, 0.2095186269248641986, 0.7999999999999999334 ) ) ;
#6665 = AXIS2_PLACEMENT_3D ( 'NONE', #6540, #6057, #2900 ) ;
#6666 = EDGE_CURVE ( 'NONE', #5173, #1355, #848, .T. ) ;
#6667 = CARTESIAN_POINT ( 'NONE',  ( 2.390000000000000568, -3.149999999999999911, 0.6999999999999998446 ) ) ;
#6668 = CARTESIAN_POINT ( 'NONE',  ( -0.1500000000000002998, 2.850000000000000089, 0.6999999999999999556 ) ) ;
#6669 =( NAMED_UNIT ( * ) PLANE_ANGLE_UNIT ( ) SI_UNIT ( $, .RADIAN. ) );
#6670 = DIRECTION ( 'NONE',  ( 0.000000000000000000, 1.000000000000000000, 0.000000000000000000 ) ) ;
#6671 = CARTESIAN_POINT ( 'NONE',  ( -1.120432692307692601, 0.3589743589743589758, 0.8000000000000000444 ) ) ;
#6672 = DIRECTION ( 'NONE',  ( 0.000000000000000000, 0.000000000000000000, 1.000000000000000000 ) ) ;
#6673 = ORIENTED_EDGE ( 'NONE', *, *, #460, .F. ) ;
#6674 = CARTESIAN_POINT ( 'NONE',  ( -0.4009869324580014327, 0.05769752332425463065, 0.6999999999999998446 ) ) ;
#6675 = STYLED_ITEM ( 'NONE', ( #395 ), #1717 ) ;
#6676 = CARTESIAN_POINT ( 'NONE',  ( -1.240916132050739806, 0.3921220075412049089, 0.6999999999999999556 ) ) ;
#6677 = CARTESIAN_POINT ( 'NONE',  ( -1.313722261064342867, 0.3021608983636637213, 0.8000000000000000444 ) ) ;
#6678 = LINE ( 'NONE', #1258, #832 ) ;
#6679 = CARTESIAN_POINT ( 'NONE',  ( -1.366882463792045810, 0.2885712786519659678, 0.8000000000000001554 ) ) ;
#6680 = FACE_OUTER_BOUND ( 'NONE', #4418, .T. ) ;
#6681 = ADVANCED_FACE ( 'NONE', ( #1658 ), #4001, .F. ) ;
#6682 = CARTESIAN_POINT ( 'NONE',  ( -0.6455128205128205510, 0.09743589743589745056, 0.8000000000000000444 ) ) ;
#6683 = EDGE_CURVE ( 'NONE', #3478, #2739, #140, .T. ) ;
#6684 = VECTOR ( 'NONE', #4909, 1000.000000000000000 ) ;
#6685 = DIRECTION ( 'NONE',  ( -1.164243943608595441E-16, 1.000000000000000000, -5.421010862427523156E-16 ) ) ;
#6686 = VERTEX_POINT ( 'NONE', #4511 ) ;
#6687 =( NAMED_UNIT ( * ) PLANE_ANGLE_UNIT ( ) SI_UNIT ( $, .RADIAN. ) );
#6688 = CARTESIAN_POINT ( 'NONE',  ( 2.390000000000000568, -3.149999999999999911, 0.2000000000000003997 ) ) ;
#6689 = SURFACE_SIDE_STYLE ('',( #4479 ) ) ;
#6690 = LINE ( 'NONE', #5135, #1738 ) ;
#6691 = LINE ( 'NONE', #6098, #3784 ) ;
#6692 = ORIENTED_EDGE ( 'NONE', *, *, #2945, .T. ) ;
#6693 = DIRECTION ( 'NONE',  ( -1.164243943608595688E-16, 1.000000000000000000, 4.336808689942017736E-16 ) ) ;
#6694 = CARTESIAN_POINT ( 'NONE',  ( -0.4009869324580014327, 0.05769752332425463065, 0.8000000000000000444 ) ) ;
#6695 = LINE ( 'NONE', #4213, #782 ) ;
#6696 = CARTESIAN_POINT ( 'NONE',  ( -1.120432692307692601, 0.3589743589743589758, 0.8000000000000000444 ) ) ;
#6697 = AXIS2_PLACEMENT_3D ( 'NONE', #3689, #2680, #3740 ) ;
#6698 = VERTEX_POINT ( 'NONE', #5624 ) ;
#6699 = PRESENTATION_LAYER_ASSIGNMENT (  '', '', ( #4961 ) ) ;
#6700 = PRESENTATION_STYLE_ASSIGNMENT (( #5655 ) ) ;
#6701 = VERTEX_POINT ( 'NONE', #929 ) ;
#6702 = DIRECTION ( 'NONE',  ( 1.000000000000000000, 1.164243943608595441E-16, -0.000000000000000000 ) ) ;
#6703 = COLOUR_RGB ( '',0.7960784313725489669, 0.8235294117647058432, 0.9372549019607843146 ) ;
#6704 = DIRECTION ( 'NONE',  ( 1.000000000000000000, -0.000000000000000000, -0.000000000000000000 ) ) ;
#6705 = LINE ( 'NONE', #5532, #1673 ) ;
#6706 = UNCERTAINTY_MEASURE_WITH_UNIT (LENGTH_MEASURE( 1.000000000000000082E-05 ), #1481, 'distance_accuracy_value', 'NONE');
#6707 = CARTESIAN_POINT ( 'NONE',  ( -0.3640755363678860879, 0.3644937594902960543, 0.6999999999999997335 ) ) ;
#6708 = EDGE_CURVE ( 'NONE', #1521, #759, #6690, .T. ) ;
#6709 = DIRECTION ( 'NONE',  ( -1.000000000000000000, -1.164243943608595688E-16, 0.000000000000000000 ) ) ;
#6710 = VERTEX_POINT ( 'NONE', #447 ) ;
#6711 = VECTOR ( 'NONE', #4794, 1000.000000000000000 ) ;
ENDSEC;
END-ISO-10303-21;
